aircraft_id,month,flight_hours,sorties,flight_cycles,avg_sortie_duration_hours,high_stress_sorties,days_available,days_unavailable
AC001,2024-01,6.64,4,4,1.67,1,31,0
AC001,2024-02,6.95,4,4,1.91,1,29,0
AC001,2024-03,19.31,7,7,2.64,1,31,0
AC001,2024-04,13.4,4,4,2.9,1,30,0
AC001,2024-05,42.0,17,19,2.38,4,31,0
AC001,2024-06,19.92,10,11,2.21,2,30,0
AC001,2024-07,25.82,11,11,2.49,2,30,1
AC001,2024-08,37.69,18,19,2.28,4,31,0
AC001,2024-09,11.69,5,5,2.42,1,29,1
AC001,2024-10,12.37,7,7,1.76,1,30,1
AC001,2024-11,23.81,8,9,3.0,2,30,0
AC001,2024-12,8.65,5,5,2.02,1,31,0
AC001,2025-01,17.46,9,9,1.97,2,31,0
AC001,2025-02,6.61,4,4,1.73,1,27,1
AC001,2025-03,28.85,11,13,2.65,2,31,0
AC001,2025-04,23.58,10,11,2.53,1,30,0
AC001,2025-05,21.22,8,9,2.48,2,31,0
AC001,2025-06,26.78,13,14,2.23,3,30,0
AC001,2025-07,19.15,7,7,2.6,1,31,0
AC001,2025-08,28.42,10,11,2.76,1,31,0
AC001,2025-09,25.9,11,12,2.29,2,30,0
AC001,2025-10,13.14,6,6,1.95,1,31,0
AC001,2025-11,32.39,14,16,2.31,2,30,0
AC001,2025-12,30.01,15,17,2.03,3,31,0
AC001,2026-01,21.53,8,9,2.82,2,31,0
AC001,2026-02,13.75,7,8,1.78,1,27,1
AC001,2026-03,35.59,14,14,2.83,3,31,0
AC001,2026-04,12.61,5,5,2.73,1,30,0
AC001,2026-05,11.65,8,8,1.56,1,31,0
AC001,2026-06,18.03,8,9,2.08,2,30,0
AC001,2026-07,33.89,16,17,2.18,2,31,0
AC001,2026-08,22.23,10,10,2.24,1,31,0
AC001,2026-09,27.0,13,14,2.32,3,30,0
AC002,2024-01,7.66,4,4,1.7,1,31,0
AC002,2024-02,8.63,4,4,2.24,1,28,1
AC002,2024-03,22.47,10,10,2.46,2,31,0
AC002,2024-04,29.31,12,12,2.38,2,30,0
AC002,2024-05,22.95,9,10,2.63,2,31,0
AC002,2024-06,8.16,4,4,2.27,1,30,0
AC002,2024-07,23.12,8,8,2.72,1,31,0
AC002,2024-08,13.8,6,6,2.09,1,31,0
AC002,2024-09,10.57,4,4,2.58,1,30,0
AC002,2024-10,11.31,5,5,2.1,1,31,0
AC002,2024-11,15.72,7,7,2.32,1,30,0
AC002,2024-12,24.5,11,12,1.98,1,31,0
AC002,2025-01,9.87,6,7,1.42,1,31,0
AC002,2025-02,8.23,4,4,1.98,1,28,0
AC002,2025-03,29.06,11,12,2.56,2,31,0
AC002,2025-04,27.22,11,12,2.21,2,30,0
AC002,2025-05,22.69,14,14,1.81,1,31,0
AC002,2025-06,9.74,4,4,2.33,1,30,0
AC002,2025-07,14.41,6,7,2.63,1,31,0
AC002,2025-08,11.86,7,7,1.94,1,31,0
AC002,2025-09,8.83,5,5,1.68,1,27,3
AC002,2025-10,20.97,12,12,1.85,2,31,0
AC002,2025-11,18.0,9,9,2.0,2,30,0
AC002,2025-12,8.15,5,5,1.86,1,31,0
AC002,2026-01,16.83,8,8,2.36,2,30,1
AC002,2026-02,7.41,5,5,1.44,1,28,0
AC002,2026-03,28.41,11,11,2.63,2,30,1
AC002,2026-04,44.9,15,17,2.59,2,30,0
AC002,2026-05,12.84,8,8,1.74,2,30,1
AC002,2026-06,19.86,8,8,2.05,2,30,0
AC002,2026-07,29.31,12,13,2.72,1,31,0
AC002,2026-08,23.12,10,10,2.29,2,31,0
AC002,2026-09,27.19,8,8,2.83,2,29,1
AC003,2024-01,12.62,7,8,2.0,1,31,0
AC003,2024-02,5.76,5,5,1.25,1,29,0
AC003,2024-03,9.98,4,4,2.52,1,31,0
AC003,2024-04,29.88,12,12,2.91,3,30,0
AC003,2024-05,18.26,11,12,1.56,2,29,2
AC003,2024-06,25.92,11,11,2.2,1,28,2
AC003,2024-07,23.24,9,10,2.45,1,31,0
AC003,2024-08,34.93,12,13,2.84,3,31,0
AC003,2024-09,19.82,9,9,2.18,2,30,0
AC003,2024-10,19.68,12,12,1.68,1,31,0
AC003,2024-11,46.03,19,20,2.66,4,29,1
AC003,2024-12,18.99,12,13,1.72,3,31,0
AC003,2025-01,16.29,10,10,1.75,2,30,1
AC003,2025-02,14.62,8,9,1.76,2,27,1
AC003,2025-03,31.89,13,14,2.85,3,31,0
AC003,2025-04,30.27,12,12,2.68,1,30,0
AC003,2025-05,16.6,8,9,2.17,1,31,0
AC003,2025-06,33.45,16,17,1.81,4,30,0
AC003,2025-07,44.16,19,20,2.3,2,31,0
AC003,2025-08,58.29,22,23,2.73,5,31,0
AC003,2025-09,18.74,10,10,2.09,2,30,0
AC003,2025-10,26.14,11,12,2.44,2,31,0
AC003,2025-11,9.89,4,4,2.46,1,30,0
AC003,2025-12,28.56,16,17,1.68,4,30,1
AC003,2026-01,16.8,9,10,1.99,1,31,0
AC003,2026-02,23.75,12,12,2.1,2,28,0
AC003,2026-03,48.49,19,21,2.72,3,31,0
AC003,2026-04,13.92,7,7,2.11,1,30,0
AC003,2026-05,9.88,6,6,1.89,1,30,1
AC003,2026-06,14.02,7,7,2.03,1,30,0
AC003,2026-07,37.67,12,14,2.83,2,30,1
AC003,2026-08,26.85,11,11,2.15,1,31,0
AC003,2026-09,40.64,15,15,2.6,1,30,0
AC004,2024-01,10.63,6,6,2.14,1,30,1
AC004,2024-02,9.32,4,4,2.17,1,29,0
AC004,2024-03,29.38,9,9,2.97,2,31,0
AC004,2024-04,17.48,6,6,2.63,1,30,0
AC004,2024-05,10.89,6,7,2.2,1,31,0
AC004,2024-06,8.24,4,5,2.05,1,29,1
AC004,2024-07,8.86,4,4,2.25,1,30,1
AC004,2024-08,32.6,10,10,2.98,2,30,1
AC004,2024-09,34.44,13,13,2.66,3,29,1
AC004,2024-10,23.42,10,10,2.41,1,31,0
AC004,2024-11,21.92,8,9,2.5,1,29,1
AC004,2024-12,13.01,6,6,2.19,1,31,0
AC004,2025-01,15.2,7,7,2.0,1,31,0
AC004,2025-02,8.72,4,4,2.18,1,28,0
AC004,2025-03,10.72,4,4,2.69,1,31,0
AC004,2025-04,28.15,9,10,2.99,2,30,0
AC004,2025-05,9.63,4,4,2.26,1,30,1
AC004,2025-06,7.69,4,4,1.65,1,30,0
AC004,2025-07,23.33,9,10,2.66,2,31,0
AC004,2025-08,34.69,13,14,2.88,3,31,0
AC004,2025-09,31.52,12,13,2.35,2,30,0
AC004,2025-10,13.63,5,5,2.75,1,30,1
AC004,2025-11,17.91,7,7,2.24,1,30,0
AC004,2025-12,19.76,9,9,2.25,2,31,0
AC004,2026-01,9.91,4,4,2.7,1,30,1
AC004,2026-02,5.99,4,4,1.55,1,28,0
AC004,2026-03,22.15,8,8,2.56,1,31,0
AC004,2026-04,24.48,10,11,2.29,2,30,0
AC004,2026-05,14.62,6,6,2.24,1,31,0
AC004,2026-06,16.87,9,11,1.91,2,30,0
AC004,2026-07,12.75,6,6,2.42,1,31,0
AC004,2026-08,48.7,14,15,3.33,3,31,0
AC004,2026-09,14.01,7,8,2.09,1,30,0
AC005,2024-01,10.41,7,7,1.57,1,31,0
AC005,2024-02,13.51,6,7,1.94,1,29,0
AC005,2024-03,54.0,18,19,2.98,4,31,0
AC005,2024-04,31.68,11,12,2.92,2,30,0
AC005,2024-05,19.68,12,12,1.62,2,31,0
AC005,2024-06,35.6,15,16,2.35,3,30,0
AC005,2024-07,11.95,5,6,2.56,1,31,0
AC005,2024-08,40.93,18,19,2.18,4,31,0
AC005,2024-09,14.7,6,6,2.6,1,30,0
AC005,2024-10,24.74,11,12,2.1,2,31,0
AC005,2024-11,31.43,11,11,2.85,2,30,0
AC005,2024-12,7.37,5,5,1.8,1,31,0
AC005,2025-01,15.48,6,7,2.59,1,30,1
AC005,2025-02,24.98,10,11,2.45,2,28,0
AC005,2025-03,19.55,7,8,2.87,1,31,0
AC005,2025-04,21.19,8,9,2.43,2,30,0
AC005,2025-05,33.11,13,13,2.57,3,31,0
AC005,2025-06,17.79,10,11,1.91,2,30,0
AC005,2025-07,43.21,13,14,3.28,3,31,0
AC005,2025-08,45.95,15,15,2.77,3,31,0
AC005,2025-09,17.31,6,6,2.61,1,30,0
AC005,2025-10,14.89,6,6,2.34,1,29,2
AC005,2025-11,17.96,8,8,2.27,1,30,0
AC005,2025-12,12.68,8,9,1.73,2,31,0
AC005,2026-01,8.83,4,5,2.23,1,31,0
AC005,2026-02,8.2,4,4,1.96,1,28,0
AC005,2026-03,20.64,10,10,2.33,2,30,1
AC005,2026-04,21.54,9,9,2.38,2,30,0
AC005,2026-05,16.74,7,7,2.5,1,31,0
AC005,2026-06,20.56,9,9,2.17,2,30,0
AC005,2026-07,33.31,13,15,2.81,2,30,1
AC005,2026-08,25.43,9,9,3.03,2,31,0
AC005,2026-09,10.43,5,6,2.23,1,29,1
AC006,2024-01,29.91,14,15,1.86,3,31,0
AC006,2024-02,21.51,11,11,1.91,2,29,0
AC006,2024-03,34.65,12,13,2.78,1,31,0
AC006,2024-04,48.03,23,25,2.14,5,30,0
AC006,2024-05,20.65,11,11,2.18,2,30,1
AC006,2024-06,20.59,9,10,2.21,2,30,0
AC006,2024-07,25.24,12,13,2.52,2,31,0
AC006,2024-08,35.05,19,20,2.08,3,31,0
AC006,2024-09,28.56,12,13,2.3,2,29,1
AC006,2024-10,25.61,11,12,2.5,1,29,2
AC006,2024-11,67.53,22,24,2.69,5,30,0
AC006,2024-12,10.11,5,5,1.86,1,30,1
AC006,2025-01,25.16,14,15,1.78,3,29,2
AC006,2025-02,22.53,13,14,1.97,3,28,0
AC006,2025-03,45.03,19,19,2.65,1,31,0
AC006,2025-04,52.52,19,21,2.53,3,29,1
AC006,2025-05,49.68,18,20,2.49,4,30,1
AC006,2025-06,25.42,10,11,2.27,2,30,0
AC006,2025-07,43.74,17,18,2.48,3,31,0
AC006,2025-08,35.3,14,15,2.52,2,28,3
AC006,2025-09,35.02,19,22,1.86,3,30,0
AC006,2025-10,25.29,12,13,2.08,2,29,2
AC006,2025-11,36.83,18,20,2.25,1,30,0
AC006,2025-12,13.94,8,8,1.93,2,31,0
AC006,2026-01,22.82,11,11,2.09,1,31,0
AC006,2026-02,16.07,8,9,1.96,1,28,0
AC006,2026-03,61.28,20,21,2.51,2,30,1
AC006,2026-04,32.64,13,15,2.86,3,30,0
AC006,2026-05,19.29,11,12,1.64,2,31,0
AC006,2026-06,42.15,15,15,2.8,3,30,0
AC006,2026-07,41.03,15,16,2.46,1,31,0
AC006,2026-08,40.48,15,16,2.42,3,30,1
AC006,2026-09,28.71,14,15,2.05,3,30,0
AC007,2024-01,6.27,5,6,1.4,1,31,0
AC007,2024-02,11.31,9,10,1.4,1,29,0
AC007,2024-03,10.78,4,4,2.57,1,30,1
AC007,2024-04,11.29,4,4,2.76,1,30,0
AC007,2024-05,18.53,8,8,2.05,2,31,0
AC007,2024-06,16.64,7,7,2.42,1,30,0
AC007,2024-07,17.65,8,9,2.13,2,31,0
AC007,2024-08,11.19,4,4,3.08,1,31,0
AC007,2024-09,14.68,7,7,2.23,1,30,0
AC007,2024-10,10.35,5,5,2.19,1,31,0
AC007,2024-11,15.54,6,6,2.18,1,29,1
AC007,2024-12,9.86,4,4,2.45,1,31,0
AC007,2025-01,7.67,4,4,1.98,1,31,0
AC007,2025-02,7.31,4,4,1.98,1,28,0
AC007,2025-03,11.27,4,4,2.99,1,31,0
AC007,2025-04,7.68,4,5,2.14,1,30,0
AC007,2025-05,6.67,4,5,1.88,1,31,0
AC007,2025-06,7.86,4,4,1.86,1,30,0
AC007,2025-07,30.21,11,12,2.6,2,31,0
AC007,2025-08,7.29,4,4,1.94,1,31,0
AC007,2025-09,14.6,6,7,2.39,1,30,0
AC007,2025-10,7.81,4,4,2.14,1,31,0
AC007,2025-11,9.11,4,4,2.4,1,30,0
AC007,2025-12,12.04,5,5,2.1,1,31,0
AC007,2026-01,12.42,8,9,1.61,2,31,0
AC007,2026-02,7.02,4,4,1.97,1,28,0
AC007,2026-03,13.43,5,5,2.51,1,31,0
AC007,2026-04,15.26,6,7,2.58,1,30,0
AC007,2026-05,20.8,10,10,2.21,2,30,1
AC007,2026-06,8.88,4,4,2.09,1,30,0
AC007,2026-07,8.77,4,4,2.33,1,31,0
AC007,2026-08,12.69,6,7,2.22,1,31,0
AC007,2026-09,22.74,8,8,2.76,1,29,1
AC008,2024-01,36.69,17,17,2.1,2,31,0
AC008,2024-02,13.0,7,7,1.68,1,29,0
AC008,2024-03,14.4,5,5,2.96,1,31,0
AC008,2024-04,60.86,20,23,3.14,5,30,0
AC008,2024-05,20.22,9,10,2.26,2,31,0
AC008,2024-06,14.13,7,7,2.34,1,30,0
AC008,2024-07,13.49,6,6,2.34,1,31,0
AC008,2024-08,36.04,14,15,2.42,2,31,0
AC008,2024-09,21.88,9,9,2.34,2,29,1
AC008,2024-10,16.39,7,8,2.33,1,31,0
AC008,2024-11,34.73,17,17,2.02,3,30,0
AC008,2024-12,25.33,11,11,2.2,2,31,0
AC008,2025-01,14.17,10,10,1.54,2,31,0
AC008,2025-02,10.09,7,7,1.51,1,28,0
AC008,2025-03,20.47,8,8,2.42,2,31,0
AC008,2025-04,30.17,13,14,2.27,3,30,0
AC008,2025-05,15.99,7,7,2.15,1,31,0
AC008,2025-06,21.72,13,13,1.77,3,30,0
AC008,2025-07,15.44,5,6,2.65,1,31,0
AC008,2025-08,14.79,5,5,2.96,1,31,0
AC008,2025-09,16.4,6,6,2.62,1,28,2
AC008,2025-10,32.86,13,13,2.48,3,31,0
AC008,2025-11,19.83,10,10,2.06,2,29,1
AC008,2025-12,23.24,10,11,2.18,2,31,0
AC008,2026-01,15.62,7,7,2.52,1,31,0
AC008,2026-02,19.41,9,9,2.28,2,27,1
AC008,2026-03,29.31,11,11,2.53,2,31,0
AC008,2026-04,53.21,18,19,2.59,4,30,0
AC008,2026-05,30.47,11,12,2.45,2,31,0
AC008,2026-06,16.65,8,8,1.88,1,30,0
AC008,2026-07,25.49,8,8,3.09,2,31,0
AC008,2026-08,23.61,10,11,2.52,2,30,1
AC008,2026-09,23.57,11,12,2.3,2,30,0
AC009,2024-01,22.9,10,11,2.06,2,31,0
AC009,2024-02,5.65,4,4,1.59,1,29,0
AC009,2024-03,12.75,6,7,2.08,1,31,0
AC009,2024-04,13.39,8,8,1.8,1,30,0
AC009,2024-05,18.4,7,7,2.46,1,31,0
AC009,2024-06,12.21,6,6,1.76,1,30,0
AC009,2024-07,23.88,8,8,2.9,2,31,0
AC009,2024-08,24.84,11,11,2.56,2,28,3
AC009,2024-09,25.06,10,10,2.32,1,30,0
AC009,2024-10,12.87,7,7,1.91,1,30,1
AC009,2024-11,19.08,8,9,2.17,2,29,1
AC009,2024-12,8.62,4,4,1.83,1,31,0
AC009,2025-01,6.92,4,4,1.72,1,30,1
AC009,2025-02,8.97,4,4,2.15,1,28,0
AC009,2025-03,21.81,8,9,2.6,2,31,0
AC009,2025-04,12.44,5,5,2.39,1,30,0
AC009,2025-05,7.74,4,4,1.77,1,30,1
AC009,2025-06,13.96,7,7,2.04,1,30,0
AC009,2025-07,22.12,9,10,2.34,1,31,0
AC009,2025-08,28.27,12,12,2.02,3,30,1
AC009,2025-09,13.06,6,6,2.34,1,30,0
AC009,2025-10,14.33,6,6,2.32,1,31,0
AC009,2025-11,26.64,10,10,2.46,2,30,0
AC009,2025-12,7.88,5,6,1.58,1,31,0
AC009,2026-01,7.09,4,4,1.66,1,31,0
AC009,2026-02,14.97,7,7,2.0,1,28,0
AC009,2026-03,22.21,8,9,2.55,1,30,1
AC009,2026-04,9.83,4,4,2.51,1,30,0
AC009,2026-05,12.49,6,7,2.17,1,31,0
AC009,2026-06,11.9,7,7,2.14,1,29,1
AC009,2026-07,36.78,12,12,3.02,3,30,1
AC009,2026-08,22.51,9,11,2.51,1,30,1
AC009,2026-09,13.09,5,5,2.6,1,30,0
AC010,2024-01,11.1,5,5,2.09,1,30,1
AC010,2024-02,13.66,7,7,1.9,1,28,1
AC010,2024-03,35.21,9,10,3.6,1,30,1
AC010,2024-04,20.67,9,9,2.59,2,29,1
AC010,2024-05,14.26,7,8,1.89,1,31,0
AC010,2024-06,14.73,6,6,2.38,1,30,0
AC010,2024-07,21.26,7,8,2.86,1,31,0
AC010,2024-08,11.27,4,4,2.69,1,31,0
AC010,2024-09,13.07,6,6,2.3,1,30,0
AC010,2024-10,8.85,4,4,2.58,1,31,0
AC010,2024-11,16.33,7,7,2.45,1,30,0
AC010,2024-12,9.47,6,7,1.61,1,31,0
AC010,2025-01,20.48,10,11,2.32,1,31,0
AC010,2025-02,9.57,6,6,1.62,1,28,0
AC010,2025-03,17.44,7,7,2.3,1,30,1
AC010,2025-04,32.03,14,15,2.07,3,30,0
AC010,2025-05,14.86,7,7,2.08,1,31,0
AC010,2025-06,11.62,6,6,1.98,1,30,0
AC010,2025-07,12.98,6,6,2.25,1,31,0
AC010,2025-08,25.72,11,12,2.41,2,31,0
AC010,2025-09,8.99,4,4,2.25,1,30,0
AC010,2025-10,22.36,10,11,2.42,2,30,1
AC010,2025-11,23.38,8,8,2.63,2,29,1
AC010,2025-12,15.74,9,9,1.73,2,30,1
AC010,2026-01,26.59,13,14,2.01,3,31,0
AC010,2026-02,9.51,5,5,2.18,1,27,1
AC010,2026-03,18.95,7,7,2.8,1,31,0
AC010,2026-04,27.56,10,11,2.67,2,29,1
AC010,2026-05,10.73,6,6,2.04,1,31,0
AC010,2026-06,12.26,6,7,2.09,1,30,0
AC010,2026-07,14.7,5,5,2.84,1,31,0
AC010,2026-08,11.83,4,4,2.85,1,29,2
AC010,2026-09,11.36,5,5,2.33,1,30,0
AC011,2024-01,22.88,10,10,2.13,1,31,0
AC011,2024-02,23.66,12,12,1.92,3,28,1
AC011,2024-03,47.21,18,20,2.59,3,31,0
AC011,2024-04,26.28,11,11,2.44,1,30,0
AC011,2024-05,17.76,7,7,2.53,1,31,0
AC011,2024-06,16.52,9,10,2.05,2,30,0
AC011,2024-07,39.23,14,15,2.68,3,31,0
AC011,2024-08,40.62,16,16,2.58,2,31,0
AC011,2024-09,26.65,13,13,2.08,3,30,0
AC011,2024-10,35.04,12,13,2.75,3,31,0
AC011,2024-11,54.02,20,23,2.47,5,30,0
AC011,2024-12,9.92,6,7,1.74,1,31,0
AC011,2025-01,44.19,16,17,2.57,4,30,1
AC011,2025-02,23.3,12,13,1.99,3,28,0
AC011,2025-03,59.01,21,22,2.68,5,31,0
AC011,2025-04,37.45,12,12,3.44,1,30,0
AC011,2025-05,32.75,17,17,2.19,1,31,0
AC011,2025-06,11.18,7,7,1.51,1,30,0
AC011,2025-07,36.06,15,16,2.12,3,31,0
AC011,2025-08,39.47,16,18,2.48,3,31,0
AC011,2025-09,21.89,9,9,2.3,2,30,0
AC011,2025-10,12.8,6,6,2.38,1,31,0
AC011,2025-11,20.49,9,10,2.6,2,29,1
AC011,2025-12,33.57,14,15,2.32,1,31,0
AC011,2026-01,20.11,12,13,1.57,3,30,1
AC011,2026-02,15.29,9,10,1.82,2,27,1
AC011,2026-03,26.06,11,12,2.22,1,30,1
AC011,2026-04,40.02,16,16,2.73,1,30,0
AC011,2026-05,16.92,8,9,2.04,2,31,0
AC011,2026-06,20.53,10,11,1.98,1,29,1
AC011,2026-07,37.1,17,19,2.45,4,31,0
AC011,2026-08,22.03,8,8,2.76,2,31,0
AC011,2026-09,32.34,18,20,2.12,3,30,0
AC012,2024-01,28.88,16,17,1.67,3,30,1
AC012,2024-02,20.26,7,7,2.6,1,29,0
AC012,2024-03,38.82,23,24,1.84,5,31,0
AC012,2024-04,45.34,18,20,2.55,1,29,1
AC012,2024-05,19.9,10,11,1.97,2,30,1
AC012,2024-06,22.9,12,13,2.01,3,29,1
AC012,2024-07,31.99,11,12,2.98,2,30,1
AC012,2024-08,16.64,6,7,2.8,1,29,2
AC012,2024-09,16.81,7,8,2.18,1,29,1
AC012,2024-10,26.06,11,12,2.6,2,31,0
AC012,2024-11,21.68,9,10,2.45,2,29,1
AC012,2024-12,13.31,8,8,1.51,2,30,1
AC012,2025-01,31.5,15,16,2.36,3,31,0
AC012,2025-02,27.61,15,15,1.7,3,28,0
AC012,2025-03,25.63,12,12,2.07,3,29,2
AC012,2025-04,32.14,12,13,2.73,3,29,1
AC012,2025-05,29.61,14,16,1.94,3,31,0
AC012,2025-06,10.09,5,5,1.99,1,28,2
AC012,2025-07,60.49,17,17,3.16,3,31,0
AC012,2025-08,26.09,10,10,2.89,2,31,0
AC012,2025-09,26.69,13,13,2.25,3,30,0
AC012,2025-10,8.12,4,4,2.51,1,30,1
AC012,2025-11,12.06,4,4,2.93,1,27,3
AC012,2025-12,16.59,9,10,1.8,1,31,0
AC012,2026-01,31.06,14,14,2.2,2,31,0
AC012,2026-02,8.9,5,5,1.81,1,27,1
AC012,2026-03,31.12,12,12,2.39,1,31,0
AC012,2026-04,63.97,19,23,3.0,4,30,0
AC012,2026-05,31.4,13,14,2.38,3,31,0
AC012,2026-06,13.78,7,7,1.76,1,30,0
AC012,2026-07,47.86,19,22,2.53,4,31,0
AC012,2026-08,28.43,12,13,2.4,1,31,0
AC012,2026-09,47.9,26,29,1.95,6,29,1
AC013,2024-01,8.32,4,4,2.1,1,31,0
AC013,2024-02,21.66,10,10,2.04,1,29,0
AC013,2024-03,14.51,6,6,2.45,1,31,0
AC013,2024-04,27.11,9,10,2.85,2,30,0
AC013,2024-05,17.66,7,7,2.61,1,31,0
AC013,2024-06,23.86,9,9,2.79,2,30,0
AC013,2024-07,12.09,5,5,2.67,1,31,0
AC013,2024-08,21.92,7,8,2.78,1,31,0
AC013,2024-09,9.87,5,5,1.9,1,29,1
AC013,2024-10,35.26,15,16,2.23,2,31,0
AC013,2024-11,31.15,11,11,2.46,2,30,0
AC013,2024-12,15.12,10,10,1.7,2,31,0
AC013,2025-01,15.96,7,7,2.16,1,31,0
AC013,2025-02,7.23,4,4,1.82,1,28,0
AC013,2025-03,26.16,10,11,2.73,2,31,0
AC013,2025-04,17.67,6,6,2.53,1,30,0
AC013,2025-05,12.25,6,6,1.8,1,31,0
AC013,2025-06,11.14,6,6,1.93,1,30,0
AC013,2025-07,10.94,4,4,2.53,1,31,0
AC013,2025-08,32.4,13,15,2.36,1,31,0
AC013,2025-09,10.52,4,4,2.64,1,30,0
AC013,2025-10,37.63,12,13,2.68,3,31,0
AC013,2025-11,17.47,7,8,2.41,1,30,0
AC013,2025-12,15.38,11,12,1.53,1,31,0
AC013,2026-01,10.39,5,5,2.0,1,31,0
AC013,2026-02,5.87,4,4,1.54,1,28,0
AC013,2026-03,20.43,6,6,3.07,1,30,1
AC013,2026-04,24.96,8,9,3.23,2,30,0
AC013,2026-05,30.38,11,12,2.67,2,31,0
AC013,2026-06,13.85,6,7,2.15,1,30,0
AC013,2026-07,12.45,5,5,2.52,1,31,0
AC013,2026-08,21.31,9,9,2.6,1,31,0
AC013,2026-09,13.14,6,6,2.26,1,30,0
AC014,2024-01,7.39,4,5,1.91,1,30,1
AC014,2024-02,34.07,15,16,2.23,3,29,0
AC014,2024-03,48.62,17,17,2.82,4,31,0
AC014,2024-04,43.56,16,17,2.59,4,30,0
AC014,2024-05,12.85,7,7,1.92,1,30,1
AC014,2024-06,21.94,8,8,2.58,2,30,0
AC014,2024-07,27.04,12,12,2.16,3,31,0
AC014,2024-08,47.25,16,17,2.55,4,31,0
AC014,2024-09,29.84,13,15,2.35,3,30,0
AC014,2024-10,18.76,8,9,2.45,2,31,0
AC014,2024-11,23.22,11,12,2.19,2,29,1
AC014,2024-12,20.35,11,11,1.94,2,31,0
AC014,2025-01,13.28,8,8,1.7,1,30,1
AC014,2025-02,19.07,7,7,2.38,1,28,0
AC014,2025-03,23.41,8,9,3.01,2,31,0
AC014,2025-04,42.91,19,21,2.51,4,30,0
AC014,2025-05,32.83,12,13,2.6,3,31,0
AC014,2025-06,11.25,5,5,2.06,1,29,1
AC014,2025-07,8.55,4,4,2.13,1,30,1
AC014,2025-08,49.42,18,19,2.7,2,29,2
AC014,2025-09,15.96,8,9,2.06,1,30,0
AC014,2025-10,36.18,20,22,1.86,5,31,0
AC014,2025-11,23.4,9,9,2.51,2,30,0
AC014,2025-12,22.76,11,12,1.99,2,31,0
AC014,2026-01,12.63,7,8,1.81,1,30,1
AC014,2026-02,22.37,11,12,2.12,2,28,0
AC014,2026-03,14.61,4,4,3.56,1,31,0
AC014,2026-04,30.7,12,13,2.48,2,30,0
AC014,2026-05,14.82,7,7,2.14,1,31,0
AC014,2026-06,15.08,7,7,2.23,1,30,0
AC014,2026-07,21.85,9,10,2.53,1,31,0
AC014,2026-08,28.23,9,9,2.94,2,31,0
AC014,2026-09,26.9,12,13,2.2,3,30,0
AC015,2024-01,7.85,4,4,1.97,1,30,1
AC015,2024-02,18.66,7,8,2.62,1,29,0
AC015,2024-03,9.43,4,4,2.5,1,30,1
AC015,2024-04,19.39,7,8,2.91,1,30,0
AC015,2024-05,10.99,5,6,2.02,1,31,0
AC015,2024-06,17.51,8,8,2.39,2,29,1
AC015,2024-07,9.19,4,4,2.71,1,31,0
AC015,2024-08,12.86,5,5,2.63,1,31,0
AC015,2024-09,12.71,5,5,2.3,1,30,0
AC015,2024-10,8.9,4,4,2.27,1,31,0
AC015,2024-11,20.82,9,10,2.21,2,29,1
AC015,2024-12,5.96,4,4,1.61,1,31,0
AC015,2025-01,0.0,0,0,0.0,0,30,1
AC015,2025-02,8.98,4,5,2.32,1,28,0
AC015,2025-03,7.51,4,4,1.91,1,31,0
AC015,2025-04,29.19,13,14,2.25,2,29,1
AC015,2025-05,11.55,5,6,2.42,1,31,0
AC015,2025-06,7.95,4,4,2.05,1,30,0
AC015,2025-07,11.59,6,6,2.11,1,31,0
AC015,2025-08,14.98,7,7,2.43,1,31,0
AC015,2025-09,20.3,10,11,2.28,2,30,0
AC015,2025-10,9.49,5,5,2.26,1,31,0
AC015,2025-11,19.94,7,8,2.99,1,30,0
AC015,2025-12,7.35,4,5,1.93,1,31,0
AC015,2026-01,8.58,6,6,1.42,1,31,0
AC015,2026-02,10.8,5,5,2.43,1,28,0
AC015,2026-03,13.88,6,6,2.58,1,29,2
AC015,2026-04,16.86,6,6,2.69,1,30,0
AC015,2026-05,8.71,4,4,2.29,1,31,0
AC015,2026-06,11.6,4,4,2.38,1,30,0
AC015,2026-07,16.33,8,8,2.15,1,31,0
AC015,2026-08,17.83,8,9,2.38,2,31,0
AC015,2026-09,14.65,6,6,2.58,1,30,0
AC016,2024-01,17.76,9,10,1.9,2,30,1
AC016,2024-02,22.97,8,8,2.63,1,29,0
AC016,2024-03,29.85,14,15,2.25,3,31,0
AC016,2024-04,43.0,15,16,2.82,3,30,0
AC016,2024-05,21.01,12,12,1.68,3,31,0
AC016,2024-06,28.44,13,13,2.37,3,29,1
AC016,2024-07,22.72,9,9,2.41,1,31,0
AC016,2024-08,41.72,17,18,2.41,4,31,0
AC016,2024-09,24.2,11,12,1.98,2,29,1
AC016,2024-10,29.2,12,12,2.38,3,30,1
AC016,2024-11,41.66,15,16,2.67,3,30,0
AC016,2024-12,27.41,12,13,2.36,3,30,1
AC016,2025-01,30.76,14,14,2.11,3,30,1
AC016,2025-02,17.15,8,8,1.95,2,27,1
AC016,2025-03,33.83,16,17,2.37,4,30,1
AC016,2025-04,30.16,13,14,2.38,2,29,1
AC016,2025-05,39.38,19,21,2.05,4,30,1
AC016,2025-06,32.11,13,14,2.63,2,30,0
AC016,2025-07,31.86,14,15,2.19,3,31,0
AC016,2025-08,52.55,19,21,2.73,3,31,0
AC016,2025-09,22.12,9,10,2.52,2,30,0
AC016,2025-10,39.85,16,17,2.48,4,30,1
AC016,2025-11,13.73,5,5,2.77,1,30,0
AC016,2025-12,19.02,7,7,2.49,1,29,2
AC016,2026-01,11.1,7,7,1.74,1,28,3
AC016,2026-02,16.35,7,8,2.32,1,27,1
AC016,2026-03,34.31,14,16,2.5,3,31,0
AC016,2026-04,25.77,10,10,2.64,2,30,0
AC016,2026-05,20.77,13,14,1.6,3,31,0
AC016,2026-06,40.46,14,15,2.94,3,30,0
AC016,2026-07,23.77,8,9,2.9,1,31,0
AC016,2026-08,50.17,16,17,3.08,2,31,0
AC016,2026-09,34.41,12,12,2.62,3,30,0
AC017,2024-01,22.59,8,8,2.47,2,30,1
AC017,2024-02,19.49,9,9,2.14,2,28,1
AC017,2024-03,49.06,18,18,2.85,3,30,1
AC017,2024-04,28.34,10,11,2.69,1,30,0
AC017,2024-05,13.65,6,6,2.36,1,29,2
AC017,2024-06,22.11,10,10,2.12,2,30,0
AC017,2024-07,15.18,7,7,2.13,1,30,1
AC017,2024-08,24.15,9,9,2.44,1,31,0
AC017,2024-09,16.23,7,7,2.1,1,30,0
AC017,2024-10,16.59,8,8,1.97,2,31,0
AC017,2024-11,33.85,13,13,2.6,2,30,0
AC017,2024-12,23.26,10,11,2.32,1,31,0
AC017,2025-01,20.28,10,11,1.96,1,30,1
AC017,2025-02,13.18,5,6,2.39,1,28,0
AC017,2025-03,34.04,12,12,2.73,3,30,1
AC017,2025-04,34.66,15,16,2.18,2,30,0
AC017,2025-05,15.07,9,9,1.69,2,30,1
AC017,2025-06,26.17,9,10,2.63,1,30,0
AC017,2025-07,46.62,15,16,3.0,1,31,0
AC017,2025-08,23.05,9,10,2.98,2,31,0
AC017,2025-09,24.03,10,10,2.27,2,30,0
AC017,2025-10,28.37,10,11,2.49,2,30,1
AC017,2025-11,25.29,9,9,2.74,2,29,1
AC017,2025-12,8.81,7,7,1.54,1,31,0
AC017,2026-01,20.31,9,9,2.29,2,31,0
AC017,2026-02,22.4,12,13,1.8,1,28,0
AC017,2026-03,13.12,7,8,2.13,1,31,0
AC017,2026-04,26.96,12,13,2.31,3,30,0
AC017,2026-05,26.72,10,11,2.2,2,31,0
AC017,2026-06,23.81,12,13,1.91,2,30,0
AC017,2026-07,37.86,14,15,2.85,3,30,1
AC017,2026-08,15.86,7,7,2.32,1,31,0
AC017,2026-09,14.67,6,6,2.24,1,29,1
AC018,2024-01,11.57,5,5,2.23,1,30,1
AC018,2024-02,14.45,7,8,1.97,1,29,0
AC018,2024-03,29.7,11,12,2.65,2,30,1
AC018,2024-04,18.32,8,9,2.36,2,29,1
AC018,2024-05,34.94,16,17,2.5,4,30,1
AC018,2024-06,23.51,9,10,2.84,1,30,0
AC018,2024-07,26.63,9,9,2.92,1,31,0
AC018,2024-08,27.74,11,11,2.49,2,31,0
AC018,2024-09,19.65,8,8,2.3,1,30,0
AC018,2024-10,32.16,14,15,2.31,2,30,1
AC018,2024-11,9.13,4,5,2.63,1,29,1
AC018,2024-12,10.25,5,5,2.21,1,31,0
AC018,2025-01,6.4,4,4,1.74,1,30,1
AC018,2025-02,10.78,6,6,2.08,1,27,1
AC018,2025-03,9.27,4,4,2.29,1,30,1
AC018,2025-04,21.62,9,9,2.47,2,30,0
AC018,2025-05,19.31,9,10,2.11,2,31,0
AC018,2025-06,16.07,7,7,2.31,1,30,0
AC018,2025-07,40.07,16,16,2.38,2,31,0
AC018,2025-08,22.83,8,8,2.75,1,31,0
AC018,2025-09,19.9,10,11,2.05,2,30,0
AC018,2025-10,28.99,15,16,2.07,2,30,1
AC018,2025-11,13.35,5,6,2.99,1,30,0
AC018,2025-12,14.18,5,5,2.66,1,31,0
AC018,2026-01,5.77,4,4,1.43,1,30,1
AC018,2026-02,13.24,7,7,1.66,1,28,0
AC018,2026-03,23.87,12,14,2.02,1,31,0
AC018,2026-04,29.77,9,9,3.43,2,30,0
AC018,2026-05,15.97,7,7,2.12,1,31,0
AC018,2026-06,20.69,12,13,1.88,1,30,0
AC018,2026-07,9.6,4,5,2.41,1,31,0
AC018,2026-08,30.51,11,12,2.57,2,31,0
AC018,2026-09,27.18,11,11,2.29,2,30,0
AC019,2024-01,20.43,11,11,1.98,2,31,0
AC019,2024-02,22.43,8,9,2.46,2,29,0
AC019,2024-03,36.47,14,14,2.66,3,31,0
AC019,2024-04,39.67,12,13,2.62,2,29,1
AC019,2024-05,38.2,16,16,2.54,4,31,0
AC019,2024-06,8.33,4,4,2.02,1,30,0
AC019,2024-07,53.82,20,21,2.62,5,31,0
AC019,2024-08,26.86,10,11,2.67,1,31,0
AC019,2024-09,31.1,11,12,3.02,2,30,0
AC019,2024-10,37.64,12,12,2.87,3,31,0
AC019,2024-11,31.03,10,11,2.93,2,30,0
AC019,2024-12,18.02,9,10,1.83,2,31,0
AC019,2025-01,18.88,9,10,2.13,2,31,0
AC019,2025-02,15.2,8,8,2.2,2,28,0
AC019,2025-03,33.0,14,15,2.74,1,31,0
AC019,2025-04,28.91,10,11,2.79,2,30,0
AC019,2025-05,18.57,9,9,2.14,2,30,1
AC019,2025-06,27.38,13,15,1.98,3,29,1
AC019,2025-07,29.84,14,15,2.43,3,31,0
AC019,2025-08,55.98,26,28,1.94,3,31,0
AC019,2025-09,28.53,18,20,1.7,4,30,0
AC019,2025-10,9.16,4,4,2.41,1,31,0
AC019,2025-11,46.04,16,17,2.8,1,30,0
AC019,2025-12,9.46,5,6,1.97,1,31,0
AC019,2026-01,15.99,8,8,1.98,2,31,0
AC019,2026-02,22.46,10,11,2.33,2,28,0
AC019,2026-03,20.95,10,10,2.09,2,31,0
AC019,2026-04,39.27,12,13,3.0,1,30,0
AC019,2026-05,28.42,12,13,2.56,3,31,0
AC019,2026-06,36.57,17,17,2.03,4,30,0
AC019,2026-07,27.44,11,12,2.81,2,31,0
AC019,2026-08,47.36,22,23,2.19,5,31,0
AC019,2026-09,20.33,8,9,2.48,2,29,1
AC020,2024-01,10.11,4,4,2.13,1,31,0
AC020,2024-02,10.74,6,6,1.74,1,29,0
AC020,2024-03,9.59,5,5,2.1,1,31,0
AC020,2024-04,9.73,5,5,2.1,1,28,2
AC020,2024-05,15.61,9,10,1.79,2,31,0
AC020,2024-06,17.07,8,8,2.43,1,30,0
AC020,2024-07,16.89,6,7,2.61,1,31,0
AC020,2024-08,24.19,9,9,2.5,2,31,0
AC020,2024-09,9.16,4,4,2.3,1,30,0
AC020,2024-10,11.68,5,5,2.18,1,30,1
AC020,2024-11,16.11,8,8,1.75,2,30,0
AC020,2024-12,5.56,4,4,1.34,1,31,0
AC020,2025-01,13.99,6,6,2.28,1,31,0
AC020,2025-02,5.11,4,4,1.27,1,28,0
AC020,2025-03,16.27,7,8,2.61,1,30,1
AC020,2025-04,19.42,7,7,2.55,1,30,0
AC020,2025-05,9.76,4,4,2.49,1,31,0
AC020,2025-06,16.28,8,8,2.14,2,29,1
AC020,2025-07,18.24,8,9,2.31,2,31,0
AC020,2025-08,15.07,7,7,2.33,1,31,0
AC020,2025-09,11.51,7,7,1.75,1,30,0
AC020,2025-10,27.71,11,13,2.15,2,31,0
AC020,2025-11,29.65,13,15,2.35,3,30,0
AC020,2025-12,11.81,6,6,2.07,1,30,1
AC020,2026-01,8.33,5,5,1.78,1,30,1
AC020,2026-02,7.23,4,4,1.92,1,28,0
AC020,2026-03,28.99,10,11,2.83,2,31,0
AC020,2026-04,21.43,8,9,2.33,2,30,0
AC020,2026-05,9.76,4,4,2.83,1,31,0
AC020,2026-06,18.14,8,8,2.21,2,30,0
AC020,2026-07,24.86,9,9,2.97,1,31,0
AC020,2026-08,16.56,6,7,2.7,1,31,0
AC020,2026-09,6.21,4,4,1.62,1,30,0
AC021,2024-01,30.59,15,16,1.84,3,31,0
AC021,2024-02,23.85,15,16,1.73,3,29,0
AC021,2024-03,48.95,16,16,2.8,4,30,1
AC021,2024-04,46.56,21,24,2.55,4,30,0
AC021,2024-05,55.08,19,20,2.68,2,29,2
AC021,2024-06,24.86,12,12,2.2,3,29,1
AC021,2024-07,54.5,18,19,2.95,4,29,2
AC021,2024-08,55.07,20,21,2.69,5,31,0
AC021,2024-09,40.18,16,17,2.65,2,30,0
AC021,2024-10,54.41,21,22,2.21,5,31,0
AC021,2024-11,52.58,18,20,2.93,4,30,0
AC021,2024-12,9.48,8,9,1.25,2,30,1
AC021,2025-01,31.17,14,16,2.09,3,31,0
AC021,2025-02,15.76,15,16,1.35,3,28,0
AC021,2025-03,34.07,13,14,2.57,3,30,1
AC021,2025-04,51.84,22,25,2.6,3,30,0
AC021,2025-05,22.51,12,12,1.79,3,31,0
AC021,2025-06,57.98,24,25,2.24,3,29,1
AC021,2025-07,60.2,35,40,1.78,6,31,0
AC021,2025-08,35.99,16,16,2.42,4,31,0
AC021,2025-09,22.92,11,12,2.21,2,30,0
AC021,2025-10,33.7,12,13,2.39,3,31,0
AC021,2025-11,47.83,24,25,2.15,2,30,0
AC021,2025-12,17.51,8,8,2.34,1,31,0
AC021,2026-01,25.68,15,16,1.9,3,31,0
AC021,2026-02,52.27,19,19,2.33,4,28,0
AC021,2026-03,24.09,12,12,2.07,3,30,1
AC021,2026-04,56.23,23,23,2.55,4,30,0
AC021,2026-05,51.28,26,28,2.01,3,31,0
AC021,2026-06,45.9,21,21,2.21,3,30,0
AC021,2026-07,34.34,14,15,2.27,3,29,2
AC021,2026-08,74.77,28,31,2.59,4,31,0
AC021,2026-09,20.86,10,10,1.74,2,30,0
AC022,2024-01,8.11,4,4,1.79,1,31,0
AC022,2024-02,6.36,4,5,1.68,1,29,0
AC022,2024-03,31.85,10,11,3.19,1,31,0
AC022,2024-04,20.04,8,8,2.69,1,30,0
AC022,2024-05,8.69,4,4,2.2,1,30,1
AC022,2024-06,25.89,12,12,2.16,3,29,1
AC022,2024-07,11.32,4,4,2.59,1,31,0
AC022,2024-08,13.3,5,6,2.25,1,31,0
AC022,2024-09,9.84,4,4,2.55,1,30,0
AC022,2024-10,8.8,4,4,2.16,1,30,1
AC022,2024-11,16.6,8,8,2.22,2,29,1
AC022,2024-12,6.42,4,4,1.64,1,31,0
AC022,2025-01,16.68,7,7,2.49,1,30,1
AC022,2025-02,18.7,10,10,1.7,2,28,0
AC022,2025-03,26.58,10,10,2.72,2,31,0
AC022,2025-04,11.52,4,4,2.98,1,29,1
AC022,2025-05,13.09,5,5,2.42,1,31,0
AC022,2025-06,19.91,9,9,2.13,2,30,0
AC022,2025-07,14.16,6,6,2.45,1,31,0
AC022,2025-08,13.62,5,5,2.47,1,29,2
AC022,2025-09,20.52,8,9,2.29,2,30,0
AC022,2025-10,27.64,10,10,2.71,1,31,0
AC022,2025-11,20.42,9,9,2.53,2,30,0
AC022,2025-12,14.42,9,9,1.83,2,31,0
AC022,2026-01,9.36,5,6,1.91,1,31,0
AC022,2026-02,10.44,6,6,1.91,1,27,1
AC022,2026-03,30.9,12,12,2.38,3,31,0
AC022,2026-04,19.53,10,11,2.13,2,30,0
AC022,2026-05,14.28,6,6,2.65,1,30,1
AC022,2026-06,9.29,4,4,2.35,1,29,1
AC022,2026-07,21.09,9,10,2.46,2,31,0
AC022,2026-08,25.9,10,10,2.49,2,31,0
AC022,2026-09,20.52,9,10,2.37,2,30,0
AC023,2024-01,9.11,4,4,1.97,1,31,0
AC023,2024-02,0.0,0,0,0.0,0,29,0
AC023,2024-03,24.74,8,8,3.0,2,31,0
AC023,2024-04,29.48,11,12,2.84,2,30,0
AC023,2024-05,8.38,4,4,2.2,1,31,0
AC023,2024-06,9.31,4,4,1.9,1,29,1
AC023,2024-07,24.7,6,7,2.95,1,31,0
AC023,2024-08,10.26,4,4,2.57,1,31,0
AC023,2024-09,16.28,6,6,2.65,1,29,1
AC023,2024-10,20.62,11,12,1.77,2,31,0
AC023,2024-11,22.73,9,10,2.49,2,30,0
AC023,2024-12,7.5,4,4,1.92,1,31,0
AC023,2025-01,8.13,4,4,2.04,1,31,0
AC023,2025-02,9.17,5,5,1.74,1,28,0
AC023,2025-03,22.02,8,8,2.64,2,31,0
AC023,2025-04,19.47,8,8,2.55,2,30,0
AC023,2025-05,10.29,5,5,2.25,1,31,0
AC023,2025-06,9.0,5,5,1.9,1,30,0
AC023,2025-07,27.08,11,11,2.4,2,31,0
AC023,2025-08,22.47,9,10,2.45,2,31,0
AC023,2025-09,10.14,4,4,2.78,1,30,0
AC023,2025-10,10.7,4,4,2.57,1,31,0
AC023,2025-11,18.76,9,9,2.04,2,30,0
AC023,2025-12,13.6,6,6,2.16,1,31,0
AC023,2026-01,6.05,4,4,1.55,1,30,1
AC023,2026-02,11.82,7,7,1.72,1,28,0
AC023,2026-03,10.0,4,4,2.55,1,31,0
AC023,2026-04,24.55,10,10,2.54,2,30,0
AC023,2026-05,13.68,5,5,2.76,1,31,0
AC023,2026-06,14.43,8,9,2.01,1,30,0
AC023,2026-07,11.63,4,4,2.66,1,31,0
AC023,2026-08,9.48,4,4,2.63,1,31,0
AC023,2026-09,10.59,5,5,2.34,1,29,1
AC024,2024-01,10.85,6,6,2.09,1,31,0
AC024,2024-02,13.75,6,7,2.2,1,28,1
AC024,2024-03,13.36,5,6,2.57,1,31,0
AC024,2024-04,10.18,4,4,2.79,1,30,0
AC024,2024-05,11.65,4,5,2.43,1,31,0
AC024,2024-06,9.35,4,4,2.41,1,30,0
AC024,2024-07,21.3,8,8,2.55,1,31,0
AC024,2024-08,37.85,15,16,2.57,3,31,0
AC024,2024-09,20.7,9,9,2.38,1,30,0
AC024,2024-10,23.31,10,11,2.48,2,31,0
AC024,2024-11,6.73,4,4,1.89,1,29,1
AC024,2024-12,12.42,7,7,1.76,1,31,0
AC024,2025-01,8.49,5,5,1.68,1,31,0
AC024,2025-02,8.62,5,5,1.86,1,28,0
AC024,2025-03,10.9,4,4,2.44,1,31,0
AC024,2025-04,12.45,5,5,2.6,1,30,0
AC024,2025-05,11.82,5,5,2.12,1,31,0
AC024,2025-06,23.46,9,10,2.75,2,30,0
AC024,2025-07,34.4,15,16,2.29,2,31,0
AC024,2025-08,24.82,10,11,2.77,1,31,0
AC024,2025-09,9.51,4,4,2.46,1,30,0
AC024,2025-10,7.88,4,4,2.39,1,31,0
AC024,2025-11,17.27,6,6,2.69,1,29,1
AC024,2025-12,8.12,5,5,1.66,1,31,0
AC024,2026-01,18.56,13,14,1.64,3,31,0
AC024,2026-02,9.18,4,4,2.34,1,28,0
AC024,2026-03,24.28,10,11,2.4,1,30,1
AC024,2026-04,12.21,5,6,2.39,1,29,1
AC024,2026-05,7.93,4,4,2.14,1,31,0
AC024,2026-06,16.74,7,7,2.34,1,30,0
AC024,2026-07,17.4,7,8,2.46,1,31,0
AC024,2026-08,9.36,4,4,2.06,1,31,0
AC024,2026-09,13.13,6,7,2.16,1,30,0
AC025,2024-01,19.17,12,12,1.64,1,28,3
AC025,2024-02,15.64,8,9,1.94,1,29,0
AC025,2024-03,21.6,8,8,2.65,2,30,1
AC025,2024-04,38.89,13,14,2.79,3,30,0
AC025,2024-05,37.94,15,17,2.6,3,30,1
AC025,2024-06,29.57,11,13,2.13,1,30,0
AC025,2024-07,44.36,17,17,2.59,3,30,1
AC025,2024-08,38.22,15,15,2.43,3,31,0
AC025,2024-09,49.39,17,17,2.5,4,30,0
AC025,2024-10,21.28,11,12,1.98,2,30,1
AC025,2024-11,35.15,13,14,2.39,3,29,1
AC025,2024-12,11.54,6,6,2.2,1,31,0
AC025,2025-01,26.85,13,13,1.92,3,31,0
AC025,2025-02,16.45,12,13,1.41,3,28,0
AC025,2025-03,31.85,15,16,2.25,3,31,0
AC025,2025-04,23.6,9,10,2.28,1,30,0
AC025,2025-05,25.86,17,19,1.75,2,31,0
AC025,2025-06,11.01,7,8,1.65,1,29,1
AC025,2025-07,24.62,10,10,2.61,2,31,0
AC025,2025-08,58.16,20,23,2.48,4,31,0
AC025,2025-09,38.72,13,13,3.07,1,30,0
AC025,2025-10,18.99,8,9,2.29,2,31,0
AC025,2025-11,40.12,20,21,2.23,5,29,1
AC025,2025-12,20.2,11,12,2.13,2,30,1
AC025,2026-01,25.44,14,14,1.82,2,31,0
AC025,2026-02,33.99,15,17,2.21,3,28,0
AC025,2026-03,53.26,22,22,2.43,3,31,0
AC025,2026-04,32.53,9,10,3.19,1,30,0
AC025,2026-05,17.17,9,10,1.9,2,31,0
AC025,2026-06,38.26,19,20,2.11,3,30,0
AC025,2026-07,33.61,14,16,2.77,3,31,0
AC025,2026-08,29.75,12,12,2.36,2,31,0
AC025,2026-09,17.02,8,8,2.13,1,30,0
AC026,2024-01,5.59,4,4,1.78,1,30,1
AC026,2024-02,9.14,4,4,2.32,1,28,1
AC026,2024-03,13.64,8,9,1.93,2,31,0
AC026,2024-04,9.45,4,4,2.64,1,27,3
AC026,2024-05,8.91,4,4,2.13,1,30,1
AC026,2024-06,8.21,4,4,2.28,1,30,0
AC026,2024-07,14.51,5,5,3.19,1,31,0
AC026,2024-08,28.53,11,12,2.3,2,31,0
AC026,2024-09,9.3,4,4,2.26,1,30,0
AC026,2024-10,12.91,5,6,2.71,1,31,0
AC026,2024-11,11.92,5,5,2.23,1,30,0
AC026,2024-12,10.98,6,7,1.83,1,31,0
AC026,2025-01,9.33,6,7,1.72,1,30,1
AC026,2025-02,8.81,4,4,2.19,1,28,0
AC026,2025-03,10.21,4,4,2.34,1,31,0
AC026,2025-04,19.22,7,7,2.79,1,30,0
AC026,2025-05,14.22,8,8,1.89,1,31,0
AC026,2025-06,9.58,6,6,1.82,1,30,0
AC026,2025-07,7.66,4,4,2.05,1,31,0
AC026,2025-08,14.19,7,8,2.35,1,31,0
AC026,2025-09,10.9,6,6,1.93,1,30,0
AC026,2025-10,17.1,9,9,1.98,2,31,0
AC026,2025-11,11.73,4,4,2.39,1,30,0
AC026,2025-12,8.46,4,4,2.1,1,31,0
AC026,2026-01,6.14,4,4,1.79,1,30,1
AC026,2026-02,8.98,5,5,1.97,1,28,0
AC026,2026-03,13.4,5,5,2.82,1,31,0
AC026,2026-04,38.39,14,14,2.91,1,29,1
AC026,2026-05,8.27,4,4,2.25,1,31,0
AC026,2026-06,9.53,4,5,2.51,1,30,0
AC026,2026-07,14.66,6,6,2.44,1,31,0
AC026,2026-08,8.85,4,4,2.46,1,31,0
AC026,2026-09,28.58,10,10,2.56,2,30,0
AC027,2024-01,11.9,8,9,1.46,1,30,1
AC027,2024-02,26.75,13,15,2.05,2,29,0
AC027,2024-03,46.9,18,20,2.32,4,31,0
AC027,2024-04,46.24,18,19,2.66,4,29,1
AC027,2024-05,31.59,13,13,2.37,3,31,0
AC027,2024-06,55.02,23,24,2.36,3,30,0
AC027,2024-07,45.97,16,17,3.04,2,31,0
AC027,2024-08,30.94,16,16,1.86,4,31,0
AC027,2024-09,47.42,18,20,2.3,2,29,1
AC027,2024-10,34.71,17,19,2.11,4,30,1
AC027,2024-11,33.76,15,16,2.29,3,29,1
AC027,2024-12,34.21,17,18,1.95,3,31,0
AC027,2025-01,20.05,16,17,1.41,3,31,0
AC027,2025-02,19.37,11,11,2.05,2,28,0
AC027,2025-03,46.66,18,20,2.5,4,30,1
AC027,2025-04,49.46,15,16,2.91,3,30,0
AC027,2025-05,45.24,20,21,2.05,4,31,0
AC027,2025-06,19.33,9,10,2.28,2,30,0
AC027,2025-07,35.51,15,16,2.33,3,31,0
AC027,2025-08,42.83,18,20,2.48,2,30,1
AC027,2025-09,40.69,15,16,2.63,1,30,0
AC027,2025-10,52.53,21,23,2.27,2,31,0
AC027,2025-11,54.47,23,23,2.45,5,30,0
AC027,2025-12,16.45,10,10,1.48,2,31,0
AC027,2026-01,48.64,22,24,2.1,3,30,1
AC027,2026-02,15.45,7,7,2.02,1,28,0
AC027,2026-03,67.62,20,21,2.94,5,30,1
AC027,2026-04,54.67,20,23,2.74,3,30,0
AC027,2026-05,17.74,7,8,2.43,1,31,0
AC027,2026-06,40.59,18,21,2.38,4,30,0
AC027,2026-07,39.22,16,16,2.65,3,31,0
AC027,2026-08,35.4,21,22,2.01,5,30,1
AC027,2026-09,36.15,17,19,2.18,4,29,1
AC028,2024-01,15.12,9,9,1.69,2,31,0
AC028,2024-02,16.86,7,7,2.26,1,29,0
AC028,2024-03,26.52,11,12,2.64,1,31,0
AC028,2024-04,12.6,4,5,2.81,1,30,0
AC028,2024-05,11.0,5,5,1.99,1,31,0
AC028,2024-06,9.52,4,4,2.04,1,30,0
AC028,2024-07,14.81,5,5,2.65,1,31,0
AC028,2024-08,18.05,7,8,2.5,1,29,2
AC028,2024-09,11.63,5,5,2.46,1,30,0
AC028,2024-10,8.21,4,4,2.23,1,31,0
AC028,2024-11,17.5,6,6,2.86,1,30,0
AC028,2024-12,10.04,5,5,1.96,1,31,0
AC028,2025-01,9.01,4,4,2.25,1,31,0
AC028,2025-02,13.31,8,9,1.64,2,28,0
AC028,2025-03,10.38,4,4,2.77,1,31,0
AC028,2025-04,21.18,8,9,2.64,1,30,0
AC028,2025-05,10.24,6,6,1.91,1,31,0
AC028,2025-06,15.47,5,5,2.76,1,30,0
AC028,2025-07,26.77,10,11,2.38,2,31,0
AC028,2025-08,10.27,4,4,2.48,1,31,0
AC028,2025-09,18.44,7,7,2.55,1,30,0
AC028,2025-10,10.52,4,4,2.25,1,29,2
AC028,2025-11,14.52,6,7,2.16,1,29,1
AC028,2025-12,6.42,4,4,1.57,1,30,1
AC028,2026-01,13.21,6,7,2.1,1,30,1
AC028,2026-02,7.8,4,4,1.92,1,28,0
AC028,2026-03,19.45,7,8,2.51,1,31,0
AC028,2026-04,22.86,9,10,2.76,2,30,0
AC028,2026-05,15.04,6,6,2.57,1,31,0
AC028,2026-06,22.49,10,10,2.39,1,30,0
AC028,2026-07,26.44,11,11,2.77,1,31,0
AC028,2026-08,11.12,4,4,2.5,1,31,0
AC028,2026-09,19.32,8,8,2.3,1,30,0
AC029,2024-01,14.44,8,9,1.82,1,31,0
AC029,2024-02,6.58,4,4,1.84,1,29,0
AC029,2024-03,15.06,7,8,2.28,1,31,0
AC029,2024-04,23.64,10,11,2.61,2,30,0
AC029,2024-05,8.6,4,4,2.33,1,31,0
AC029,2024-06,6.71,4,4,1.99,1,29,1
AC029,2024-07,27.84,11,11,2.69,2,30,1
AC029,2024-08,8.6,4,4,2.13,1,31,0
AC029,2024-09,18.94,7,7,2.59,1,30,0
AC029,2024-10,9.78,4,4,2.16,1,31,0
AC029,2024-11,14.15,6,6,2.18,1,30,0
AC029,2024-12,14.85,8,8,1.84,1,31,0
AC029,2025-01,14.12,8,8,1.69,2,31,0
AC029,2025-02,9.73,4,4,2.04,1,28,0
AC029,2025-03,10.42,4,4,2.8,1,30,1
AC029,2025-04,14.67,5,5,2.71,1,29,1
AC029,2025-05,18.48,8,9,2.19,2,31,0
AC029,2025-06,13.75,8,8,1.88,2,30,0
AC029,2025-07,25.15,10,11,2.72,2,31,0
AC029,2025-08,22.08,9,10,2.48,1,30,1
AC029,2025-09,18.49,8,8,2.05,1,30,0
AC029,2025-10,8.58,4,4,2.18,1,31,0
AC029,2025-11,25.9,11,11,2.54,2,29,1
AC029,2025-12,8.38,4,4,1.96,1,31,0
AC029,2026-01,13.43,7,7,1.95,1,31,0
AC029,2026-02,8.84,5,5,1.84,1,28,0
AC029,2026-03,19.39,7,7,2.77,1,31,0
AC029,2026-04,21.64,7,8,3.29,1,29,1
AC029,2026-05,7.27,4,4,1.98,1,31,0
AC029,2026-06,7.09,4,4,2.0,1,30,0
AC029,2026-07,8.84,4,4,2.32,1,31,0
AC029,2026-08,34.75,11,12,3.23,2,31,0
AC029,2026-09,15.68,7,7,2.27,1,30,0
AC030,2024-01,30.03,20,20,1.41,3,31,0
AC030,2024-02,17.92,9,10,1.86,1,29,0
AC030,2024-03,43.91,18,18,2.49,4,31,0
AC030,2024-04,50.6,21,22,2.6,3,29,1
AC030,2024-05,52.57,25,25,2.06,6,31,0
AC030,2024-06,32.76,15,16,2.1,3,30,0
AC030,2024-07,23.94,13,13,2.27,2,30,1
AC030,2024-08,39.86,16,16,2.36,3,31,0
AC030,2024-09,23.89,9,9,2.84,1,29,1
AC030,2024-10,53.23,24,25,2.47,6,31,0
AC030,2024-11,63.5,19,19,2.88,4,30,0
AC030,2024-12,23.15,10,11,2.18,2,31,0
AC030,2025-01,16.64,8,9,2.47,2,31,0
AC030,2025-02,13.13,10,11,1.38,1,27,1
AC030,2025-03,67.92,25,28,2.63,4,31,0
AC030,2025-04,55.7,18,18,2.93,4,29,1
AC030,2025-05,51.03,25,29,2.11,4,31,0
AC030,2025-06,46.88,20,21,2.65,2,30,0
AC030,2025-07,16.91,8,9,2.33,2,31,0
AC030,2025-08,33.89,12,12,3.02,3,31,0
AC030,2025-09,37.04,17,18,2.45,1,30,0
AC030,2025-10,57.7,20,20,2.64,5,31,0
AC030,2025-11,20.88,9,9,2.33,1,30,0
AC030,2025-12,46.32,21,22,2.16,5,31,0
AC030,2026-01,14.59,10,11,1.68,2,31,0
AC030,2026-02,23.68,15,15,1.91,3,28,0
AC030,2026-03,47.6,16,16,3.03,3,31,0
AC030,2026-04,42.77,16,16,3.11,4,29,1
AC030,2026-05,34.33,14,15,2.02,2,31,0
AC030,2026-06,21.35,10,11,2.29,2,30,0
AC030,2026-07,48.88,16,16,3.06,4,31,0
AC030,2026-08,59.8,19,19,2.8,4,31,0
AC030,2026-09,37.2,18,19,2.1,3,29,1
AC031,2024-01,13.47,7,8,2.33,1,31,0
AC031,2024-02,9.31,5,5,1.92,1,28,1
AC031,2024-03,11.14,4,4,2.79,1,31,0
AC031,2024-04,18.38,7,7,2.51,1,30,0
AC031,2024-05,0.0,0,0,0.0,0,29,2
AC031,2024-06,6.69,5,6,1.46,1,28,2
AC031,2024-07,18.0,9,9,2.37,2,31,0
AC031,2024-08,19.08,7,7,2.76,1,31,0
AC031,2024-09,11.87,4,4,2.68,1,28,2
AC031,2024-10,7.55,4,5,2.21,1,31,0
AC031,2024-11,10.9,5,5,2.18,1,29,1
AC031,2024-12,6.79,4,5,1.66,1,31,0
AC031,2025-01,8.21,4,4,1.92,1,31,0
AC031,2025-02,9.84,4,4,2.48,1,28,0
AC031,2025-03,15.43,7,8,2.25,1,31,0
AC031,2025-04,14.07,5,5,2.85,1,28,2
AC031,2025-05,11.08,5,6,2.1,1,29,2
AC031,2025-06,11.79,7,7,1.7,1,30,0
AC031,2025-07,17.66,7,7,2.93,1,31,0
AC031,2025-08,13.77,7,7,2.07,1,31,0
AC031,2025-09,8.52,4,4,2.39,1,30,0
AC031,2025-10,19.88,8,9,2.55,2,31,0
AC031,2025-11,17.34,6,7,2.79,1,30,0
AC031,2025-12,14.61,7,7,1.76,1,31,0
AC031,2026-01,10.56,5,6,1.99,1,31,0
AC031,2026-02,15.57,7,8,2.24,1,28,0
AC031,2026-03,13.33,5,6,2.71,1,30,1
AC031,2026-04,25.03,9,9,2.9,2,29,1
AC031,2026-05,9.46,4,4,2.54,1,31,0
AC031,2026-06,10.51,5,5,1.99,1,30,0
AC031,2026-07,21.64,10,10,2.38,2,31,0
AC031,2026-08,13.89,6,7,2.37,1,31,0
AC031,2026-09,13.51,6,7,2.06,1,30,0
AC032,2024-01,9.67,9,9,1.15,1,31,0
AC032,2024-02,32.98,15,15,2.28,3,29,0
AC032,2024-03,41.31,17,17,2.33,3,31,0
AC032,2024-04,30.54,14,15,2.35,3,30,0
AC032,2024-05,6.61,4,4,1.65,1,30,1
AC032,2024-06,28.62,13,13,2.16,2,30,0
AC032,2024-07,34.73,11,13,2.97,2,31,0
AC032,2024-08,35.22,13,15,2.74,3,30,1
AC032,2024-09,38.9,15,17,2.69,3,30,0
AC032,2024-10,33.0,14,14,2.32,3,31,0
AC032,2024-11,29.43,14,14,2.13,3,30,0
AC032,2024-12,14.47,11,12,1.24,2,31,0
AC032,2025-01,15.77,9,9,1.78,2,31,0
AC032,2025-02,18.96,10,10,1.9,2,28,0
AC032,2025-03,31.24,13,14,2.29,3,31,0
AC032,2025-04,38.11,13,13,2.55,3,30,0
AC032,2025-05,26.39,11,12,2.46,2,31,0
AC032,2025-06,16.82,10,10,1.53,2,30,0
AC032,2025-07,18.01,7,7,2.52,1,30,1
AC032,2025-08,30.1,11,12,2.55,2,31,0
AC032,2025-09,33.95,12,13,2.34,3,30,0
AC032,2025-10,47.73,25,26,1.83,6,31,0
AC032,2025-11,35.17,12,13,2.58,3,30,0
AC032,2025-12,27.67,11,12,2.26,2,31,0
AC032,2026-01,28.38,15,16,1.77,3,31,0
AC032,2026-02,15.15,7,7,1.99,1,27,1
AC032,2026-03,60.52,21,23,2.72,2,31,0
AC032,2026-04,27.32,12,12,2.76,3,30,0
AC032,2026-05,14.82,9,9,1.76,2,31,0
AC032,2026-06,41.26,18,18,2.76,4,30,0
AC032,2026-07,29.55,16,16,2.06,4,31,0
AC032,2026-08,21.47,8,9,2.5,1,31,0
AC032,2026-09,13.42,6,7,2.29,1,30,0
AC033,2024-01,26.63,15,16,2.02,3,30,1
AC033,2024-02,12.93,6,6,2.23,1,29,0
AC033,2024-03,33.1,11,11,2.42,2,30,1
AC033,2024-04,18.93,7,8,2.96,1,30,0
AC033,2024-05,53.84,22,26,2.26,5,31,0
AC033,2024-06,14.52,6,6,2.06,1,30,0
AC033,2024-07,40.21,14,15,2.76,1,31,0
AC033,2024-08,20.34,10,10,2.08,1,30,1
AC033,2024-09,22.64,7,8,2.93,1,30,0
AC033,2024-10,18.83,6,6,2.43,1,30,1
AC033,2024-11,21.82,12,13,2.03,3,29,1
AC033,2024-12,18.6,9,10,1.72,2,31,0
AC033,2025-01,17.03,9,10,1.84,1,29,2
AC033,2025-02,17.35,10,11,1.72,2,28,0
AC033,2025-03,39.98,16,16,2.49,4,29,2
AC033,2025-04,30.65,11,12,2.75,2,30,0
AC033,2025-05,20.5,11,12,2.14,2,31,0
AC033,2025-06,24.21,11,12,2.12,2,30,0
AC033,2025-07,25.58,8,9,3.16,1,31,0
AC033,2025-08,48.42,15,16,2.96,3,31,0
AC033,2025-09,8.07,4,4,1.97,1,30,0
AC033,2025-10,25.07,15,17,1.71,2,31,0
AC033,2025-11,42.06,14,15,2.59,3,30,0
AC033,2025-12,27.13,14,15,1.97,3,30,1
AC033,2026-01,9.43,6,7,1.67,1,29,2
AC033,2026-02,8.61,5,6,1.63,1,28,0
AC033,2026-03,25.41,11,12,2.44,2,31,0
AC033,2026-04,11.25,4,4,2.49,1,29,1
AC033,2026-05,18.01,9,9,2.04,1,31,0
AC033,2026-06,33.95,13,14,2.3,1,30,0
AC033,2026-07,32.93,12,13,2.64,3,31,0
AC033,2026-08,35.67,13,14,2.9,2,30,1
AC033,2026-09,21.67,11,12,2.01,2,30,0
AC034,2024-01,13.63,8,8,1.76,2,31,0
AC034,2024-02,9.34,4,4,2.16,1,29,0
AC034,2024-03,45.76,13,13,3.33,1,31,0
AC034,2024-04,18.11,7,8,2.69,1,30,0
AC034,2024-05,18.67,8,8,2.28,1,31,0
AC034,2024-06,16.55,8,9,2.13,2,30,0
AC034,2024-07,20.56,9,9,2.51,2,31,0
AC034,2024-08,27.58,12,12,2.04,3,31,0
AC034,2024-09,19.05,8,9,2.54,1,30,0
AC034,2024-10,13.8,5,5,2.64,1,31,0
AC034,2024-11,28.64,16,16,2.05,2,30,0
AC034,2024-12,7.82,4,4,1.84,1,31,0
AC034,2025-01,8.19,4,4,2.15,1,31,0
AC034,2025-02,12.42,6,6,2.11,1,28,0
AC034,2025-03,27.59,12,12,2.2,3,31,0
AC034,2025-04,11.83,4,5,3.01,1,30,0
AC034,2025-05,9.9,4,4,2.5,1,31,0
AC034,2025-06,13.79,5,5,2.68,1,30,0
AC034,2025-07,13.95,4,4,3.12,1,30,1
AC034,2025-08,17.73,8,8,2.37,1,31,0
AC034,2025-09,16.4,8,8,2.18,2,30,0
AC034,2025-10,14.35,6,6,2.39,1,31,0
AC034,2025-11,15.06,5,5,2.8,1,30,0
AC034,2025-12,9.72,5,6,1.78,1,31,0
AC034,2026-01,13.74,8,9,1.91,1,31,0
AC034,2026-02,8.73,4,4,2.19,1,28,0
AC034,2026-03,14.38,6,6,2.23,1,30,1
AC034,2026-04,21.41,7,8,2.97,1,30,0
AC034,2026-05,10.67,6,7,1.76,1,31,0
AC034,2026-06,15.64,7,8,2.05,1,30,0
AC034,2026-07,29.6,12,13,2.51,3,30,1
AC034,2026-08,23.0,7,8,3.03,1,31,0
AC034,2026-09,25.22,10,10,2.58,1,30,0
AC035,2024-01,8.44,4,4,1.92,1,31,0
AC035,2024-02,6.55,4,4,1.66,1,28,1
AC035,2024-03,22.62,8,9,2.74,1,31,0
AC035,2024-04,12.12,5,5,2.21,1,30,0
AC035,2024-05,18.39,8,8,2.07,1,31,0
AC035,2024-06,9.92,4,4,2.4,1,29,1
AC035,2024-07,7.81,4,5,2.28,1,31,0
AC035,2024-08,13.61,5,5,2.77,1,30,1
AC035,2024-09,28.7,8,9,2.87,1,26,4
AC035,2024-10,14.43,6,6,2.42,1,30,1
AC035,2024-11,15.39,7,7,2.6,1,29,1
AC035,2024-12,7.5,4,5,1.95,1,30,1
AC035,2025-01,8.02,4,4,2.04,1,30,1
AC035,2025-02,10.19,6,6,1.83,1,28,0
AC035,2025-03,13.54,5,5,2.7,1,31,0
AC035,2025-04,27.81,10,10,2.78,1,30,0
AC035,2025-05,13.98,5,6,2.92,1,31,0
AC035,2025-06,7.71,4,5,1.88,1,28,2
AC035,2025-07,14.57,6,6,2.53,1,31,0
AC035,2025-08,10.32,4,4,2.14,1,31,0
AC035,2025-09,21.0,8,9,2.53,2,30,0
AC035,2025-10,30.69,11,12,2.51,1,31,0
AC035,2025-11,18.18,7,8,2.42,1,30,0
AC035,2025-12,0.0,0,0,0.0,0,31,0
AC035,2026-01,7.55,5,6,1.55,1,31,0
AC035,2026-02,15.3,7,8,2.15,1,28,0
AC035,2026-03,15.06,7,7,2.2,1,31,0
AC035,2026-04,28.37,10,12,2.82,1,30,0
AC035,2026-05,15.61,6,7,2.42,1,31,0
AC035,2026-06,11.96,7,7,1.89,1,30,0
AC035,2026-07,26.52,11,12,2.41,2,30,1
AC035,2026-08,23.35,9,11,2.74,1,31,0
AC035,2026-09,9.8,4,4,2.48,1,30,0
AC036,2024-01,11.51,5,5,2.0,1,31,0
AC036,2024-02,6.69,4,4,1.74,1,28,1
AC036,2024-03,7.25,4,4,2.13,1,30,1
AC036,2024-04,20.9,7,7,2.86,1,30,0
AC036,2024-05,10.18,4,4,2.25,1,31,0
AC036,2024-06,11.46,6,6,2.35,1,30,0
AC036,2024-07,11.34,4,4,2.54,1,31,0
AC036,2024-08,8.21,4,4,2.23,1,31,0
AC036,2024-09,9.93,4,4,2.19,1,30,0
AC036,2024-10,14.13,5,5,2.45,1,30,1
AC036,2024-11,10.23,4,4,2.69,1,30,0
AC036,2024-12,6.57,4,4,1.76,1,31,0
AC036,2025-01,13.4,6,7,2.06,1,31,0
AC036,2025-02,12.16,4,5,2.57,1,28,0
AC036,2025-03,10.98,4,4,2.85,1,28,3
AC036,2025-04,30.33,12,12,2.69,2,29,1
AC036,2025-05,17.96,9,10,2.03,2,31,0
AC036,2025-06,14.4,6,6,2.16,1,30,0
AC036,2025-07,15.63,6,6,2.63,1,31,0
AC036,2025-08,22.23,8,9,2.48,2,30,1
AC036,2025-09,14.9,6,6,2.52,1,29,1
AC036,2025-10,12.3,6,7,1.82,1,29,2
AC036,2025-11,21.06,9,10,2.46,2,29,1
AC036,2025-12,19.6,9,10,2.06,2,30,1
AC036,2026-01,7.58,4,4,2.0,1,31,0
AC036,2026-02,7.47,4,5,1.88,1,28,0
AC036,2026-03,11.13,5,5,2.17,1,29,2
AC036,2026-04,17.65,7,7,2.63,1,30,0
AC036,2026-05,14.89,6,6,2.34,1,31,0
AC036,2026-06,7.54,4,4,1.88,1,30,0
AC036,2026-07,9.71,4,4,2.38,1,30,1
AC036,2026-08,8.83,4,4,2.42,1,31,0
AC036,2026-09,13.34,5,5,2.63,1,30,0
AC037,2024-01,9.3,4,4,2.24,1,31,0
AC037,2024-02,8.63,4,4,2.4,1,29,0
AC037,2024-03,14.49,5,5,3.04,1,30,1
AC037,2024-04,12.11,4,4,2.82,1,30,0
AC037,2024-05,11.41,5,5,2.13,1,31,0
AC037,2024-06,12.72,5,5,2.52,1,30,0
AC037,2024-07,10.79,5,5,2.31,1,31,0
AC037,2024-08,12.87,4,5,3.09,1,30,1
AC037,2024-09,10.4,5,5,2.25,1,30,0
AC037,2024-10,16.96,10,11,1.96,2,31,0
AC037,2024-11,10.36,4,4,2.6,1,30,0
AC037,2024-12,7.12,5,5,1.66,1,31,0
AC037,2025-01,14.57,7,7,1.87,1,31,0
AC037,2025-02,15.16,7,7,2.09,1,28,0
AC037,2025-03,15.73,8,8,1.96,2,30,1
AC037,2025-04,17.92,7,7,2.69,1,30,0
AC037,2025-05,11.05,6,7,1.9,1,31,0
AC037,2025-06,11.73,4,4,2.41,1,29,1
AC037,2025-07,16.01,7,7,2.05,1,31,0
AC037,2025-08,16.84,5,5,3.2,1,31,0
AC037,2025-09,11.04,4,4,2.67,1,30,0
AC037,2025-10,21.68,10,11,2.02,2,31,0
AC037,2025-11,25.72,12,12,2.27,3,30,0
AC037,2025-12,15.93,7,8,2.06,1,31,0
AC037,2026-01,5.77,4,4,1.7,1,31,0
AC037,2026-02,6.51,4,4,1.72,1,28,0
AC037,2026-03,11.24,4,4,2.74,1,30,1
AC037,2026-04,35.47,11,12,2.98,2,29,1
AC037,2026-05,8.1,4,4,1.85,1,31,0
AC037,2026-06,17.66,6,7,2.71,1,30,0
AC037,2026-07,26.41,8,9,3.18,2,31,0
AC037,2026-08,31.47,12,13,2.89,3,31,0
AC037,2026-09,21.95,8,8,2.98,2,30,0
AC038,2024-01,9.39,5,5,1.99,1,31,0
AC038,2024-02,11.08,6,6,1.57,1,29,0
AC038,2024-03,27.43,11,11,2.63,2,31,0
AC038,2024-04,42.09,16,17,2.69,4,30,0
AC038,2024-05,16.89,7,8,2.2,1,31,0
AC038,2024-06,18.72,8,8,2.34,2,30,0
AC038,2024-07,33.61,13,13,2.67,2,31,0
AC038,2024-08,29.82,10,10,2.87,2,30,1
AC038,2024-09,31.23,9,10,3.2,2,30,0
AC038,2024-10,22.31,10,11,2.27,2,30,1
AC038,2024-11,29.62,11,12,2.56,2,30,0
AC038,2024-12,16.74,9,10,2.02,1,31,0
AC038,2025-01,19.07,9,9,2.08,1,30,1
AC038,2025-02,14.29,8,8,1.8,1,28,0
AC038,2025-03,20.86,8,9,2.41,2,30,1
AC038,2025-04,53.67,17,17,3.04,3,30,0
AC038,2025-05,36.93,19,21,2.1,4,31,0
AC038,2025-06,19.97,9,10,2.2,2,28,2
AC038,2025-07,17.14,9,9,1.93,1,31,0
AC038,2025-08,17.87,8,9,2.29,2,30,1
AC038,2025-09,11.79,6,6,1.99,1,30,0
AC038,2025-10,31.29,13,13,2.45,3,31,0
AC038,2025-11,17.6,8,9,2.25,1,30,0
AC038,2025-12,18.02,11,12,1.81,2,31,0
AC038,2026-01,16.47,8,9,1.84,2,30,1
AC038,2026-02,8.0,5,6,1.55,1,28,0
AC038,2026-03,38.3,16,16,2.99,4,31,0
AC038,2026-04,23.63,9,10,2.73,2,29,1
AC038,2026-05,17.63,9,10,2.21,2,31,0
AC038,2026-06,18.31,9,9,2.22,1,30,0
AC038,2026-07,34.44,13,13,2.6,2,31,0
AC038,2026-08,12.29,5,5,2.74,1,31,0
AC038,2026-09,48.94,19,19,2.68,2,30,0
AC039,2024-01,19.31,9,9,2.15,2,31,0
AC039,2024-02,7.78,4,4,2.05,1,29,0
AC039,2024-03,18.27,7,7,2.42,1,30,1
AC039,2024-04,15.54,5,5,3.03,1,30,0
AC039,2024-05,10.19,6,6,1.57,1,30,1
AC039,2024-06,14.32,7,8,2.29,1,30,0
AC039,2024-07,40.52,16,17,2.16,4,31,0
AC039,2024-08,17.61,7,8,2.52,1,30,1
AC039,2024-09,16.8,8,8,2.25,2,29,1
AC039,2024-10,23.16,10,11,2.11,1,31,0
AC039,2024-11,16.13,7,8,2.41,1,30,0
AC039,2024-12,20.01,8,8,2.27,2,31,0
AC039,2025-01,9.24,4,4,2.29,1,31,0
AC039,2025-02,8.34,4,4,2.22,1,27,1
AC039,2025-03,21.86,9,9,2.38,2,31,0
AC039,2025-04,8.61,4,4,2.23,1,30,0
AC039,2025-05,11.49,6,7,1.72,1,29,2
AC039,2025-06,13.61,7,7,2.07,1,30,0
AC039,2025-07,13.18,5,6,2.3,1,31,0
AC039,2025-08,19.21,6,7,2.65,1,31,0
AC039,2025-09,8.42,4,4,2.05,1,30,0
AC039,2025-10,22.13,10,11,2.3,2,31,0
AC039,2025-11,14.65,7,7,2.37,1,30,0
AC039,2025-12,11.75,7,7,1.64,1,31,0
AC039,2026-01,7.61,4,4,1.92,1,31,0
AC039,2026-02,20.82,8,8,2.26,2,28,0
AC039,2026-03,35.22,13,14,2.56,2,30,1
AC039,2026-04,24.93,9,9,2.5,2,30,0
AC039,2026-05,18.95,9,10,2.13,2,31,0
AC039,2026-06,18.63,6,6,2.86,1,30,0
AC039,2026-07,12.98,4,4,2.95,1,31,0
AC039,2026-08,23.12,8,8,2.89,2,31,0
AC039,2026-09,10.15,4,4,2.5,1,30,0
AC040,2024-01,8.84,4,4,1.97,1,30,1
AC040,2024-02,5.47,4,4,1.36,1,29,0
AC040,2024-03,19.89,9,10,2.12,2,31,0
AC040,2024-04,34.05,9,9,3.22,2,30,0
AC040,2024-05,8.42,4,4,2.36,1,30,1
AC040,2024-06,23.26,9,9,2.06,2,30,0
AC040,2024-07,18.41,6,6,2.65,1,31,0
AC040,2024-08,14.49,5,5,2.77,1,31,0
AC040,2024-09,20.45,10,11,2.31,2,30,0
AC040,2024-10,14.32,5,5,2.4,1,31,0
AC040,2024-11,21.98,8,9,2.67,1,30,0
AC040,2024-12,9.79,5,5,1.88,1,31,0
AC040,2025-01,17.91,9,9,2.2,2,31,0
AC040,2025-02,11.73,4,4,3.04,1,28,0
AC040,2025-03,13.42,5,5,2.96,1,31,0
AC040,2025-04,17.11,5,5,3.04,1,30,0
AC040,2025-05,10.17,4,4,2.32,1,31,0
AC040,2025-06,12.25,5,5,2.34,1,30,0
AC040,2025-07,9.88,4,4,2.7,1,31,0
AC040,2025-08,21.3,7,7,2.64,1,29,2
AC040,2025-09,12.04,4,4,2.9,1,30,0
AC040,2025-10,11.47,5,5,2.2,1,31,0
AC040,2025-11,19.42,9,9,2.73,1,30,0
AC040,2025-12,22.58,10,11,2.3,2,31,0
AC040,2026-01,12.38,5,5,2.28,1,31,0
AC040,2026-02,22.13,13,15,1.76,2,28,0
AC040,2026-03,7.94,4,4,2.12,1,31,0
AC040,2026-04,31.37,9,10,3.02,2,28,2
AC040,2026-05,17.24,9,9,2.33,2,31,0
AC040,2026-06,18.25,8,9,2.45,1,30,0
AC040,2026-07,22.66,9,9,2.57,1,31,0
AC040,2026-08,10.94,5,5,2.43,1,29,2
AC040,2026-09,18.64,7,7,2.39,1,30,0
AC041,2024-01,9.14,4,5,2.23,1,30,1
AC041,2024-02,7.31,4,4,2.07,1,29,0
AC041,2024-03,10.21,4,4,2.25,1,31,0
AC041,2024-04,12.64,6,7,2.01,1,30,0
AC041,2024-05,10.03,4,4,2.66,1,31,0
AC041,2024-06,13.64,6,6,2.33,1,30,0
AC041,2024-07,32.13,9,10,3.29,2,30,1
AC041,2024-08,18.93,7,7,2.63,1,30,1
AC041,2024-09,14.49,6,7,2.49,1,30,0
AC041,2024-10,27.61,10,10,2.78,2,31,0
AC041,2024-11,17.25,7,7,2.7,1,29,1
AC041,2024-12,13.57,6,6,2.2,1,30,1
AC041,2025-01,6.7,4,4,1.7,1,31,0
AC041,2025-02,6.72,4,4,1.78,1,28,0
AC041,2025-03,13.37,5,5,2.56,1,31,0
AC041,2025-04,19.82,7,7,2.53,1,30,0
AC041,2025-05,19.31,7,8,2.61,1,31,0
AC041,2025-06,11.25,5,5,2.38,1,30,0
AC041,2025-07,17.49,7,7,2.55,1,30,1
AC041,2025-08,13.69,4,4,3.17,1,30,1
AC041,2025-09,14.65,5,5,2.57,1,30,0
AC041,2025-10,9.93,4,4,2.52,1,31,0
AC041,2025-11,19.23,9,10,1.92,1,29,1
AC041,2025-12,11.13,6,6,1.72,1,31,0
AC041,2026-01,9.37,4,4,2.21,1,30,1
AC041,2026-02,13.54,6,6,2.16,1,28,0
AC041,2026-03,16.47,7,7,2.84,1,29,2
AC041,2026-04,20.69,8,8,2.38,1,30,0
AC041,2026-05,19.32,8,9,2.39,2,29,2
AC041,2026-06,25.06,10,11,2.1,2,30,0
AC041,2026-07,26.05,9,10,2.75,2,30,1
AC041,2026-08,29.23,8,9,3.05,2,31,0
AC041,2026-09,8.94,4,4,2.25,1,30,0
AC042,2024-01,12.01,6,7,1.84,1,31,0
AC042,2024-02,8.44,4,4,2.13,1,29,0
AC042,2024-03,10.12,4,4,2.69,1,31,0
AC042,2024-04,23.83,11,12,2.44,1,30,0
AC042,2024-05,7.87,4,4,1.98,1,31,0
AC042,2024-06,6.45,4,5,1.68,1,30,0
AC042,2024-07,17.31,7,7,2.55,1,31,0
AC042,2024-08,22.76,9,9,2.68,2,31,0
AC042,2024-09,15.18,5,5,3.02,1,30,0
AC042,2024-10,29.49,13,13,1.94,3,31,0
AC042,2024-11,8.12,4,4,1.99,1,30,0
AC042,2024-12,6.9,4,4,1.73,1,31,0
AC042,2025-01,28.63,11,12,2.3,2,31,0
AC042,2025-02,9.89,5,5,1.88,1,28,0
AC042,2025-03,26.44,10,10,2.8,1,31,0
AC042,2025-04,13.16,5,5,2.79,1,30,0
AC042,2025-05,8.66,4,4,2.12,1,31,0
AC042,2025-06,11.48,5,5,2.3,1,30,0
AC042,2025-07,15.12,5,5,2.82,1,31,0
AC042,2025-08,16.45,7,8,2.22,1,30,1
AC042,2025-09,7.44,5,5,1.92,1,30,0
AC042,2025-10,15.8,7,7,2.59,1,31,0
AC042,2025-11,12.25,5,5,2.54,1,30,0
AC042,2025-12,11.0,6,6,1.96,1,30,1
AC042,2026-01,9.92,4,4,2.59,1,30,1
AC042,2026-02,10.57,7,7,1.55,1,28,0
AC042,2026-03,15.54,5,5,2.86,1,31,0
AC042,2026-04,16.03,7,7,2.47,1,30,0
AC042,2026-05,11.45,4,4,2.7,1,31,0
AC042,2026-06,15.9,10,11,1.63,1,30,0
AC042,2026-07,15.8,6,6,2.68,1,30,1
AC042,2026-08,12.43,5,5,2.83,1,30,1
AC042,2026-09,10.23,5,6,1.98,1,29,1
AC043,2024-01,12.08,6,7,2.04,1,31,0
AC043,2024-02,11.91,7,8,1.72,1,29,0
AC043,2024-03,31.98,12,13,2.73,2,31,0
AC043,2024-04,21.47,8,10,2.46,1,29,1
AC043,2024-05,12.51,6,6,1.98,1,31,0
AC043,2024-06,7.59,4,5,2.14,1,29,1
AC043,2024-07,28.37,13,13,2.36,3,31,0
AC043,2024-08,24.29,8,10,2.96,1,31,0
AC043,2024-09,32.41,15,15,2.18,3,30,0
AC043,2024-10,22.52,9,10,2.47,2,30,1
AC043,2024-11,31.26,10,10,2.8,1,30,0
AC043,2024-12,6.29,5,5,1.36,1,30,1
AC043,2025-01,20.51,10,10,2.09,2,30,1
AC043,2025-02,24.97,10,11,2.16,1,28,0
AC043,2025-03,62.04,25,27,2.64,5,31,0
AC043,2025-04,18.52,8,9,2.62,2,30,0
AC043,2025-05,15.38,9,10,1.85,1,31,0
AC043,2025-06,14.34,8,9,1.79,2,30,0
AC043,2025-07,16.5,7,8,2.3,1,30,1
AC043,2025-08,39.75,14,15,2.69,1,30,1
AC043,2025-09,10.54,4,4,2.61,1,30,0
AC043,2025-10,12.84,8,9,1.8,2,31,0
AC043,2025-11,8.18,4,4,2.07,1,30,0
AC043,2025-12,8.6,6,7,1.48,1,31,0
AC043,2026-01,9.59,5,5,1.67,1,31,0
AC043,2026-02,28.24,11,12,2.26,2,28,0
AC043,2026-03,26.51,14,15,2.16,1,30,1
AC043,2026-04,34.69,13,14,2.77,1,29,1
AC043,2026-05,20.55,10,11,2.18,1,31,0
AC043,2026-06,12.33,6,7,2.17,1,30,0
AC043,2026-07,31.99,11,11,2.86,2,30,1
AC043,2026-08,24.24,10,10,2.21,2,31,0
AC043,2026-09,43.34,15,15,2.87,3,30,0
AC044,2024-01,7.83,4,4,1.68,1,30,1
AC044,2024-02,8.34,4,5,2.05,1,29,0
AC044,2024-03,22.52,7,7,3.18,1,31,0
AC044,2024-04,12.69,5,6,2.46,1,30,0
AC044,2024-05,22.74,12,13,2.18,3,31,0
AC044,2024-06,8.48,4,4,2.13,1,30,0
AC044,2024-07,21.4,7,7,2.74,1,31,0
AC044,2024-08,26.87,9,9,2.72,1,31,0
AC044,2024-09,7.63,4,4,2.01,1,30,0
AC044,2024-10,8.81,4,4,2.23,1,30,1
AC044,2024-11,15.44,7,7,2.41,1,29,1
AC044,2024-12,7.8,4,4,1.97,1,31,0
AC044,2025-01,8.53,5,5,1.7,1,31,0
AC044,2025-02,7.78,4,4,2.12,1,28,0
AC044,2025-03,20.32,9,10,2.47,2,31,0
AC044,2025-04,23.01,8,9,3.01,2,30,0
AC044,2025-05,10.1,4,4,2.18,1,30,1
AC044,2025-06,10.05,5,5,2.27,1,30,0
AC044,2025-07,22.59,9,9,2.54,2,31,0
AC044,2025-08,19.94,8,8,2.37,2,30,1
AC044,2025-09,13.41,6,7,2.25,1,30,0
AC044,2025-10,8.02,4,4,2.34,1,31,0
AC044,2025-11,14.36,8,8,1.98,2,30,0
AC044,2025-12,11.35,6,6,1.99,1,31,0
AC044,2026-01,11.25,5,5,2.18,1,31,0
AC044,2026-02,13.14,8,8,1.66,2,28,0
AC044,2026-03,12.86,4,4,3.18,1,30,1
AC044,2026-04,13.1,4,4,3.01,1,29,1
AC044,2026-05,9.36,4,4,2.52,1,31,0
AC044,2026-06,17.92,8,8,2.27,2,30,0
AC044,2026-07,20.65,7,7,2.67,1,31,0
AC044,2026-08,10.23,4,4,2.41,1,31,0
AC044,2026-09,19.3,8,8,2.47,2,30,0
AC045,2024-01,7.16,4,4,1.85,1,31,0
AC045,2024-02,9.29,4,4,2.04,1,29,0
AC045,2024-03,10.36,4,4,2.6,1,31,0
AC045,2024-04,15.28,6,6,2.76,1,30,0
AC045,2024-05,15.79,8,9,2.26,2,31,0
AC045,2024-06,9.43,4,4,1.92,1,28,2
AC045,2024-07,20.45,7,8,2.9,1,30,1
AC045,2024-08,17.08,6,7,3.21,1,31,0
AC045,2024-09,13.47,7,7,2.0,1,30,0
AC045,2024-10,9.91,5,6,2.08,1,31,0
AC045,2024-11,16.79,6,6,3.11,1,30,0
AC045,2024-12,9.01,5,5,1.8,1,30,1
AC045,2025-01,15.79,7,7,2.23,1,30,1
AC045,2025-02,11.23,4,4,2.52,1,28,0
AC045,2025-03,39.05,13,15,2.42,3,31,0
AC045,2025-04,18.49,9,10,2.11,2,30,0
AC045,2025-05,7.1,4,4,1.77,1,29,2
AC045,2025-06,12.6,7,7,1.65,1,29,1
AC045,2025-07,10.15,4,5,2.14,1,30,1
AC045,2025-08,15.69,5,5,2.83,1,31,0
AC045,2025-09,12.08,6,6,2.24,1,29,1
AC045,2025-10,15.94,7,7,2.23,1,31,0
AC045,2025-11,11.61,5,5,2.31,1,29,1
AC045,2025-12,6.58,4,4,1.73,1,28,3
AC045,2026-01,7.65,4,4,1.91,1,30,1
AC045,2026-02,8.07,4,4,2.02,1,28,0
AC045,2026-03,15.97,6,6,2.7,1,30,1
AC045,2026-04,9.91,4,4,2.78,1,29,1
AC045,2026-05,18.27,7,7,2.33,1,31,0
AC045,2026-06,7.9,4,5,2.13,1,29,1
AC045,2026-07,7.8,4,4,2.3,1,29,2
AC045,2026-08,14.86,6,6,2.57,1,31,0
AC045,2026-09,10.13,5,6,2.23,1,30,0
AC046,2024-01,37.74,22,23,1.78,5,31,0
AC046,2024-02,20.07,9,9,2.14,2,28,1
AC046,2024-03,22.87,9,10,2.78,1,31,0
AC046,2024-04,53.8,19,19,2.85,4,30,0
AC046,2024-05,42.5,15,17,2.72,3,31,0
AC046,2024-06,52.25,22,23,2.28,5,30,0
AC046,2024-07,56.88,23,23,2.6,5,30,1
AC046,2024-08,66.94,27,31,2.76,6,31,0
AC046,2024-09,38.97,16,17,2.47,4,30,0
AC046,2024-10,32.75,18,18,1.71,4,30,1
AC046,2024-11,33.4,16,18,2.01,4,30,0
AC046,2024-12,23.77,12,13,2.17,3,31,0
AC046,2025-01,32.69,15,17,1.96,3,31,0
AC046,2025-02,18.43,10,11,2.01,2,28,0
AC046,2025-03,92.54,27,29,3.15,2,31,0
AC046,2025-04,46.98,19,19,2.36,1,30,0
AC046,2025-05,34.64,19,21,1.87,2,31,0
AC046,2025-06,35.56,13,14,2.58,3,30,0
AC046,2025-07,58.79,21,22,3.06,4,31,0
AC046,2025-08,58.95,23,26,2.69,5,31,0
AC046,2025-09,33.21,15,16,2.15,3,30,0
AC046,2025-10,33.2,13,15,2.46,3,31,0
AC046,2025-11,41.25,18,18,2.38,2,30,0
AC046,2025-12,26.04,14,15,1.71,3,31,0
AC046,2026-01,38.42,22,24,1.79,5,31,0
AC046,2026-02,29.0,15,15,1.88,3,28,0
AC046,2026-03,56.5,20,22,2.63,5,31,0
AC046,2026-04,42.26,18,20,2.37,4,30,0
AC046,2026-05,34.69,14,15,2.27,3,31,0
AC046,2026-06,19.97,12,13,1.7,3,30,0
AC046,2026-07,53.99,17,18,2.74,2,31,0
AC046,2026-08,30.27,13,14,2.33,3,31,0
AC046,2026-09,21.2,12,12,1.7,2,30,0
AC047,2024-01,6.46,4,4,1.62,1,30,1
AC047,2024-02,12.56,9,9,1.39,2,29,0
AC047,2024-03,20.16,8,8,2.38,1,30,1
AC047,2024-04,35.2,10,10,3.2,2,29,1
AC047,2024-05,19.58,9,10,1.93,1,30,1
AC047,2024-06,11.98,4,4,2.94,1,30,0
AC047,2024-07,18.37,9,9,2.34,2,31,0
AC047,2024-08,23.44,11,12,2.4,2,31,0
AC047,2024-09,9.94,4,4,2.28,1,29,1
AC047,2024-10,16.38,7,8,1.92,1,31,0
AC047,2024-11,14.3,5,6,2.72,1,30,0
AC047,2024-12,7.81,4,4,2.16,1,31,0
AC047,2025-01,13.53,6,7,1.94,1,30,1
AC047,2025-02,8.07,5,5,1.76,1,28,0
AC047,2025-03,25.06,10,10,2.47,2,31,0
AC047,2025-04,11.37,4,4,2.85,1,30,0
AC047,2025-05,8.7,4,4,2.21,1,30,1
AC047,2025-06,14.77,9,9,1.96,1,29,1
AC047,2025-07,14.87,6,7,2.4,1,30,1
AC047,2025-08,16.66,10,10,1.87,2,31,0
AC047,2025-09,9.76,4,4,2.28,1,30,0
AC047,2025-10,12.99,6,6,2.3,1,30,1
AC047,2025-11,10.64,4,4,2.51,1,29,1
AC047,2025-12,8.51,4,4,2.31,1,30,1
AC047,2026-01,15.39,7,7,2.44,1,31,0
AC047,2026-02,12.81,5,5,2.31,1,28,0
AC047,2026-03,21.47,7,8,3.29,1,30,1
AC047,2026-04,9.92,4,4,2.41,1,29,1
AC047,2026-05,12.66,6,6,2.18,1,27,4
AC047,2026-06,14.21,7,7,2.34,1,29,1
AC047,2026-07,17.87,8,9,2.43,1,31,0
AC047,2026-08,11.98,5,6,2.4,1,31,0
AC047,2026-09,11.46,5,6,2.38,1,30,0
AC048,2024-01,8.68,4,4,1.98,1,31,0
AC048,2024-02,9.48,5,5,1.95,1,29,0
AC048,2024-03,22.8,9,10,2.58,2,30,1
AC048,2024-04,32.83,11,11,2.83,2,30,0
AC048,2024-05,8.78,4,4,2.34,1,31,0
AC048,2024-06,14.92,8,9,1.95,1,30,0
AC048,2024-07,15.63,5,6,2.5,1,31,0
AC048,2024-08,30.84,11,12,3.03,2,30,1
AC048,2024-09,19.32,8,8,2.6,1,30,0
AC048,2024-10,9.43,4,4,2.54,1,31,0
AC048,2024-11,14.66,6,6,2.43,1,30,0
AC048,2024-12,7.19,5,5,1.91,1,31,0
AC048,2025-01,8.76,6,7,1.7,1,30,1
AC048,2025-02,5.71,4,4,1.44,1,28,0
AC048,2025-03,25.28,9,10,2.81,1,31,0
AC048,2025-04,17.03,8,9,2.4,1,30,0
AC048,2025-05,8.8,4,4,2.02,1,31,0
AC048,2025-06,8.84,4,4,1.89,1,28,2
AC048,2025-07,12.49,5,5,2.47,1,30,1
AC048,2025-08,9.82,4,4,2.61,1,31,0
AC048,2025-09,16.01,5,6,3.19,1,30,0
AC048,2025-10,11.59,5,5,2.29,1,30,1
AC048,2025-11,10.26,4,4,2.79,1,29,1
AC048,2025-12,5.35,4,4,1.22,1,31,0
AC048,2026-01,8.98,4,4,2.2,1,30,1
AC048,2026-02,9.94,5,5,1.96,1,28,0
AC048,2026-03,19.44,7,8,2.54,1,31,0
AC048,2026-04,21.65,6,6,3.18,1,30,0
AC048,2026-05,7.21,4,4,1.92,1,31,0
AC048,2026-06,15.86,8,8,2.03,2,30,0
AC048,2026-07,27.02,10,11,2.46,2,30,1
AC048,2026-08,13.79,6,6,2.29,1,29,2
AC048,2026-09,15.63,8,8,1.85,1,30,0
AC049,2024-01,12.23,7,7,1.63,1,31,0
AC049,2024-02,7.99,4,4,2.33,1,29,0
AC049,2024-03,9.81,5,5,2.29,1,31,0
AC049,2024-04,14.59,6,7,2.41,1,29,1
AC049,2024-05,16.61,8,8,2.19,1,30,1
AC049,2024-06,6.54,4,4,1.81,1,30,0
AC049,2024-07,26.76,11,12,2.71,2,31,0
AC049,2024-08,25.73,9,10,2.73,2,31,0
AC049,2024-09,8.76,4,4,2.22,1,29,1
AC049,2024-10,8.41,4,4,2.35,1,30,1
AC049,2024-11,15.48,6,6,2.39,1,28,2
AC049,2024-12,8.71,4,4,2.2,1,31,0
AC049,2025-01,0.0,0,0,0.0,0,31,0
AC049,2025-02,9.86,7,8,1.63,1,28,0
AC049,2025-03,17.08,7,8,2.34,1,31,0
AC049,2025-04,33.37,14,15,2.57,1,30,0
AC049,2025-05,9.27,4,4,2.08,1,31,0
AC049,2025-06,9.69,4,4,2.63,1,30,0
AC049,2025-07,13.37,5,5,2.45,1,31,0
AC049,2025-08,8.1,4,5,1.99,1,30,1
AC049,2025-09,7.3,4,4,2.16,1,30,0
AC049,2025-10,19.8,11,11,1.89,2,31,0
AC049,2025-11,23.05,9,9,2.53,2,30,0
AC049,2025-12,21.85,9,9,2.6,2,30,1
AC049,2026-01,13.1,5,5,2.73,1,31,0
AC049,2026-02,9.85,5,6,2.06,1,28,0
AC049,2026-03,12.78,5,6,2.48,1,31,0
AC049,2026-04,23.07,11,11,2.02,1,30,0
AC049,2026-05,9.96,6,7,1.65,1,31,0
AC049,2026-06,15.74,6,7,2.76,1,30,0
AC049,2026-07,8.61,4,5,2.05,1,30,1
AC049,2026-08,28.36,12,13,2.17,3,31,0
AC049,2026-09,13.89,6,7,2.28,1,30,0
AC050,2024-01,13.71,7,7,2.25,1,31,0
AC050,2024-02,23.76,10,10,2.19,2,29,0
AC050,2024-03,28.12,10,11,2.76,2,30,1
AC050,2024-04,37.14,13,14,2.58,3,29,1
AC050,2024-05,13.41,7,7,2.1,1,31,0
AC050,2024-06,26.58,11,11,2.32,2,29,1
AC050,2024-07,30.54,12,13,2.61,3,31,0
AC050,2024-08,27.27,11,11,2.56,2,31,0
AC050,2024-09,12.61,5,5,2.43,1,30,0
AC050,2024-10,15.52,6,6,2.83,1,31,0
AC050,2024-11,19.49,9,10,2.14,2,30,0
AC050,2024-12,16.81,11,12,1.56,2,30,1
AC050,2025-01,15.65,8,8,1.92,2,31,0
AC050,2025-02,17.22,9,9,2.22,1,28,0
AC050,2025-03,16.93,7,8,2.58,1,31,0
AC050,2025-04,27.96,12,12,2.72,2,30,0
AC050,2025-05,17.42,9,10,1.89,1,30,1
AC050,2025-06,15.79,11,11,1.47,2,29,1
AC050,2025-07,24.05,8,8,2.81,1,31,0
AC050,2025-08,35.97,15,17,2.39,3,30,1
AC050,2025-09,13.87,7,7,1.96,1,29,1
AC050,2025-10,36.05,15,16,2.2,2,31,0
AC050,2025-11,19.92,9,9,2.32,2,29,1
AC050,2025-12,10.12,7,8,1.53,1,31,0
AC050,2026-01,12.22,8,9,1.64,1,29,2
AC050,2026-02,32.35,16,17,1.94,4,28,0
AC050,2026-03,38.86,17,18,2.38,4,30,1
AC050,2026-04,30.25,12,13,2.51,3,28,2
AC050,2026-05,15.43,8,8,2.25,2,30,1
AC050,2026-06,15.7,8,9,2.06,2,30,0
AC050,2026-07,28.12,11,12,2.79,2,30,1
AC050,2026-08,24.5,10,10,2.54,2,30,1
AC050,2026-09,19.58,12,13,1.66,3,30,0
AC051,2024-01,8.94,6,7,1.37,1,31,0
AC051,2024-02,9.59,5,5,1.87,1,29,0
AC051,2024-03,19.4,7,8,2.76,1,31,0
AC051,2024-04,22.36,8,9,2.76,1,30,0
AC051,2024-05,15.5,6,6,2.44,1,30,1
AC051,2024-06,7.87,5,5,1.73,1,30,0
AC051,2024-07,28.74,11,11,2.41,2,30,1
AC051,2024-08,26.84,11,11,2.15,2,30,1
AC051,2024-09,11.42,4,4,2.7,1,30,0
AC051,2024-10,15.71,8,8,1.69,1,31,0
AC051,2024-11,14.58,7,7,1.98,1,30,0
AC051,2024-12,5.9,4,4,1.45,1,30,1
AC051,2025-01,8.78,4,5,2.0,1,31,0
AC051,2025-02,12.69,5,6,2.53,1,27,1
AC051,2025-03,26.05,10,11,2.41,2,30,1
AC051,2025-04,11.38,4,4,2.96,1,30,0
AC051,2025-05,9.92,5,5,2.22,1,31,0
AC051,2025-06,33.11,12,13,2.51,1,30,0
AC051,2025-07,33.99,11,11,2.96,2,30,1
AC051,2025-08,23.63,9,10,2.8,2,31,0
AC051,2025-09,10.5,5,5,2.2,1,29,1
AC051,2025-10,12.56,5,5,2.62,1,31,0
AC051,2025-11,18.74,9,9,1.95,1,30,0
AC051,2025-12,7.78,4,5,1.79,1,30,1
AC051,2026-01,7.31,5,5,1.49,1,31,0
AC051,2026-02,13.12,4,4,2.8,1,28,0
AC051,2026-03,19.24,9,9,2.3,2,31,0
AC051,2026-04,18.94,7,8,2.96,1,29,1
AC051,2026-05,19.14,9,10,2.16,1,31,0
AC051,2026-06,19.71,15,16,1.39,2,30,0
AC051,2026-07,26.99,13,13,2.42,2,30,1
AC051,2026-08,25.62,9,10,2.64,2,31,0
AC051,2026-09,13.82,6,7,2.1,1,30,0
AC052,2024-01,22.38,12,14,2.12,3,31,0
AC052,2024-02,18.65,9,9,1.96,1,29,0
AC052,2024-03,44.31,15,16,2.79,3,30,1
AC052,2024-04,24.97,10,10,2.52,1,30,0
AC052,2024-05,9.38,5,5,1.82,1,31,0
AC052,2024-06,18.13,8,9,2.2,2,30,0
AC052,2024-07,36.68,17,19,2.37,4,31,0
AC052,2024-08,40.73,16,16,2.22,4,31,0
AC052,2024-09,32.54,19,20,1.91,3,30,0
AC052,2024-10,34.86,15,16,2.34,3,31,0
AC052,2024-11,37.96,17,18,2.35,4,30,0
AC052,2024-12,15.11,8,8,1.96,1,31,0
AC052,2025-01,18.51,14,15,1.44,1,31,0
AC052,2025-02,14.02,9,9,1.41,2,27,1
AC052,2025-03,49.62,17,19,3.08,4,31,0
AC052,2025-04,15.02,7,8,2.19,1,30,0
AC052,2025-05,21.79,10,11,1.99,2,31,0
AC052,2025-06,35.81,13,13,2.88,2,30,0
AC052,2025-07,37.29,12,13,3.02,3,31,0
AC052,2025-08,46.43,17,18,2.74,4,31,0
AC052,2025-09,26.64,14,15,2.01,3,30,0
AC052,2025-10,41.59,18,20,2.18,4,31,0
AC052,2025-11,44.78,18,20,2.68,4,30,0
AC052,2025-12,19.63,8,9,2.37,2,31,0
AC052,2026-01,21.03,13,13,1.78,2,31,0
AC052,2026-02,15.05,7,7,2.04,1,28,0
AC052,2026-03,67.87,20,20,2.75,5,31,0
AC052,2026-04,27.54,13,14,2.5,3,30,0
AC052,2026-05,29.13,11,12,2.61,2,31,0
AC052,2026-06,20.83,8,8,2.45,1,30,0
AC052,2026-07,43.53,15,15,3.18,3,31,0
AC052,2026-08,35.51,16,16,2.25,3,31,0
AC052,2026-09,37.56,15,15,2.84,3,29,1
AC053,2024-01,15.55,6,6,2.68,1,30,1
AC053,2024-02,19.26,8,9,2.26,2,28,1
AC053,2024-03,47.38,15,15,2.91,3,31,0
AC053,2024-04,25.7,10,10,2.7,2,30,0
AC053,2024-05,25.44,12,13,2.05,3,31,0
AC053,2024-06,12.6,6,7,2.16,1,27,3
AC053,2024-07,29.44,11,11,2.61,2,30,1
AC053,2024-08,17.62,6,6,2.69,1,30,1
AC053,2024-09,28.17,15,15,2.07,3,30,0
AC053,2024-10,13.02,6,6,2.26,1,29,2
AC053,2024-11,34.48,14,14,2.74,2,29,1
AC053,2024-12,15.48,9,10,1.71,1,31,0
AC053,2025-01,16.8,11,11,1.37,2,31,0
AC053,2025-02,10.83,6,6,1.87,1,27,1
AC053,2025-03,37.45,14,14,2.5,3,29,2
AC053,2025-04,10.76,4,4,2.56,1,29,1
AC053,2025-05,14.76,7,7,2.2,1,31,0
AC053,2025-06,9.38,4,4,2.51,1,29,1
AC053,2025-07,18.96,7,8,2.8,1,31,0
AC053,2025-08,15.24,7,8,2.05,1,28,3
AC053,2025-09,38.68,12,12,3.17,3,29,1
AC053,2025-10,8.17,4,4,2.13,1,31,0
AC053,2025-11,16.19,7,7,2.24,1,30,0
AC053,2025-12,8.97,4,4,2.15,1,31,0
AC053,2026-01,33.75,17,17,1.91,4,31,0
AC053,2026-02,20.27,11,11,1.88,2,28,0
AC053,2026-03,33.74,10,11,2.85,2,30,1
AC053,2026-04,20.06,7,8,2.72,1,29,1
AC053,2026-05,13.41,6,7,2.44,1,31,0
AC053,2026-06,6.09,5,5,1.25,1,28,2
AC053,2026-07,24.73,10,11,2.64,2,31,0
AC053,2026-08,20.92,9,10,2.42,2,31,0
AC053,2026-09,44.01,20,20,2.04,3,29,1
AC054,2024-01,7.21,4,4,1.76,1,31,0
AC054,2024-02,13.89,6,6,2.36,1,29,0
AC054,2024-03,26.65,12,13,2.54,2,30,1
AC054,2024-04,11.3,4,4,2.3,1,29,1
AC054,2024-05,10.81,6,6,1.93,1,31,0
AC054,2024-06,15.22,7,7,2.16,1,30,0
AC054,2024-07,31.98,11,12,2.72,2,31,0
AC054,2024-08,21.33,7,7,2.79,1,29,2
AC054,2024-09,13.54,5,5,2.48,1,30,0
AC054,2024-10,14.34,9,10,1.61,2,30,1
AC054,2024-11,25.16,9,10,2.7,1,30,0
AC054,2024-12,12.63,7,7,1.92,1,29,2
AC054,2025-01,16.55,8,8,2.33,2,30,1
AC054,2025-02,13.57,6,7,2.21,1,27,1
AC054,2025-03,12.05,4,4,2.59,1,30,1
AC054,2025-04,30.18,10,10,2.78,1,30,0
AC054,2025-05,9.52,4,4,2.63,1,30,1
AC054,2025-06,8.51,4,5,2.13,1,29,1
AC054,2025-07,21.0,8,8,2.66,2,31,0
AC054,2025-08,16.56,6,7,2.87,1,30,1
AC054,2025-09,8.32,4,4,2.31,1,30,0
AC054,2025-10,18.77,8,8,2.15,2,31,0
AC054,2025-11,17.68,8,8,2.25,2,26,4
AC054,2025-12,11.23,5,6,2.34,1,31,0
AC054,2026-01,6.61,4,4,1.57,1,31,0
AC054,2026-02,10.52,6,7,1.67,1,28,0
AC054,2026-03,17.65,8,9,2.16,2,31,0
AC054,2026-04,14.51,5,5,2.88,1,30,0
AC054,2026-05,7.76,4,4,2.12,1,30,1
AC054,2026-06,8.23,4,4,1.93,1,29,1
AC054,2026-07,14.8,5,5,2.83,1,31,0
AC054,2026-08,23.6,9,9,2.83,2,31,0
AC054,2026-09,22.37,8,9,3.02,1,30,0
AC055,2024-01,13.59,6,7,2.26,1,31,0
AC055,2024-02,20.55,11,12,1.98,2,29,0
AC055,2024-03,29.14,11,12,2.46,2,31,0
AC055,2024-04,27.26,11,11,2.53,2,30,0
AC055,2024-05,23.62,11,12,2.68,2,31,0
AC055,2024-06,17.35,9,10,1.83,2,30,0
AC055,2024-07,15.08,7,8,2.46,1,31,0
AC055,2024-08,42.14,16,16,2.58,2,31,0
AC055,2024-09,15.31,8,8,1.94,2,29,1
AC055,2024-10,14.58,8,8,1.95,2,31,0
AC055,2024-11,13.2,6,6,2.36,1,29,1
AC055,2024-12,8.0,5,5,1.54,1,31,0
AC055,2025-01,17.93,11,12,1.79,2,29,2
AC055,2025-02,17.4,9,9,2.06,1,28,0
AC055,2025-03,46.99,19,20,2.4,4,31,0
AC055,2025-04,26.24,13,13,2.05,3,30,0
AC055,2025-05,18.8,10,11,1.93,2,30,1
AC055,2025-06,32.51,14,14,2.14,1,30,0
AC055,2025-07,25.16,9,9,2.69,2,28,3
AC055,2025-08,29.03,13,14,2.42,2,31,0
AC055,2025-09,17.28,7,8,2.36,1,30,0
AC055,2025-10,23.05,11,11,2.05,2,31,0
AC055,2025-11,38.05,14,15,2.67,2,29,1
AC055,2025-12,11.75,8,8,1.67,1,31,0
AC055,2026-01,13.68,6,7,2.03,1,31,0
AC055,2026-02,30.58,11,11,2.42,1,27,1
AC055,2026-03,41.28,20,21,2.21,3,31,0
AC055,2026-04,21.21,9,10,2.75,2,30,0
AC055,2026-05,31.68,13,14,2.53,1,31,0
AC055,2026-06,25.53,12,12,2.29,3,30,0
AC055,2026-07,36.83,13,13,2.7,3,29,2
AC055,2026-08,17.09,8,8,2.15,1,31,0
AC055,2026-09,23.07,10,11,2.43,1,30,0
AC056,2024-01,26.24,11,13,2.35,2,31,0
AC056,2024-02,21.24,12,13,1.6,3,29,0
AC056,2024-03,16.6,6,6,2.74,1,31,0
AC056,2024-04,42.93,15,16,2.89,3,28,2
AC056,2024-05,34.75,15,16,2.55,3,30,1
AC056,2024-06,44.19,21,21,2.41,5,30,0
AC056,2024-07,35.63,14,14,2.24,2,31,0
AC056,2024-08,43.15,17,19,2.56,2,30,1
AC056,2024-09,32.24,13,13,2.39,3,30,0
AC056,2024-10,36.89,17,18,2.18,3,31,0
AC056,2024-11,21.03,12,12,1.77,1,29,1
AC056,2024-12,26.99,17,17,1.72,3,31,0
AC056,2025-01,14.04,8,9,1.76,1,31,0
AC056,2025-02,36.2,17,19,1.99,2,27,1
AC056,2025-03,35.27,15,15,2.37,3,31,0
AC056,2025-04,54.21,22,24,2.74,4,29,1
AC056,2025-05,35.81,17,19,2.3,2,31,0
AC056,2025-06,31.86,15,16,1.93,2,30,0
AC056,2025-07,16.31,9,10,1.85,1,30,1
AC056,2025-08,37.62,16,17,2.46,1,30,1
AC056,2025-09,54.29,18,18,2.96,4,30,0
AC056,2025-10,26.45,13,13,2.06,2,29,2
AC056,2025-11,37.69,14,15,2.99,1,29,1
AC056,2025-12,16.81,12,14,1.55,3,31,0
AC056,2026-01,16.19,12,12,1.48,1,30,1
AC056,2026-02,20.47,11,12,1.8,2,28,0
AC056,2026-03,39.44,16,17,2.8,1,31,0
AC056,2026-04,48.28,19,20,2.88,4,30,0
AC056,2026-05,18.8,9,9,2.08,2,31,0
AC056,2026-06,26.13,14,15,2.0,3,29,1
AC056,2026-07,60.61,21,21,2.61,5,30,1
AC056,2026-08,38.93,16,18,2.41,4,29,2
AC056,2026-09,21.01,9,9,2.43,2,29,1
AC057,2024-01,7.63,5,5,1.6,1,31,0
AC057,2024-02,14.56,6,7,2.25,1,29,0
AC057,2024-03,19.84,8,8,2.42,1,30,1
AC057,2024-04,11.32,4,4,2.9,1,29,1
AC057,2024-05,21.18,10,10,2.09,1,31,0
AC057,2024-06,5.68,4,4,1.56,1,29,1
AC057,2024-07,31.41,12,12,2.8,2,30,1
AC057,2024-08,14.23,6,6,2.87,1,31,0
AC057,2024-09,18.3,10,11,1.75,1,30,0
AC057,2024-10,34.2,12,14,2.27,3,31,0
AC057,2024-11,46.64,15,15,2.65,3,30,0
AC057,2024-12,17.94,10,10,2.04,1,29,2
AC057,2025-01,9.0,5,5,1.69,1,30,1
AC057,2025-02,13.33,7,7,1.68,1,28,0
AC057,2025-03,34.34,15,17,2.24,3,31,0
AC057,2025-04,32.9,12,14,2.74,2,30,0
AC057,2025-05,17.94,10,10,2.12,2,30,1
AC057,2025-06,29.39,11,11,2.66,1,30,0
AC057,2025-07,46.52,17,17,2.85,1,31,0
AC057,2025-08,31.0,12,13,2.86,1,31,0
AC057,2025-09,12.03,6,6,2.2,1,30,0
AC057,2025-10,19.29,10,11,2.15,1,30,1
AC057,2025-11,23.18,9,10,2.69,1,29,1
AC057,2025-12,12.13,7,7,1.64,1,30,1
AC057,2026-01,9.98,5,6,2.17,1,31,0
AC057,2026-02,20.68,12,14,1.9,1,28,0
AC057,2026-03,26.19,8,9,3.0,1,31,0
AC057,2026-04,27.91,10,11,2.88,1,30,0
AC057,2026-05,13.01,6,7,1.99,1,31,0
AC057,2026-06,23.16,13,15,1.81,2,29,1
AC057,2026-07,23.64,9,10,2.4,1,31,0
AC057,2026-08,10.39,6,7,1.78,1,30,1
AC057,2026-09,32.5,13,15,2.78,1,30,0
AC058,2024-01,18.62,9,10,2.15,2,31,0
AC058,2024-02,6.88,4,5,1.72,1,28,1
AC058,2024-03,19.15,7,7,2.66,1,29,2
AC058,2024-04,27.61,10,11,2.68,2,30,0
AC058,2024-05,25.1,10,11,2.33,2,31,0
AC058,2024-06,24.97,12,12,2.01,3,29,1
AC058,2024-07,21.99,8,9,2.6,2,31,0
AC058,2024-08,23.42,9,9,2.59,2,31,0
AC058,2024-09,21.51,10,10,1.94,2,30,0
AC058,2024-10,10.7,5,6,2.32,1,29,2
AC058,2024-11,35.28,15,16,2.32,3,29,1
AC058,2024-12,25.43,12,13,2.26,3,30,1
AC058,2025-01,16.43,8,8,2.23,1,31,0
AC058,2025-02,12.16,8,8,1.78,2,28,0
AC058,2025-03,33.35,13,15,2.54,1,31,0
AC058,2025-04,16.08,5,5,3.21,1,30,0
AC058,2025-05,14.97,9,10,1.82,2,31,0
AC058,2025-06,7.94,4,4,2.04,1,30,0
AC058,2025-07,35.96,14,15,2.63,3,31,0
AC058,2025-08,26.75,12,13,2.16,1,31,0
AC058,2025-09,35.68,13,14,2.5,3,29,1
AC058,2025-10,21.01,8,9,2.55,2,29,2
AC058,2025-11,22.0,10,11,2.34,2,30,0
AC058,2025-12,19.87,12,13,1.97,3,31,0
AC058,2026-01,17.25,7,7,2.28,1,29,2
AC058,2026-02,15.18,8,8,1.89,1,27,1
AC058,2026-03,19.56,8,8,2.57,1,31,0
AC058,2026-04,29.45,13,14,2.48,1,30,0
AC058,2026-05,20.84,8,8,2.57,2,31,0
AC058,2026-06,15.98,9,10,1.65,2,29,1
AC058,2026-07,24.29,8,8,2.92,2,31,0
AC058,2026-08,8.85,4,5,2.2,1,31,0
AC058,2026-09,30.96,12,13,2.56,1,29,1
AC059,2024-01,20.2,11,12,1.88,2,30,1
AC059,2024-02,17.99,11,12,1.61,2,29,0
AC059,2024-03,26.93,11,11,2.41,2,31,0
AC059,2024-04,57.08,19,20,3.28,2,28,2
AC059,2024-05,14.93,7,8,1.96,1,31,0
AC059,2024-06,36.08,13,13,2.54,3,30,0
AC059,2024-07,23.67,12,13,2.38,3,30,1
AC059,2024-08,43.39,15,15,2.9,2,31,0
AC059,2024-09,30.54,14,16,2.16,3,30,0
AC059,2024-10,38.77,15,16,2.58,3,31,0
AC059,2024-11,29.08,12,13,2.61,3,30,0
AC059,2024-12,29.68,14,15,2.35,2,31,0
AC059,2025-01,22.56,13,14,1.62,3,31,0
AC059,2025-02,14.87,7,8,2.36,1,27,1
AC059,2025-03,61.0,21,21,2.98,5,31,0
AC059,2025-04,33.24,15,17,2.5,3,29,1
AC059,2025-05,45.17,19,21,2.44,4,31,0
AC059,2025-06,28.54,13,14,2.16,1,30,0
AC059,2025-07,81.37,29,33,2.89,7,31,0
AC059,2025-08,27.7,10,10,2.68,2,30,1
AC059,2025-09,29.65,13,13,2.06,3,30,0
AC059,2025-10,45.14,16,16,2.52,3,31,0
AC059,2025-11,32.67,13,14,2.55,3,30,0
AC059,2025-12,32.83,17,18,1.86,4,31,0
AC059,2026-01,20.92,9,9,2.17,1,30,1
AC059,2026-02,6.33,5,5,1.2,1,28,0
AC059,2026-03,34.21,12,12,2.63,2,31,0
AC059,2026-04,42.21,18,19,2.65,4,30,0
AC059,2026-05,17.73,8,9,2.12,2,31,0
AC059,2026-06,38.41,20,20,2.12,5,30,0
AC059,2026-07,21.97,10,11,2.11,2,29,2
AC059,2026-08,31.32,10,11,2.86,2,31,0
AC059,2026-09,12.5,5,5,2.42,1,30,0
AC060,2024-01,27.55,10,11,2.34,2,31,0
AC060,2024-02,10.29,4,4,2.33,1,29,0
AC060,2024-03,10.79,4,4,2.84,1,31,0
AC060,2024-04,26.06,9,9,3.04,1,30,0
AC060,2024-05,11.36,5,5,2.3,1,31,0
AC060,2024-06,10.0,6,6,1.76,1,29,1
AC060,2024-07,13.16,6,7,2.55,1,31,0
AC060,2024-08,22.86,9,9,2.2,1,29,2
AC060,2024-09,15.75,7,7,2.42,1,29,1
AC060,2024-10,13.27,5,6,2.64,1,31,0
AC060,2024-11,31.19,10,10,2.93,1,30,0
AC060,2024-12,9.01,7,7,1.65,1,31,0
AC060,2025-01,9.59,5,5,1.98,1,31,0
AC060,2025-02,9.17,5,5,2.3,1,28,0
AC060,2025-03,19.88,7,7,3.19,1,31,0
AC060,2025-04,19.01,7,8,2.31,1,30,0
AC060,2025-05,27.86,10,11,2.64,1,30,1
AC060,2025-06,11.35,4,4,2.75,1,30,0
AC060,2025-07,12.67,5,6,2.17,1,31,0
AC060,2025-08,14.42,6,6,2.47,1,29,2
AC060,2025-09,9.94,4,4,2.23,1,30,0
AC060,2025-10,10.24,5,5,2.33,1,31,0
AC060,2025-11,14.82,6,6,2.23,1,30,0
AC060,2025-12,6.51,4,4,1.72,1,30,1
AC060,2026-01,6.61,4,4,1.45,1,31,0
AC060,2026-02,7.6,4,4,1.95,1,27,1
AC060,2026-03,46.69,19,20,2.24,1,30,1
AC060,2026-04,23.87,9,9,2.59,2,30,0
AC060,2026-05,19.03,7,7,2.68,1,31,0
AC060,2026-06,10.09,4,4,2.19,1,30,0
AC060,2026-07,9.99,4,4,2.48,1,31,0
AC060,2026-08,20.78,8,8,2.53,1,30,1
AC060,2026-09,22.55,9,10,2.56,1,30,0
AC061,2024-01,21.59,11,11,1.93,1,31,0
AC061,2024-02,29.04,15,16,1.94,2,29,0
AC061,2024-03,44.41,15,16,2.63,3,31,0
AC061,2024-04,31.82,10,11,2.91,2,30,0
AC061,2024-05,21.34,12,12,1.68,3,31,0
AC061,2024-06,24.58,10,11,2.33,2,30,0
AC061,2024-07,46.35,17,18,2.54,4,31,0
AC061,2024-08,47.09,21,22,2.32,2,30,1
AC061,2024-09,35.12,10,12,3.24,2,30,0
AC061,2024-10,39.75,18,18,2.05,4,31,0
AC061,2024-11,33.91,14,15,2.49,3,29,1
AC061,2024-12,25.18,13,13,1.88,3,31,0
AC061,2025-01,13.9,10,11,1.32,2,31,0
AC061,2025-02,22.5,11,13,1.89,2,28,0
AC061,2025-03,37.89,14,15,3.11,3,31,0
AC061,2025-04,31.68,14,14,2.16,3,29,1
AC061,2025-05,24.99,11,12,2.22,1,31,0
AC061,2025-06,12.03,7,8,1.76,1,30,0
AC061,2025-07,48.36,14,15,2.91,3,31,0
AC061,2025-08,23.38,8,9,3.12,2,31,0
AC061,2025-09,29.27,11,13,2.53,2,30,0
AC061,2025-10,17.92,8,8,2.16,1,31,0
AC061,2025-11,33.47,21,22,1.59,5,30,0
AC061,2025-12,19.16,12,12,1.51,1,31,0
AC061,2026-01,19.89,9,10,2.18,1,31,0
AC061,2026-02,23.66,13,14,1.89,3,28,0
AC061,2026-03,22.96,10,11,2.2,2,30,1
AC061,2026-04,54.95,18,18,2.91,4,30,0
AC061,2026-05,28.49,15,16,2.07,3,31,0
AC061,2026-06,15.87,9,10,1.74,2,30,0
AC061,2026-07,25.33,10,10,2.74,1,31,0
AC061,2026-08,31.98,16,17,2.22,4,31,0
AC061,2026-09,18.67,11,12,1.92,2,30,0
AC062,2024-01,14.84,8,9,1.67,2,31,0
AC062,2024-02,11.93,7,8,1.8,1,29,0
AC062,2024-03,13.96,5,5,2.92,1,31,0
AC062,2024-04,22.82,8,9,2.45,1,30,0
AC062,2024-05,10.16,4,4,2.18,1,30,1
AC062,2024-06,19.85,7,8,2.57,1,29,1
AC062,2024-07,11.34,4,5,2.64,1,31,0
AC062,2024-08,31.7,11,12,2.78,2,30,1
AC062,2024-09,18.74,7,8,2.4,1,30,0
AC062,2024-10,19.44,8,8,2.53,2,31,0
AC062,2024-11,22.2,8,8,2.62,2,30,0
AC062,2024-12,7.32,4,4,1.87,1,31,0
AC062,2025-01,13.09,5,5,2.45,1,31,0
AC062,2025-02,7.82,4,4,1.97,1,28,0
AC062,2025-03,16.65,5,5,2.95,1,30,1
AC062,2025-04,10.26,4,4,2.49,1,30,0
AC062,2025-05,8.69,4,4,1.89,1,30,1
AC062,2025-06,7.85,4,4,1.81,1,30,0
AC062,2025-07,8.53,4,4,2.15,1,31,0
AC062,2025-08,23.76,8,8,2.87,1,31,0
AC062,2025-09,26.42,10,11,2.74,2,30,0
AC062,2025-10,8.54,4,5,2.44,1,31,0
AC062,2025-11,9.2,4,4,2.38,1,30,0
AC062,2025-12,6.95,4,4,1.68,1,30,1
AC062,2026-01,13.9,8,8,1.63,2,31,0
AC062,2026-02,12.71,6,6,1.88,1,28,0
AC062,2026-03,20.77,8,8,2.74,2,31,0
AC062,2026-04,15.9,7,7,2.42,1,30,0
AC062,2026-05,9.35,4,4,2.25,1,31,0
AC062,2026-06,19.57,9,9,1.93,2,30,0
AC062,2026-07,15.78,6,7,2.42,1,31,0
AC062,2026-08,10.03,4,4,2.46,1,31,0
AC062,2026-09,17.67,8,9,2.27,1,29,1
AC063,2024-01,14.34,7,7,1.87,1,31,0
AC063,2024-02,10.88,8,9,1.49,2,29,0
AC063,2024-03,11.08,6,7,2.14,1,29,2
AC063,2024-04,10.04,5,6,2.43,1,30,0
AC063,2024-05,16.9,8,8,1.99,1,29,2
AC063,2024-06,13.23,6,6,2.09,1,30,0
AC063,2024-07,14.22,6,6,2.38,1,31,0
AC063,2024-08,20.5,8,8,2.44,2,31,0
AC063,2024-09,13.97,5,5,2.94,1,30,0
AC063,2024-10,8.2,4,4,2.17,1,30,1
AC063,2024-11,17.62,6,6,2.82,1,30,0
AC063,2024-12,6.88,4,4,1.8,1,30,1
AC063,2025-01,8.47,4,4,2.08,1,30,1
AC063,2025-02,8.92,4,4,2.17,1,28,0
AC063,2025-03,10.02,4,4,2.41,1,31,0
AC063,2025-04,17.6,5,5,3.21,1,29,1
AC063,2025-05,11.5,6,7,2.13,1,31,0
AC063,2025-06,13.89,6,6,2.16,1,30,0
AC063,2025-07,16.63,6,6,2.68,1,29,2
AC063,2025-08,16.39,7,7,2.52,1,30,1
AC063,2025-09,14.71,5,5,2.64,1,29,1
AC063,2025-10,7.74,4,4,2.01,1,30,1
AC063,2025-11,9.57,4,4,2.27,1,30,0
AC063,2025-12,11.04,6,7,1.67,1,31,0
AC063,2026-01,26.11,13,15,1.87,3,31,0
AC063,2026-02,7.39,4,4,1.84,1,28,0
AC063,2026-03,24.6,8,9,2.98,1,30,1
AC063,2026-04,10.35,4,5,2.78,1,30,0
AC063,2026-05,8.51,4,4,2.13,1,30,1
AC063,2026-06,16.77,7,7,2.38,1,29,1
AC063,2026-07,12.47,4,4,2.63,1,31,0
AC063,2026-08,8.56,4,4,2.11,1,31,0
AC063,2026-09,9.52,4,4,2.26,1,30,0
AC064,2024-01,9.55,5,5,2.28,1,29,2
AC064,2024-02,9.15,4,4,2.09,1,29,0
AC064,2024-03,8.87,4,4,2.15,1,31,0
AC064,2024-04,10.55,4,4,2.65,1,30,0
AC064,2024-05,8.45,5,5,1.77,1,30,1
AC064,2024-06,8.34,4,4,2.19,1,29,1
AC064,2024-07,13.34,7,8,2.17,1,31,0
AC064,2024-08,16.44,7,7,2.43,1,30,1
AC064,2024-09,8.73,4,4,1.97,1,29,1
AC064,2024-10,14.3,6,6,2.35,1,31,0
AC064,2024-11,8.58,5,5,2.08,1,30,0
AC064,2024-12,8.56,4,4,1.9,1,31,0
AC064,2025-01,8.92,4,4,2.44,1,31,0
AC064,2025-02,14.47,6,6,2.16,1,27,1
AC064,2025-03,11.79,4,4,2.65,1,31,0
AC064,2025-04,18.08,9,10,2.63,2,30,0
AC064,2025-05,10.67,4,4,2.7,1,30,1
AC064,2025-06,23.96,10,10,2.49,1,29,1
AC064,2025-07,15.68,6,7,2.58,1,31,0
AC064,2025-08,29.33,11,11,2.62,2,31,0
AC064,2025-09,31.13,9,9,2.86,1,30,0
AC064,2025-10,15.88,8,8,1.99,2,31,0
AC064,2025-11,25.72,9,10,2.45,2,30,0
AC064,2025-12,18.18,9,9,2.07,2,31,0
AC064,2026-01,10.7,4,4,2.63,1,30,1
AC064,2026-02,6.43,4,4,1.86,1,28,0
AC064,2026-03,10.18,4,4,2.47,1,31,0
AC064,2026-04,36.1,10,10,3.22,2,30,0
AC064,2026-05,11.45,5,6,2.26,1,31,0
AC064,2026-06,7.38,4,4,1.74,1,30,0
AC064,2026-07,16.23,7,7,2.66,1,30,1
AC064,2026-08,7.57,4,4,2.02,1,30,1
AC064,2026-09,23.23,11,12,2.0,2,30,0
AC065,2024-01,24.9,12,13,1.87,3,31,0
AC065,2024-02,16.91,8,8,2.17,2,29,0
AC065,2024-03,18.27,7,7,2.62,1,31,0
AC065,2024-04,25.13,11,11,2.1,2,30,0
AC065,2024-05,13.1,5,5,2.71,1,31,0
AC065,2024-06,15.21,7,8,2.24,1,30,0
AC065,2024-07,17.72,7,7,2.5,1,29,2
AC065,2024-08,15.1,5,6,3.04,1,31,0
AC065,2024-09,13.68,6,6,2.36,1,29,1
AC065,2024-10,12.61,7,7,1.92,1,30,1
AC065,2024-11,16.41,6,6,2.61,1,30,0
AC065,2024-12,7.77,4,5,1.99,1,30,1
AC065,2025-01,8.67,6,6,1.46,1,31,0
AC065,2025-02,14.39,7,7,2.07,1,28,0
AC065,2025-03,14.71,6,6,2.57,1,31,0
AC065,2025-04,11.82,5,6,2.47,1,29,1
AC065,2025-05,14.07,6,6,2.11,1,31,0
AC065,2025-06,10.16,4,4,2.44,1,30,0
AC065,2025-07,31.32,13,15,2.66,3,31,0
AC065,2025-08,27.81,9,10,2.97,2,31,0
AC065,2025-09,9.32,5,5,1.85,1,30,0
AC065,2025-10,7.2,4,4,1.85,1,30,1
AC065,2025-11,8.07,4,4,2.59,1,30,0
AC065,2025-12,13.73,14,15,1.22,3,31,0
AC065,2026-01,19.19,10,10,1.77,1,30,1
AC065,2026-02,15.27,8,8,2.06,1,28,0
AC065,2026-03,21.61,8,9,2.7,2,30,1
AC065,2026-04,19.86,8,9,2.27,2,30,0
AC065,2026-05,19.52,8,8,2.39,2,30,1
AC065,2026-06,14.19,6,6,2.52,1,30,0
AC065,2026-07,29.26,12,13,2.38,3,31,0
AC065,2026-08,10.08,4,4,2.32,1,30,1
AC065,2026-09,21.13,10,12,2.19,2,30,0
AC066,2024-01,20.44,8,9,2.47,2,31,0
AC066,2024-02,24.54,8,9,2.44,2,28,1
AC066,2024-03,30.8,9,10,3.09,2,31,0
AC066,2024-04,37.12,17,17,2.59,4,29,1
AC066,2024-05,20.29,10,10,2.12,1,30,1
AC066,2024-06,7.98,4,4,2.18,1,30,0
AC066,2024-07,20.38,7,7,2.67,1,30,1
AC066,2024-08,24.84,9,9,2.84,2,31,0
AC066,2024-09,12.21,7,7,1.83,1,30,0
AC066,2024-10,27.25,10,11,2.54,2,31,0
AC066,2024-11,28.97,11,12,2.55,2,29,1
AC066,2024-12,14.27,9,9,1.61,2,30,1
AC066,2025-01,19.2,10,11,1.9,1,30,1
AC066,2025-02,30.56,13,14,2.26,3,28,0
AC066,2025-03,8.88,4,4,2.49,1,31,0
AC066,2025-04,45.28,16,18,2.82,3,29,1
AC066,2025-05,22.2,7,7,2.68,1,31,0
AC066,2025-06,8.02,4,4,1.85,1,29,1
AC066,2025-07,20.89,8,8,2.76,1,31,0
AC066,2025-08,36.23,13,14,2.66,3,31,0
AC066,2025-09,11.44,6,7,2.05,1,30,0
AC066,2025-10,14.35,9,9,1.9,2,31,0
AC066,2025-11,28.53,9,10,2.81,1,30,0
AC066,2025-12,12.52,8,9,1.55,2,31,0
AC066,2026-01,7.35,4,4,1.94,1,31,0
AC066,2026-02,15.14,12,13,1.31,3,28,0
AC066,2026-03,29.83,12,12,2.78,3,31,0
AC066,2026-04,26.85,15,16,2.09,3,29,1
AC066,2026-05,30.14,12,13,2.59,3,31,0
AC066,2026-06,28.29,13,14,2.14,3,30,0
AC066,2026-07,28.48,10,10,2.66,1,31,0
AC066,2026-08,32.81,17,20,2.05,4,30,1
AC066,2026-09,24.77,10,11,2.57,2,30,0
AC067,2024-01,16.82,7,7,2.39,1,31,0
AC067,2024-02,17.59,7,8,2.47,1,28,1
AC067,2024-03,29.07,11,12,2.49,2,31,0
AC067,2024-04,27.63,12,13,2.23,1,30,0
AC067,2024-05,15.36,8,9,1.83,2,31,0
AC067,2024-06,14.63,7,7,2.03,1,29,1
AC067,2024-07,11.31,4,4,2.67,1,31,0
AC067,2024-08,30.6,10,11,2.81,2,31,0
AC067,2024-09,20.0,7,8,3.27,1,30,0
AC067,2024-10,30.22,12,13,2.24,1,31,0
AC067,2024-11,10.57,4,4,2.44,1,30,0
AC067,2024-12,22.89,11,12,1.97,2,30,1
AC067,2025-01,9.49,5,6,2.13,1,31,0
AC067,2025-02,13.41,7,7,1.93,1,28,0
AC067,2025-03,57.04,17,18,3.27,4,31,0
AC067,2025-04,16.28,5,6,2.89,1,30,0
AC067,2025-05,26.62,11,12,2.36,2,31,0
AC067,2025-06,13.69,6,6,2.46,1,29,1
AC067,2025-07,13.06,6,7,2.62,1,30,1
AC067,2025-08,26.48,11,12,2.62,2,31,0
AC067,2025-09,29.83,13,13,2.49,3,30,0
AC067,2025-10,23.03,9,9,2.8,2,31,0
AC067,2025-11,43.62,14,16,2.83,3,30,0
AC067,2025-12,14.12,7,8,1.99,1,31,0
AC067,2026-01,18.23,7,8,2.28,1,31,0
AC067,2026-02,23.68,10,11,2.32,2,28,0
AC067,2026-03,25.51,12,12,2.26,3,31,0
AC067,2026-04,30.55,12,14,2.57,3,30,0
AC067,2026-05,23.34,11,12,2.33,2,31,0
AC067,2026-06,18.07,8,8,2.18,2,30,0
AC067,2026-07,15.72,9,10,2.0,2,31,0
AC067,2026-08,27.38,11,12,2.67,2,30,1
AC067,2026-09,7.03,4,4,1.79,1,29,1
AC068,2024-01,7.24,4,4,1.85,1,31,0
AC068,2024-02,8.95,4,4,2.07,1,29,0
AC068,2024-03,24.65,8,8,2.73,2,31,0
AC068,2024-04,8.97,4,4,2.42,1,30,0
AC068,2024-05,10.63,5,6,2.05,1,31,0
AC068,2024-06,15.38,7,7,2.27,1,30,0
AC068,2024-07,20.46,8,8,2.57,2,30,1
AC068,2024-08,15.33,6,6,2.61,1,31,0
AC068,2024-09,9.58,5,5,1.93,1,30,0
AC068,2024-10,13.04,7,7,1.91,1,31,0
AC068,2024-11,17.35,7,7,2.3,1,29,1
AC068,2024-12,10.86,6,6,1.85,1,31,0
AC068,2025-01,23.32,10,11,2.18,2,31,0
AC068,2025-02,20.93,12,12,1.68,3,28,0
AC068,2025-03,23.36,10,10,2.3,2,31,0
AC068,2025-04,13.33,5,5,2.74,1,30,0
AC068,2025-05,13.23,5,5,2.65,1,31,0
AC068,2025-06,24.24,10,11,2.19,2,30,0
AC068,2025-07,12.06,5,5,2.3,1,31,0
AC068,2025-08,31.59,11,12,2.61,2,31,0
AC068,2025-09,13.51,6,7,2.31,1,30,0
AC068,2025-10,9.19,4,4,2.36,1,31,0
AC068,2025-11,14.39,6,7,2.34,1,30,0
AC068,2025-12,11.5,6,6,1.92,1,31,0
AC068,2026-01,10.39,5,5,1.97,1,31,0
AC068,2026-02,13.61,5,5,2.46,1,27,1
AC068,2026-03,25.51,9,10,2.7,2,31,0
AC068,2026-04,9.33,4,5,2.25,1,29,1
AC068,2026-05,20.55,7,8,2.84,1,30,1
AC068,2026-06,18.73,6,6,2.57,1,30,0
AC068,2026-07,9.46,4,4,2.52,1,31,0
AC068,2026-08,27.07,11,12,2.6,2,31,0
AC068,2026-09,12.49,6,6,2.41,1,29,1
AC069,2024-01,10.59,7,8,1.56,1,30,1
AC069,2024-02,13.76,6,6,1.87,1,29,0
AC069,2024-03,12.26,6,6,2.25,1,31,0
AC069,2024-04,19.2,7,8,2.47,1,30,0
AC069,2024-05,12.57,6,7,2.17,1,31,0
AC069,2024-06,19.66,7,8,2.49,1,30,0
AC069,2024-07,20.44,7,7,2.64,1,31,0
AC069,2024-08,25.37,9,10,2.67,2,31,0
AC069,2024-09,13.47,6,7,2.16,1,30,0
AC069,2024-10,21.48,9,9,2.2,2,31,0
AC069,2024-11,15.38,6,6,2.83,1,30,0
AC069,2024-12,8.08,6,6,1.5,1,31,0
AC069,2025-01,14.56,6,6,2.58,1,31,0
AC069,2025-02,9.08,4,4,2.12,1,28,0
AC069,2025-03,22.19,8,8,2.81,2,31,0
AC069,2025-04,13.24,6,6,2.45,1,29,1
AC069,2025-05,13.56,5,5,2.46,1,31,0
AC069,2025-06,12.83,5,5,2.52,1,30,0
AC069,2025-07,18.82,8,9,2.54,2,31,0
AC069,2025-08,18.94,7,8,2.57,1,31,0
AC069,2025-09,10.71,5,5,2.34,1,29,1
AC069,2025-10,17.0,7,7,2.08,1,30,1
AC069,2025-11,12.93,5,6,2.48,1,30,0
AC069,2025-12,7.08,4,5,1.72,1,31,0
AC069,2026-01,9.43,5,5,1.92,1,31,0
AC069,2026-02,10.8,4,4,2.54,1,28,0
AC069,2026-03,21.9,9,9,2.53,2,31,0
AC069,2026-04,28.26,13,13,2.33,3,30,0
AC069,2026-05,12.16,6,6,2.32,1,30,1
AC069,2026-06,16.75,8,8,2.27,2,29,1
AC069,2026-07,11.41,5,5,2.56,1,31,0
AC069,2026-08,31.09,12,13,2.4,1,31,0
AC069,2026-09,7.32,4,4,2.16,1,30,0
AC070,2024-01,39.15,17,18,2.12,4,30,1
AC070,2024-02,32.97,17,17,1.74,4,29,0
AC070,2024-03,77.01,31,31,2.41,7,31,0
AC070,2024-04,40.08,15,16,2.78,3,30,0
AC070,2024-05,13.08,7,7,1.99,1,31,0
AC070,2024-06,17.85,9,10,1.69,2,30,0
AC070,2024-07,33.26,13,14,2.43,3,30,1
AC070,2024-08,36.7,22,22,1.78,3,31,0
AC070,2024-09,59.34,19,21,2.98,4,29,1
AC070,2024-10,44.37,17,17,2.66,4,31,0
AC070,2024-11,29.73,12,13,2.55,1,30,0
AC070,2024-12,11.66,6,6,1.92,1,31,0
AC070,2025-01,29.22,19,19,1.68,4,31,0
AC070,2025-02,16.05,9,9,1.68,1,28,0
AC070,2025-03,53.02,20,21,2.54,3,31,0
AC070,2025-04,42.3,16,18,2.82,4,30,0
AC070,2025-05,19.44,14,15,1.47,3,31,0
AC070,2025-06,29.45,17,18,1.65,4,30,0
AC070,2025-07,49.39,17,19,2.65,4,31,0
AC070,2025-08,39.85,15,15,2.76,3,31,0
AC070,2025-09,50.83,21,21,2.63,5,30,0
AC070,2025-10,40.58,17,18,2.52,4,31,0
AC070,2025-11,47.52,14,15,2.72,3,30,0
AC070,2025-12,11.91,7,7,1.6,1,29,2
AC070,2026-01,15.71,8,9,2.02,2,31,0
AC070,2026-02,27.19,16,17,1.94,4,28,0
AC070,2026-03,45.76,16,17,2.89,4,31,0
AC070,2026-04,30.25,12,13,2.92,3,30,0
AC070,2026-05,38.98,15,15,2.47,3,31,0
AC070,2026-06,58.6,28,32,1.98,6,29,1
AC070,2026-07,35.07,14,14,2.88,3,31,0
AC070,2026-08,57.26,23,24,2.74,5,31,0
AC070,2026-09,49.6,16,16,2.53,2,30,0
AC071,2024-01,9.64,4,4,2.24,1,31,0
AC071,2024-02,9.02,6,7,1.78,1,29,0
AC071,2024-03,25.6,8,9,3.09,2,31,0
AC071,2024-04,20.69,7,8,2.8,1,30,0
AC071,2024-05,16.43,8,9,2.09,1,31,0
AC071,2024-06,15.88,6,7,2.42,1,30,0
AC071,2024-07,12.66,6,7,2.23,1,30,1
AC071,2024-08,19.41,9,9,2.27,1,31,0
AC071,2024-09,8.31,4,4,2.14,1,30,0
AC071,2024-10,16.22,6,7,2.54,1,31,0
AC071,2024-11,15.41,9,9,1.58,2,30,0
AC071,2024-12,12.92,6,7,2.06,1,31,0
AC071,2025-01,12.8,6,6,2.39,1,31,0
AC071,2025-02,13.8,7,7,1.93,1,28,0
AC071,2025-03,16.03,5,5,3.0,1,31,0
AC071,2025-04,13.29,5,5,2.61,1,30,0
AC071,2025-05,9.93,5,5,2.23,1,31,0
AC071,2025-06,11.86,6,7,2.23,1,29,1
AC071,2025-07,11.64,4,4,2.66,1,31,0
AC071,2025-08,21.56,8,8,2.51,1,31,0
AC071,2025-09,16.63,9,9,2.26,2,30,0
AC071,2025-10,27.36,13,13,2.11,3,31,0
AC071,2025-11,10.55,4,4,2.47,1,30,0
AC071,2025-12,18.01,8,9,2.28,1,31,0
AC071,2026-01,7.18,4,4,1.98,1,31,0
AC071,2026-02,10.76,6,6,1.7,1,28,0
AC071,2026-03,12.05,4,4,3.03,1,30,1
AC071,2026-04,8.93,4,4,2.31,1,30,0
AC071,2026-05,14.17,7,7,2.32,1,31,0
AC071,2026-06,7.25,4,4,1.9,1,30,0
AC071,2026-07,22.49,9,10,2.75,2,31,0
AC071,2026-08,24.41,8,9,3.03,2,31,0
AC071,2026-09,17.83,7,7,2.39,1,30,0
AC072,2024-01,10.6,5,5,2.18,1,31,0
AC072,2024-02,11.49,8,8,1.36,1,29,0
AC072,2024-03,33.75,13,13,2.7,3,31,0
AC072,2024-04,38.11,17,19,2.13,4,29,1
AC072,2024-05,12.96,6,7,2.09,1,30,1
AC072,2024-06,17.44,10,11,1.98,2,30,0
AC072,2024-07,19.96,9,9,2.64,2,30,1
AC072,2024-08,25.41,9,10,3.05,2,31,0
AC072,2024-09,26.66,10,11,2.52,1,29,1
AC072,2024-10,37.7,19,19,1.89,4,31,0
AC072,2024-11,48.93,21,21,2.4,2,30,0
AC072,2024-12,26.47,14,15,2.18,3,31,0
AC072,2025-01,16.45,9,9,1.88,2,31,0
AC072,2025-02,18.21,9,10,2.24,1,28,0
AC072,2025-03,33.13,13,15,2.68,3,31,0
AC072,2025-04,31.08,12,13,2.63,3,29,1
AC072,2025-05,21.85,10,11,2.15,2,30,1
AC072,2025-06,11.09,5,5,2.4,1,30,0
AC072,2025-07,28.35,10,11,2.66,2,30,1
AC072,2025-08,14.33,6,7,2.49,1,31,0
AC072,2025-09,50.35,21,24,2.43,5,30,0
AC072,2025-10,25.97,12,13,2.25,3,31,0
AC072,2025-11,18.0,8,9,2.18,1,30,0
AC072,2025-12,14.41,10,10,1.29,2,31,0
AC072,2026-01,9.27,7,7,1.35,1,30,1
AC072,2026-02,17.07,9,9,1.74,1,28,0
AC072,2026-03,42.54,14,16,2.66,3,31,0
AC072,2026-04,54.7,19,20,2.78,4,30,0
AC072,2026-05,21.94,7,7,2.58,1,31,0
AC072,2026-06,27.48,12,14,2.23,2,30,0
AC072,2026-07,17.88,6,7,2.71,1,31,0
AC072,2026-08,21.14,8,9,2.46,2,31,0
AC072,2026-09,8.97,4,4,2.24,1,30,0
AC073,2024-01,22.71,10,11,2.28,1,29,2
AC073,2024-02,65.44,24,26,2.59,5,29,0
AC073,2024-03,28.3,10,11,2.99,2,31,0
AC073,2024-04,42.75,17,19,2.51,3,30,0
AC073,2024-05,8.6,4,4,2.33,1,31,0
AC073,2024-06,34.98,14,15,2.38,3,29,1
AC073,2024-07,70.03,23,23,2.85,5,31,0
AC073,2024-08,47.92,14,14,3.32,2,30,1
AC073,2024-09,38.91,16,17,2.33,3,30,0
AC073,2024-10,35.86,18,19,1.91,4,31,0
AC073,2024-11,37.82,16,16,2.39,4,30,0
AC073,2024-12,27.0,13,15,1.85,3,31,0
AC073,2025-01,39.04,23,25,1.76,5,31,0
AC073,2025-02,30.58,16,17,1.84,1,28,0
AC073,2025-03,35.34,13,13,2.58,3,31,0
AC073,2025-04,23.99,10,10,2.59,2,30,0
AC073,2025-05,23.01,11,12,2.02,1,31,0
AC073,2025-06,17.37,8,9,2.29,2,29,1
AC073,2025-07,70.67,25,28,2.68,6,31,0
AC073,2025-08,44.86,21,22,2.24,5,31,0
AC073,2025-09,24.64,9,10,2.37,2,30,0
AC073,2025-10,36.59,18,20,1.92,3,31,0
AC073,2025-11,46.86,18,19,2.31,4,30,0
AC073,2025-12,22.14,10,11,2.55,2,31,0
AC073,2026-01,28.99,13,13,2.37,1,31,0
AC073,2026-02,30.85,20,23,1.62,3,28,0
AC073,2026-03,23.63,12,14,2.12,1,31,0
AC073,2026-04,59.63,22,23,2.75,4,29,1
AC073,2026-05,24.41,10,11,2.55,2,31,0
AC073,2026-06,33.92,16,16,2.25,4,30,0
AC073,2026-07,55.61,19,21,2.59,4,29,2
AC073,2026-08,42.02,12,13,3.02,3,31,0
AC073,2026-09,40.78,18,19,2.22,4,30,0
AC074,2024-01,30.8,15,16,1.92,3,30,1
AC074,2024-02,6.98,4,4,1.62,1,28,1
AC074,2024-03,21.28,9,10,2.47,2,31,0
AC074,2024-04,20.11,8,8,2.49,1,30,0
AC074,2024-05,20.69,9,10,2.28,2,31,0
AC074,2024-06,15.72,6,6,2.37,1,30,0
AC074,2024-07,48.66,20,20,2.8,1,30,1
AC074,2024-08,25.13,9,10,3.23,1,31,0
AC074,2024-09,17.9,10,10,1.95,1,29,1
AC074,2024-10,19.75,9,10,2.33,2,30,1
AC074,2024-11,9.31,4,4,2.47,1,30,0
AC074,2024-12,22.1,12,12,2.03,1,30,1
AC074,2025-01,24.69,15,16,1.44,3,30,1
AC074,2025-02,10.98,5,5,2.01,1,27,1
AC074,2025-03,27.24,9,9,2.81,2,30,1
AC074,2025-04,41.93,17,17,2.31,4,30,0
AC074,2025-05,20.47,11,11,2.05,2,31,0
AC074,2025-06,22.74,13,14,1.92,1,29,1
AC074,2025-07,55.19,20,20,2.92,5,30,1
AC074,2025-08,20.63,7,8,2.84,1,30,1
AC074,2025-09,20.53,10,11,2.0,2,30,0
AC074,2025-10,26.69,13,13,2.16,3,31,0
AC074,2025-11,27.18,14,14,2.01,3,29,1
AC074,2025-12,15.44,8,9,1.91,2,31,0
AC074,2026-01,11.69,7,7,1.81,1,30,1
AC074,2026-02,25.43,12,13,2.05,1,28,0
AC074,2026-03,41.84,13,13,3.01,3,31,0
AC074,2026-04,40.15,16,17,2.46,4,30,0
AC074,2026-05,14.43,6,6,2.28,1,31,0
AC074,2026-06,14.73,6,6,2.14,1,30,0
AC074,2026-07,38.3,14,14,2.6,3,31,0
AC074,2026-08,17.46,7,7,2.53,1,29,2
AC074,2026-09,29.89,14,16,2.58,3,30,0
AC075,2024-01,17.92,9,10,2.0,2,31,0
AC075,2024-02,14.12,7,7,1.94,1,27,2
AC075,2024-03,30.89,11,12,2.76,2,31,0
AC075,2024-04,29.81,11,11,2.97,2,30,0
AC075,2024-05,36.56,19,20,1.88,2,31,0
AC075,2024-06,25.8,15,16,1.55,1,29,1
AC075,2024-07,20.93,9,10,2.17,2,31,0
AC075,2024-08,17.09,8,9,2.39,1,30,1
AC075,2024-09,38.61,17,18,2.42,4,29,1
AC075,2024-10,29.4,15,17,2.15,3,30,1
AC075,2024-11,22.73,9,10,2.74,2,30,0
AC075,2024-12,22.17,10,11,2.4,2,31,0
AC075,2025-01,18.81,8,9,2.37,1,30,1
AC075,2025-02,31.14,15,15,2.28,2,28,0
AC075,2025-03,22.5,8,9,2.85,2,31,0
AC075,2025-04,29.67,12,13,2.38,1,29,1
AC075,2025-05,30.14,14,15,1.88,3,30,1
AC075,2025-06,22.07,8,8,2.55,1,30,0
AC075,2025-07,58.43,17,18,3.28,4,31,0
AC075,2025-08,34.38,13,13,2.71,3,31,0
AC075,2025-09,26.77,10,11,2.61,2,29,1
AC075,2025-10,31.66,14,15,2.34,3,31,0
AC075,2025-11,21.39,9,9,2.45,2,29,1
AC075,2025-12,15.37,10,10,1.68,2,31,0
AC075,2026-01,16.11,9,10,2.04,1,31,0
AC075,2026-02,9.08,6,6,1.66,1,28,0
AC075,2026-03,41.73,15,17,2.85,3,31,0
AC075,2026-04,36.41,12,13,2.82,2,29,1
AC075,2026-05,32.9,18,19,2.0,4,31,0
AC075,2026-06,23.24,8,8,2.9,1,30,0
AC075,2026-07,51.23,18,20,2.83,3,31,0
AC075,2026-08,37.44,19,20,2.18,3,31,0
AC075,2026-09,30.74,11,11,2.64,2,30,0
AC076,2024-01,8.34,4,4,2.26,1,31,0
AC076,2024-02,13.38,7,8,1.82,1,29,0
AC076,2024-03,21.92,8,8,2.55,2,31,0
AC076,2024-04,26.13,8,9,3.03,2,30,0
AC076,2024-05,10.27,4,5,2.65,1,31,0
AC076,2024-06,7.45,4,4,2.02,1,29,1
AC076,2024-07,12.22,5,5,2.58,1,30,1
AC076,2024-08,7.23,4,5,2.17,1,31,0
AC076,2024-09,27.52,10,11,2.76,1,29,1
AC076,2024-10,14.9,6,6,2.44,1,30,1
AC076,2024-11,10.1,5,5,2.36,1,30,0
AC076,2024-12,13.01,7,8,1.86,1,31,0
AC076,2025-01,12.6,5,5,2.24,1,31,0
AC076,2025-02,10.23,5,5,1.9,1,28,0
AC076,2025-03,16.7,7,8,2.62,1,31,0
AC076,2025-04,16.65,7,7,2.68,1,30,0
AC076,2025-05,14.7,7,7,2.3,1,31,0
AC076,2025-06,10.64,4,4,2.45,1,30,0
AC076,2025-07,20.39,7,8,2.94,1,31,0
AC076,2025-08,11.35,5,5,2.36,1,31,0
AC076,2025-09,12.46,5,6,2.43,1,29,1
AC076,2025-10,11.62,5,5,2.34,1,30,1
AC076,2025-11,15.63,6,7,2.66,1,30,0
AC076,2025-12,9.41,4,4,2.52,1,30,1
AC076,2026-01,13.56,7,7,1.96,1,31,0
AC076,2026-02,8.25,4,4,2.02,1,28,0
AC076,2026-03,21.67,9,9,2.64,2,31,0
AC076,2026-04,9.63,4,4,2.44,1,29,1
AC076,2026-05,6.81,4,4,1.74,1,30,1
AC076,2026-06,10.63,4,4,2.79,1,30,0
AC076,2026-07,20.06,9,9,2.37,2,31,0
AC076,2026-08,16.2,6,7,2.72,1,31,0
AC076,2026-09,20.23,7,8,2.66,1,29,1
AC077,2024-01,11.55,6,7,1.78,1,30,1
AC077,2024-02,6.88,4,4,1.71,1,29,0
AC077,2024-03,27.83,11,12,2.94,2,31,0
AC077,2024-04,32.71,10,11,3.2,2,30,0
AC077,2024-05,10.68,5,6,1.94,1,30,1
AC077,2024-06,9.03,5,5,1.81,1,30,0
AC077,2024-07,28.41,10,10,2.67,2,31,0
AC077,2024-08,33.01,10,10,2.76,2,31,0
AC077,2024-09,18.68,10,11,1.93,2,30,0
AC077,2024-10,21.11,11,11,2.14,1,31,0
AC077,2024-11,26.12,9,9,2.94,2,30,0
AC077,2024-12,9.91,9,9,1.16,2,29,2
AC077,2025-01,13.61,6,7,2.2,1,31,0
AC077,2025-02,19.99,10,11,1.99,2,28,0
AC077,2025-03,42.77,16,18,2.89,4,31,0
AC077,2025-04,22.82,9,9,2.45,1,30,0
AC077,2025-05,21.4,11,12,2.13,2,31,0
AC077,2025-06,10.52,5,5,2.13,1,30,0
AC077,2025-07,37.13,13,15,2.77,3,31,0
AC077,2025-08,24.26,10,10,2.49,2,30,1
AC077,2025-09,16.86,7,7,2.92,1,30,0
AC077,2025-10,33.53,14,15,2.76,3,31,0
AC077,2025-11,19.73,9,10,2.29,1,29,1
AC077,2025-12,10.41,5,5,1.81,1,31,0
AC077,2026-01,19.25,9,9,2.06,2,31,0
AC077,2026-02,10.35,5,5,2.07,1,27,1
AC077,2026-03,24.75,9,10,2.81,1,30,1
AC077,2026-04,16.07,7,7,2.43,1,27,3
AC077,2026-05,26.48,13,14,2.32,3,31,0
AC077,2026-06,15.05,11,13,1.66,2,30,0
AC077,2026-07,18.83,10,11,2.01,2,30,1
AC077,2026-08,54.14,16,16,2.98,3,31,0
AC077,2026-09,9.97,4,4,2.08,1,30,0
AC078,2024-01,18.06,8,9,2.15,2,31,0
AC078,2024-02,18.29,11,11,1.93,2,29,0
AC078,2024-03,45.7,16,16,2.78,4,31,0
AC078,2024-04,36.13,14,15,2.64,3,30,0
AC078,2024-05,21.51,11,12,2.18,2,31,0
AC078,2024-06,25.54,13,14,2.02,2,30,0
AC078,2024-07,47.05,16,17,2.56,2,31,0
AC078,2024-08,36.51,14,14,2.71,3,31,0
AC078,2024-09,26.92,10,10,2.45,2,30,0
AC078,2024-10,34.1,14,14,2.35,3,31,0
AC078,2024-11,25.46,11,12,2.38,2,30,0
AC078,2024-12,18.16,8,9,2.52,2,31,0
AC078,2025-01,21.41,9,10,2.29,2,31,0
AC078,2025-02,29.99,12,13,2.3,3,28,0
AC078,2025-03,19.32,8,9,2.08,2,31,0
AC078,2025-04,64.37,18,20,3.12,4,30,0
AC078,2025-05,25.24,10,11,2.33,2,31,0
AC078,2025-06,27.44,13,14,2.1,3,30,0
AC078,2025-07,44.49,15,16,3.07,3,30,1
AC078,2025-08,41.79,16,18,2.46,4,31,0
AC078,2025-09,25.91,11,11,2.37,2,28,2
AC078,2025-10,22.51,10,11,2.38,2,31,0
AC078,2025-11,35.2,14,15,2.71,3,30,0
AC078,2025-12,23.95,11,12,2.23,2,31,0
AC078,2026-01,19.0,9,10,1.92,2,31,0
AC078,2026-02,8.31,5,5,1.76,1,28,0
AC078,2026-03,39.76,17,18,2.55,4,31,0
AC078,2026-04,61.69,19,20,2.96,4,30,0
AC078,2026-05,27.43,14,17,1.92,1,31,0
AC078,2026-06,27.99,11,12,2.62,1,30,0
AC078,2026-07,22.21,9,9,2.43,2,31,0
AC078,2026-08,38.23,15,16,2.78,3,31,0
AC078,2026-09,23.5,11,11,1.9,2,29,1
AC079,2024-01,19.5,12,13,1.96,3,31,0
AC079,2024-02,10.95,6,7,2.0,1,29,0
AC079,2024-03,17.5,7,7,2.86,1,31,0
AC079,2024-04,33.49,12,12,2.76,3,29,1
AC079,2024-05,8.98,5,5,1.85,1,30,1
AC079,2024-06,24.06,11,11,2.34,1,30,0
AC079,2024-07,54.73,20,22,2.49,5,31,0
AC079,2024-08,22.4,10,11,2.34,2,31,0
AC079,2024-09,26.33,11,11,2.22,1,29,1
AC079,2024-10,11.2,5,5,2.29,1,31,0
AC079,2024-11,17.45,8,8,2.15,1,30,0
AC079,2024-12,14.02,8,8,1.67,1,31,0
AC079,2025-01,13.62,8,9,1.98,2,31,0
AC079,2025-02,12.34,7,8,1.96,1,28,0
AC079,2025-03,28.31,14,16,2.22,2,31,0
AC079,2025-04,42.13,20,21,2.24,5,30,0
AC079,2025-05,27.09,11,11,2.47,2,31,0
AC079,2025-06,21.15,12,12,2.16,3,30,0
AC079,2025-07,30.33,11,12,2.86,2,31,0
AC079,2025-08,48.18,16,17,2.61,2,30,1
AC079,2025-09,31.98,14,15,2.33,3,30,0
AC079,2025-10,17.83,6,6,2.53,1,29,2
AC079,2025-11,17.68,8,9,2.7,1,30,0
AC079,2025-12,15.52,11,11,1.42,1,31,0
AC079,2026-01,19.98,9,10,1.85,2,31,0
AC079,2026-02,13.89,7,8,2.1,1,28,0
AC079,2026-03,49.13,16,18,2.71,4,31,0
AC079,2026-04,18.12,8,9,2.38,2,30,0
AC079,2026-05,14.7,6,6,2.19,1,31,0
AC079,2026-06,27.68,12,13,2.16,1,30,0
AC079,2026-07,18.04,10,11,2.08,2,30,1
AC079,2026-08,33.27,14,15,2.57,3,31,0
AC079,2026-09,24.36,10,10,2.52,2,29,1
AC080,2024-01,22.26,10,10,2.28,2,31,0
AC080,2024-02,17.62,9,10,1.88,2,29,0
AC080,2024-03,32.1,10,10,3.0,2,31,0
AC080,2024-04,30.61,12,13,2.36,3,30,0
AC080,2024-05,24.32,12,13,2.05,3,30,1
AC080,2024-06,40.42,12,13,2.9,3,30,0
AC080,2024-07,59.87,20,21,2.99,5,30,1
AC080,2024-08,27.03,10,10,2.83,2,31,0
AC080,2024-09,19.46,9,9,2.17,2,30,0
AC080,2024-10,12.01,5,6,2.51,1,30,1
AC080,2024-11,38.45,16,17,2.22,4,30,0
AC080,2024-12,9.62,8,8,1.39,2,31,0
AC080,2025-01,8.09,6,6,1.63,1,31,0
AC080,2025-02,17.34,8,8,2.01,2,28,0
AC080,2025-03,35.42,16,17,2.37,4,31,0
AC080,2025-04,13.43,6,6,2.5,1,30,0
AC080,2025-05,31.34,13,15,2.84,2,31,0
AC080,2025-06,29.27,10,10,2.95,2,30,0
AC080,2025-07,19.96,8,8,2.66,2,31,0
AC080,2025-08,36.01,15,15,2.74,3,30,1
AC080,2025-09,26.45,10,10,2.45,2,30,0
AC080,2025-10,23.02,10,12,2.46,2,31,0
AC080,2025-11,28.61,13,14,2.3,3,30,0
AC080,2025-12,34.66,15,15,2.36,2,31,0
AC080,2026-01,16.04,8,8,2.13,1,31,0
AC080,2026-02,13.87,7,7,2.06,1,28,0
AC080,2026-03,31.04,13,13,2.42,3,31,0
AC080,2026-04,9.55,4,4,2.42,1,30,0
AC080,2026-05,25.21,12,13,2.12,3,31,0
AC080,2026-06,38.58,15,15,2.57,3,29,1
AC080,2026-07,24.78,11,11,2.42,2,31,0
AC080,2026-08,30.67,12,13,2.69,3,31,0
AC080,2026-09,18.6,10,11,2.2,2,29,1
AC081,2024-01,7.85,5,5,1.78,1,31,0
AC081,2024-02,14.8,6,6,2.49,1,27,2
AC081,2024-03,41.03,11,11,3.17,2,31,0
AC081,2024-04,15.39,7,7,2.11,1,29,1
AC081,2024-05,10.66,5,6,2.0,1,30,1
AC081,2024-06,15.91,8,8,1.96,1,30,0
AC081,2024-07,15.41,6,6,2.82,1,31,0
AC081,2024-08,15.48,6,6,2.56,1,31,0
AC081,2024-09,17.95,7,7,2.43,1,30,0
AC081,2024-10,15.46,6,6,2.44,1,30,1
AC081,2024-11,12.43,5,5,2.4,1,29,1
AC081,2024-12,9.07,4,4,2.09,1,31,0
AC081,2025-01,6.93,4,4,1.71,1,31,0
AC081,2025-02,12.53,7,7,1.68,1,28,0
AC081,2025-03,17.7,6,7,2.61,1,30,1
AC081,2025-04,18.07,7,8,2.59,1,30,0
AC081,2025-05,12.38,5,5,2.43,1,30,1
AC081,2025-06,9.45,5,5,2.12,1,29,1
AC081,2025-07,17.8,8,8,2.36,1,31,0
AC081,2025-08,8.44,4,4,2.37,1,31,0
AC081,2025-09,13.51,5,5,2.73,1,30,0
AC081,2025-10,10.67,4,4,2.39,1,31,0
AC081,2025-11,21.53,8,8,2.45,2,30,0
AC081,2025-12,8.56,5,5,1.93,1,30,1
AC081,2026-01,16.02,8,8,2.04,2,30,1
AC081,2026-02,11.83,7,7,1.79,1,28,0
AC081,2026-03,16.16,7,8,2.2,1,31,0
AC081,2026-04,34.38,11,12,2.78,2,30,0
AC081,2026-05,8.34,5,5,1.97,1,30,1
AC081,2026-06,13.16,5,6,2.53,1,30,0
AC081,2026-07,28.0,15,16,1.88,2,31,0
AC081,2026-08,28.53,10,11,2.93,2,31,0
AC081,2026-09,25.68,10,10,2.57,1,30,0
AC082,2024-01,7.03,4,5,1.87,1,30,1
AC082,2024-02,8.5,6,6,1.37,1,29,0
AC082,2024-03,22.65,8,8,2.66,1,31,0
AC082,2024-04,16.81,7,7,2.46,1,30,0
AC082,2024-05,9.41,5,5,1.71,1,30,1
AC082,2024-06,14.24,8,9,1.85,2,29,1
AC082,2024-07,15.22,5,5,2.58,1,31,0
AC082,2024-08,17.12,6,6,2.83,1,31,0
AC082,2024-09,10.87,4,4,2.61,1,30,0
AC082,2024-10,22.49,7,7,2.98,1,31,0
AC082,2024-11,7.85,4,4,2.07,1,29,1
AC082,2024-12,7.21,4,4,1.66,1,31,0
AC082,2025-01,19.62,9,10,2.19,2,31,0
AC082,2025-02,10.68,4,4,2.49,1,28,0
AC082,2025-03,21.29,7,7,2.93,1,30,1
AC082,2025-04,17.89,6,6,3.21,1,30,0
AC082,2025-05,8.74,4,4,2.62,1,31,0
AC082,2025-06,17.37,8,9,2.03,2,29,1
AC082,2025-07,11.27,4,4,2.91,1,31,0
AC082,2025-08,8.85,4,4,2.26,1,30,1
AC082,2025-09,17.06,8,8,2.07,1,29,1
AC082,2025-10,9.18,5,5,1.88,1,31,0
AC082,2025-11,12.27,5,5,2.59,1,29,1
AC082,2025-12,22.23,10,10,1.92,2,31,0
AC082,2026-01,9.0,4,4,2.18,1,31,0
AC082,2026-02,8.03,4,4,2.26,1,27,1
AC082,2026-03,10.02,5,6,2.09,1,30,1
AC082,2026-04,24.24,9,9,2.84,2,30,0
AC082,2026-05,19.11,9,9,2.38,2,31,0
AC082,2026-06,12.69,6,7,2.2,1,30,0
AC082,2026-07,9.84,5,5,2.15,1,31,0
AC082,2026-08,11.08,5,5,2.17,1,31,0
AC082,2026-09,15.28,6,6,2.58,1,30,0
AC083,2024-01,9.63,4,4,2.25,1,31,0
AC083,2024-02,10.79,5,6,2.1,1,29,0
AC083,2024-03,10.34,4,4,2.62,1,31,0
AC083,2024-04,35.41,11,12,3.03,1,30,0
AC083,2024-05,10.33,5,5,1.96,1,31,0
AC083,2024-06,19.2,10,11,2.04,1,30,0
AC083,2024-07,26.21,10,11,2.6,2,31,0
AC083,2024-08,28.46,10,11,2.75,2,31,0
AC083,2024-09,14.04,5,5,2.87,1,30,0
AC083,2024-10,10.44,5,5,2.08,1,31,0
AC083,2024-11,19.21,7,7,2.8,1,30,0
AC083,2024-12,11.74,7,7,1.69,1,31,0
AC083,2025-01,17.92,10,11,2.01,2,31,0
AC083,2025-02,9.66,5,5,1.83,1,28,0
AC083,2025-03,18.92,8,8,2.52,2,31,0
AC083,2025-04,10.12,4,4,2.55,1,30,0
AC083,2025-05,9.72,4,4,2.33,1,31,0
AC083,2025-06,11.53,7,7,1.67,1,30,0
AC083,2025-07,33.2,14,14,2.84,3,31,0
AC083,2025-08,10.07,4,5,2.74,1,31,0
AC083,2025-09,7.56,4,4,2.16,1,30,0
AC083,2025-10,9.64,4,4,2.49,1,31,0
AC083,2025-11,17.14,9,10,2.01,2,30,0
AC083,2025-12,6.22,4,4,1.41,1,31,0
AC083,2026-01,13.89,7,8,1.85,1,31,0
AC083,2026-02,12.27,7,7,1.75,1,27,1
AC083,2026-03,12.29,5,6,2.18,1,31,0
AC083,2026-04,12.9,5,5,2.75,1,30,0
AC083,2026-05,9.88,4,4,2.39,1,31,0
AC083,2026-06,15.0,7,8,2.1,1,30,0
AC083,2026-07,12.09,5,6,2.27,1,31,0
AC083,2026-08,13.83,6,6,2.19,1,31,0
AC083,2026-09,31.48,13,14,2.48,3,30,0
AC084,2024-01,30.9,11,11,2.69,2,30,1
AC084,2024-02,23.07,14,15,1.94,2,28,1
AC084,2024-03,38.81,15,16,2.49,2,31,0
AC084,2024-04,30.16,14,14,2.1,3,30,0
AC084,2024-05,21.72,11,12,2.2,2,31,0
AC084,2024-06,18.64,8,8,2.35,2,29,1
AC084,2024-07,31.04,14,15,2.58,3,31,0
AC084,2024-08,39.88,17,17,2.46,4,31,0
AC084,2024-09,35.45,17,18,2.34,4,30,0
AC084,2024-10,54.75,23,26,2.05,3,31,0
AC084,2024-11,57.09,24,24,2.24,5,30,0
AC084,2024-12,26.98,15,16,1.68,2,31,0
AC084,2025-01,29.1,11,11,2.17,2,31,0
AC084,2025-02,37.07,15,17,2.23,1,27,1
AC084,2025-03,44.25,15,16,2.48,3,30,1
AC084,2025-04,34.79,14,15,2.89,3,30,0
AC084,2025-05,22.05,12,12,1.77,2,31,0
AC084,2025-06,37.62,16,18,2.38,3,29,1
AC084,2025-07,42.35,13,14,3.12,3,31,0
AC084,2025-08,30.38,13,13,2.35,3,31,0
AC084,2025-09,16.65,8,8,2.51,1,29,1
AC084,2025-10,43.18,13,14,3.05,3,31,0
AC084,2025-11,47.65,19,20,2.27,4,29,1
AC084,2025-12,33.95,14,15,2.35,2,31,0
AC084,2026-01,22.33,16,18,1.57,2,31,0
AC084,2026-02,21.62,13,13,1.76,3,28,0
AC084,2026-03,45.88,16,17,3.04,4,31,0
AC084,2026-04,32.1,13,13,2.49,1,30,0
AC084,2026-05,43.04,18,19,2.09,4,30,1
AC084,2026-06,39.29,16,16,2.27,4,30,0
AC084,2026-07,23.24,10,10,2.28,2,30,1
AC084,2026-08,20.3,7,7,2.78,1,30,1
AC084,2026-09,35.8,15,15,2.44,2,30,0
AC085,2024-01,15.3,6,6,2.33,1,31,0
AC085,2024-02,8.6,4,4,2.22,1,28,1
AC085,2024-03,21.69,8,8,2.69,2,31,0
AC085,2024-04,18.43,7,8,2.87,1,30,0
AC085,2024-05,8.92,5,6,1.79,1,30,1
AC085,2024-06,11.17,6,6,1.83,1,30,0
AC085,2024-07,12.35,5,5,2.45,1,31,0
AC085,2024-08,12.87,5,6,2.52,1,31,0
AC085,2024-09,8.43,4,4,2.02,1,30,0
AC085,2024-10,18.82,7,8,2.49,1,31,0
AC085,2024-11,10.28,4,4,2.61,1,30,0
AC085,2024-12,8.06,4,4,1.87,1,31,0
AC085,2025-01,10.85,7,7,1.5,1,31,0
AC085,2025-02,8.03,5,5,1.65,1,28,0
AC085,2025-03,11.67,5,5,2.62,1,31,0
AC085,2025-04,18.26,7,7,2.36,1,30,0
AC085,2025-05,7.06,4,4,1.74,1,31,0
AC085,2025-06,28.04,11,12,2.59,2,30,0
AC085,2025-07,21.45,9,9,2.39,2,30,1
AC085,2025-08,18.74,7,8,2.71,1,31,0
AC085,2025-09,9.35,4,4,2.2,1,30,0
AC085,2025-10,11.86,6,6,1.81,1,31,0
AC085,2025-11,9.43,4,4,2.49,1,30,0
AC085,2025-12,15.31,7,7,2.25,1,31,0
AC085,2026-01,12.96,6,6,2.19,1,31,0
AC085,2026-02,8.16,4,4,1.9,1,28,0
AC085,2026-03,20.96,8,9,2.71,1,31,0
AC085,2026-04,12.4,6,6,2.27,1,29,1
AC085,2026-05,6.12,4,4,1.68,1,31,0
AC085,2026-06,16.25,8,8,2.1,1,30,0
AC085,2026-07,15.95,6,6,2.71,1,31,0
AC085,2026-08,15.73,5,5,3.07,1,31,0
AC085,2026-09,5.97,4,4,1.53,1,30,0
AC086,2024-01,13.97,6,6,1.99,1,31,0
AC086,2024-02,11.67,5,5,2.16,1,29,0
AC086,2024-03,22.01,8,9,2.69,2,31,0
AC086,2024-04,9.49,4,4,2.4,1,30,0
AC086,2024-05,10.35,5,6,2.17,1,31,0
AC086,2024-06,12.62,7,7,1.88,1,30,0
AC086,2024-07,12.16,5,5,2.53,1,31,0
AC086,2024-08,9.55,4,4,2.26,1,31,0
AC086,2024-09,14.35,6,6,2.55,1,30,0
AC086,2024-10,15.41,6,6,2.61,1,29,2
AC086,2024-11,18.57,7,7,2.5,1,30,0
AC086,2024-12,7.87,5,6,1.51,1,31,0
AC086,2025-01,0.0,0,0,0.0,0,30,1
AC086,2025-02,7.21,4,4,1.89,1,28,0
AC086,2025-03,26.39,8,8,3.03,1,29,2
AC086,2025-04,17.67,7,7,2.51,1,28,2
AC086,2025-05,8.26,4,4,2.14,1,31,0
AC086,2025-06,9.55,4,4,2.34,1,29,1
AC086,2025-07,15.99,7,7,2.16,1,31,0
AC086,2025-08,22.1,9,9,2.56,2,31,0
AC086,2025-09,29.31,10,10,2.74,2,30,0
AC086,2025-10,8.7,4,4,1.91,1,31,0
AC086,2025-11,22.97,9,9,2.68,2,30,0
AC086,2025-12,8.26,4,4,2.12,1,31,0
AC086,2026-01,7.94,4,5,1.79,1,29,2
AC086,2026-02,7.74,4,4,1.99,1,28,0
AC086,2026-03,24.37,10,10,2.73,2,31,0
AC086,2026-04,12.99,5,5,2.42,1,30,0
AC086,2026-05,7.9,4,4,2.1,1,30,1
AC086,2026-06,14.04,5,5,2.53,1,30,0
AC086,2026-07,11.13,4,4,2.71,1,31,0
AC086,2026-08,30.28,9,9,3.15,2,29,2
AC086,2026-09,18.99,9,10,1.86,2,30,0
AC087,2024-01,12.31,6,6,1.86,1,31,0
AC087,2024-02,8.02,4,4,1.99,1,27,2
AC087,2024-03,40.19,14,15,2.93,1,30,1
AC087,2024-04,32.51,12,12,2.58,1,30,0
AC087,2024-05,6.03,4,4,1.41,1,30,1
AC087,2024-06,42.45,16,16,2.69,4,30,0
AC087,2024-07,24.69,12,13,2.31,3,31,0
AC087,2024-08,23.21,10,10,2.48,2,30,1
AC087,2024-09,22.46,13,13,1.58,2,30,0
AC087,2024-10,28.48,10,11,2.37,2,31,0
AC087,2024-11,20.22,8,8,2.71,2,30,0
AC087,2024-12,22.31,11,11,1.92,2,30,1
AC087,2025-01,11.51,10,10,1.33,2,30,1
AC087,2025-02,18.77,10,11,2.08,2,28,0
AC087,2025-03,36.48,15,15,2.19,3,30,1
AC087,2025-04,21.9,8,9,2.36,2,30,0
AC087,2025-05,20.88,11,12,1.89,2,30,1
AC087,2025-06,28.47,13,13,2.07,3,29,1
AC087,2025-07,25.24,11,12,2.34,2,31,0
AC087,2025-08,30.14,11,13,2.81,2,30,1
AC087,2025-09,7.23,4,4,1.91,1,27,3
AC087,2025-10,20.47,8,9,2.4,2,31,0
AC087,2025-11,48.32,19,19,2.56,4,29,1
AC087,2025-12,7.37,4,4,1.98,1,30,1
AC087,2026-01,13.38,6,7,2.2,1,31,0
AC087,2026-02,20.95,10,11,1.98,2,28,0
AC087,2026-03,28.65,9,9,2.81,2,31,0
AC087,2026-04,20.75,9,9,2.29,2,29,1
AC087,2026-05,12.28,6,7,2.1,1,29,2
AC087,2026-06,14.29,10,11,1.7,1,30,0
AC087,2026-07,20.98,8,8,2.58,1,31,0
AC087,2026-08,55.56,24,26,2.59,6,31,0
AC087,2026-09,30.93,12,12,2.17,3,30,0
AC088,2024-01,29.96,13,13,2.33,3,31,0
AC088,2024-02,16.64,7,8,2.55,1,29,0
AC088,2024-03,33.25,13,13,2.55,3,31,0
AC088,2024-04,15.58,6,6,2.84,1,30,0
AC088,2024-05,28.15,15,17,1.94,3,31,0
AC088,2024-06,25.2,13,13,2.12,3,30,0
AC088,2024-07,49.61,18,18,2.9,4,31,0
AC088,2024-08,42.58,15,16,2.64,3,31,0
AC088,2024-09,19.87,10,10,2.29,2,29,1
AC088,2024-10,16.5,7,7,2.36,1,31,0
AC088,2024-11,23.19,10,11,2.24,2,30,0
AC088,2024-12,27.66,11,12,2.39,1,31,0
AC088,2025-01,26.07,10,11,2.22,2,31,0
AC088,2025-02,21.64,10,10,2.22,2,28,0
AC088,2025-03,15.28,7,7,2.23,1,31,0
AC088,2025-04,35.55,12,12,2.65,3,30,0
AC088,2025-05,9.33,4,4,2.41,1,31,0
AC088,2025-06,25.6,12,13,1.9,3,30,0
AC088,2025-07,36.44,15,15,2.66,3,31,0
AC088,2025-08,62.7,19,19,3.27,4,31,0
AC088,2025-09,21.68,9,10,2.34,2,30,0
AC088,2025-10,15.49,7,8,2.26,1,30,1
AC088,2025-11,29.74,12,13,2.23,3,30,0
AC088,2025-12,23.83,12,12,2.08,3,31,0
AC088,2026-01,20.36,8,9,2.25,1,31,0
AC088,2026-02,17.06,8,9,2.43,2,28,0
AC088,2026-03,35.06,12,13,2.67,3,30,1
AC088,2026-04,44.84,16,16,2.8,2,30,0
AC088,2026-05,34.54,15,15,2.29,3,30,1
AC088,2026-06,11.35,4,4,2.86,1,29,1
AC088,2026-07,39.13,14,14,2.41,3,30,1
AC088,2026-08,22.59,9,10,2.58,2,31,0
AC088,2026-09,33.66,13,14,2.25,3,30,0
AC089,2024-01,8.51,4,4,2.08,1,31,0
AC089,2024-02,10.43,6,6,1.68,1,28,1
AC089,2024-03,9.7,4,4,2.44,1,31,0
AC089,2024-04,23.12,10,10,2.19,2,30,0
AC089,2024-05,13.8,5,5,2.59,1,31,0
AC089,2024-06,20.19,10,10,1.95,2,30,0
AC089,2024-07,14.38,5,5,2.84,1,31,0
AC089,2024-08,17.31,6,7,2.59,1,31,0
AC089,2024-09,9.72,4,4,2.38,1,30,0
AC089,2024-10,6.83,4,4,1.89,1,31,0
AC089,2024-11,17.23,7,8,2.44,1,30,0
AC089,2024-12,11.09,6,6,1.79,1,30,1
AC089,2025-01,7.13,4,4,1.92,1,31,0
AC089,2025-02,13.23,7,7,1.91,1,28,0
AC089,2025-03,11.82,4,4,3.08,1,31,0
AC089,2025-04,23.74,10,10,2.5,2,30,0
AC089,2025-05,11.1,4,4,2.59,1,30,1
AC089,2025-06,9.24,4,4,2.47,1,30,0
AC089,2025-07,11.16,5,5,2.36,1,31,0
AC089,2025-08,10.04,4,4,2.67,1,31,0
AC089,2025-09,15.69,6,6,2.61,1,30,0
AC089,2025-10,10.06,5,6,2.17,1,31,0
AC089,2025-11,25.23,11,13,2.28,1,30,0
AC089,2025-12,7.42,4,4,1.99,1,30,1
AC089,2026-01,9.26,4,4,2.39,1,31,0
AC089,2026-02,13.23,5,5,2.65,1,28,0
AC089,2026-03,14.9,7,7,2.31,1,31,0
AC089,2026-04,18.72,7,8,2.75,1,30,0
AC089,2026-05,11.08,4,5,2.49,1,30,1
AC089,2026-06,9.3,4,4,2.21,1,29,1
AC089,2026-07,9.91,4,4,2.72,1,31,0
AC089,2026-08,12.71,6,6,2.2,1,30,1
AC089,2026-09,13.58,6,7,2.37,1,28,2
AC090,2024-01,19.67,9,9,2.11,2,31,0
AC090,2024-02,20.15,10,10,2.13,2,29,0
AC090,2024-03,28.11,9,10,3.04,1,31,0
AC090,2024-04,24.75,8,9,3.12,2,29,1
AC090,2024-05,30.76,13,13,2.39,2,31,0
AC090,2024-06,25.25,9,10,2.56,2,30,0
AC090,2024-07,17.93,6,7,2.86,1,31,0
AC090,2024-08,23.28,8,8,2.93,1,31,0
AC090,2024-09,27.7,11,13,2.35,2,30,0
AC090,2024-10,18.62,12,12,1.7,2,30,1
AC090,2024-11,16.49,6,6,2.68,1,30,0
AC090,2024-12,21.19,9,10,2.2,2,31,0
AC090,2025-01,8.25,6,6,1.49,1,31,0
AC090,2025-02,24.41,13,14,2.01,1,28,0
AC090,2025-03,14.7,7,7,2.29,1,31,0
AC090,2025-04,13.89,6,7,2.55,1,30,0
AC090,2025-05,15.08,8,8,1.97,2,31,0
AC090,2025-06,16.31,11,12,1.69,2,30,0
AC090,2025-07,35.23,15,15,2.4,1,31,0
AC090,2025-08,11.07,4,4,2.46,1,31,0
AC090,2025-09,19.89,7,8,2.98,1,30,0
AC090,2025-10,25.64,10,10,2.36,2,30,1
AC090,2025-11,25.67,8,8,3.01,2,29,1
AC090,2025-12,30.04,11,12,2.59,2,31,0
AC090,2026-01,36.32,15,16,2.37,3,31,0
AC090,2026-02,17.8,8,8,2.4,2,28,0
AC090,2026-03,18.01,7,7,2.68,1,30,1
AC090,2026-04,23.55,8,9,2.51,2,30,0
AC090,2026-05,33.73,14,16,2.28,3,30,1
AC090,2026-06,20.83,8,8,2.4,1,30,0
AC090,2026-07,38.64,15,15,2.62,3,31,0
AC090,2026-08,30.52,11,12,2.57,1,31,0
AC090,2026-09,22.88,7,7,2.87,1,29,1
AC091,2024-01,13.49,7,8,1.88,1,31,0
AC091,2024-02,7.49,4,4,1.78,1,28,1
AC091,2024-03,13.54,4,4,3.33,1,31,0
AC091,2024-04,10.13,4,4,2.44,1,29,1
AC091,2024-05,14.32,5,5,2.66,1,31,0
AC091,2024-06,12.39,6,7,1.94,1,30,0
AC091,2024-07,22.8,10,10,2.54,2,31,0
AC091,2024-08,14.95,5,5,2.89,1,30,1
AC091,2024-09,8.98,4,4,2.28,1,30,0
AC091,2024-10,17.4,6,7,2.98,1,31,0
AC091,2024-11,12.15,4,4,2.85,1,30,0
AC091,2024-12,5.89,4,4,1.36,1,30,1
AC091,2025-01,34.93,15,16,2.24,3,31,0
AC091,2025-02,19.04,8,9,2.21,2,28,0
AC091,2025-03,15.48,5,6,2.91,1,31,0
AC091,2025-04,24.4,10,11,2.64,2,30,0
AC091,2025-05,11.32,5,5,2.3,1,31,0
AC091,2025-06,11.06,5,5,2.05,1,30,0
AC091,2025-07,11.29,4,4,2.54,1,30,1
AC091,2025-08,9.45,4,5,2.78,1,31,0
AC091,2025-09,15.73,6,6,2.47,1,30,0
AC091,2025-10,12.11,6,6,2.06,1,31,0
AC091,2025-11,8.01,4,4,1.98,1,30,0
AC091,2025-12,13.5,6,6,2.24,1,31,0
AC091,2026-01,13.92,6,6,2.11,1,31,0
AC091,2026-02,10.11,4,5,2.57,1,28,0
AC091,2026-03,41.96,14,15,3.06,3,31,0
AC091,2026-04,14.52,5,5,2.83,1,30,0
AC091,2026-05,9.16,4,4,2.21,1,31,0
AC091,2026-06,8.88,4,4,2.13,1,30,0
AC091,2026-07,9.86,4,4,2.75,1,31,0
AC091,2026-08,21.83,8,8,2.66,2,31,0
AC091,2026-09,19.06,9,9,2.15,2,30,0
AC092,2024-01,7.35,4,4,1.93,1,31,0
AC092,2024-02,17.39,8,8,2.31,1,29,0
AC092,2024-03,23.6,8,8,2.84,2,31,0
AC092,2024-04,12.3,5,5,2.78,1,30,0
AC092,2024-05,21.16,10,11,2.41,1,31,0
AC092,2024-06,15.92,10,11,1.77,1,30,0
AC092,2024-07,19.55,8,8,2.35,1,31,0
AC092,2024-08,39.63,18,19,2.45,3,31,0
AC092,2024-09,9.13,4,4,2.37,1,30,0
AC092,2024-10,16.31,8,9,2.11,2,30,1
AC092,2024-11,14.54,5,5,2.7,1,30,0
AC092,2024-12,20.91,11,12,1.7,2,31,0
AC092,2025-01,23.33,13,15,1.65,1,31,0
AC092,2025-02,9.14,5,5,1.87,1,28,0
AC092,2025-03,18.78,7,8,2.71,1,31,0
AC092,2025-04,20.44,9,10,3.02,2,30,0
AC092,2025-05,25.42,10,11,2.39,2,31,0
AC092,2025-06,7.5,4,4,1.78,1,30,0
AC092,2025-07,19.89,8,9,2.86,2,31,0
AC092,2025-08,26.28,10,11,2.89,2,31,0
AC092,2025-09,8.37,4,4,2.08,1,29,1
AC092,2025-10,19.65,9,9,2.44,2,31,0
AC092,2025-11,22.03,8,8,2.41,1,29,1
AC092,2025-12,17.73,8,8,2.14,2,31,0
AC092,2026-01,10.56,8,9,1.41,2,31,0
AC092,2026-02,9.59,6,6,1.71,1,28,0
AC092,2026-03,34.13,12,13,2.8,1,31,0
AC092,2026-04,16.52,7,7,2.74,1,30,0
AC092,2026-05,10.51,6,7,1.7,1,31,0
AC092,2026-06,15.3,7,8,2.18,1,30,0
AC092,2026-07,16.44,7,7,2.48,1,31,0
AC092,2026-08,26.56,9,9,2.89,1,31,0
AC092,2026-09,18.25,7,7,2.55,1,29,1
AC093,2024-01,21.37,10,10,2.4,2,31,0
AC093,2024-02,59.43,26,28,2.31,6,29,0
AC093,2024-03,37.23,16,17,2.41,4,31,0
AC093,2024-04,30.32,12,13,2.35,3,28,2
AC093,2024-05,30.54,15,15,1.95,3,31,0
AC093,2024-06,26.4,11,12,2.0,2,30,0
AC093,2024-07,51.63,18,18,2.67,1,31,0
AC093,2024-08,47.59,20,21,2.78,5,31,0
AC093,2024-09,33.83,15,15,2.35,3,30,0
AC093,2024-10,44.33,17,19,2.41,4,31,0
AC093,2024-11,44.64,15,15,2.7,1,29,1
AC093,2024-12,24.86,13,14,2.0,3,31,0
AC093,2025-01,19.87,11,12,1.8,1,31,0
AC093,2025-02,27.41,14,15,1.97,3,28,0
AC093,2025-03,57.75,21,21,2.73,4,31,0
AC093,2025-04,41.53,14,15,2.84,3,29,1
AC093,2025-05,41.02,15,16,2.47,1,31,0
AC093,2025-06,40.55,20,21,2.08,5,30,0
AC093,2025-07,62.88,26,30,2.42,2,31,0
AC093,2025-08,48.53,18,19,2.32,4,31,0
AC093,2025-09,38.63,16,16,2.1,3,30,0
AC093,2025-10,40.82,21,24,2.07,5,31,0
AC093,2025-11,23.25,9,10,2.6,1,30,0
AC093,2025-12,32.97,16,16,2.09,4,31,0
AC093,2026-01,28.45,12,12,2.42,2,31,0
AC093,2026-02,18.42,10,11,1.82,1,28,0
AC093,2026-03,69.76,27,29,2.61,6,31,0
AC093,2026-04,56.06,15,15,3.18,2,30,0
AC093,2026-05,29.14,14,15,2.3,3,31,0
AC093,2026-06,22.64,12,13,1.66,2,29,1
AC093,2026-07,69.17,26,28,2.67,2,31,0
AC093,2026-08,35.1,14,15,2.57,2,31,0
AC093,2026-09,69.88,25,28,2.51,4,30,0
AC094,2024-01,14.12,8,9,1.93,2,31,0
AC094,2024-02,11.43,5,5,1.96,1,29,0
AC094,2024-03,31.81,11,11,3.08,1,30,1
AC094,2024-04,10.39,4,5,2.43,1,30,0
AC094,2024-05,43.13,17,18,2.48,4,31,0
AC094,2024-06,11.86,7,8,1.79,1,30,0
AC094,2024-07,18.9,7,7,2.63,1,30,1
AC094,2024-08,13.48,6,7,2.4,1,31,0
AC094,2024-09,19.18,8,9,2.44,2,29,1
AC094,2024-10,9.36,4,4,2.28,1,30,1
AC094,2024-11,8.72,4,4,2.2,1,30,0
AC094,2024-12,7.62,4,4,1.78,1,30,1
AC094,2025-01,11.25,6,6,2.09,1,31,0
AC094,2025-02,10.17,5,6,2.1,1,28,0
AC094,2025-03,38.7,12,12,2.95,2,31,0
AC094,2025-04,17.34,7,7,2.2,1,30,0
AC094,2025-05,13.59,5,6,2.64,1,31,0
AC094,2025-06,14.68,6,6,2.12,1,30,0
AC094,2025-07,20.59,9,9,2.28,2,30,1
AC094,2025-08,15.54,7,7,2.46,1,31,0
AC094,2025-09,12.26,7,7,1.86,1,30,0
AC094,2025-10,13.12,7,7,2.12,1,31,0
AC094,2025-11,13.88,6,6,2.42,1,30,0
AC094,2025-12,16.89,10,11,1.52,1,31,0
AC094,2026-01,13.09,6,6,2.24,1,31,0
AC094,2026-02,8.22,5,5,1.47,1,28,0
AC094,2026-03,12.64,6,6,2.38,1,30,1
AC094,2026-04,22.88,8,8,2.9,1,30,0
AC094,2026-05,12.5,8,8,1.67,1,31,0
AC094,2026-06,17.85,9,10,1.92,2,30,0
AC094,2026-07,15.4,8,8,2.0,2,31,0
AC094,2026-08,18.18,7,7,2.38,1,31,0
AC094,2026-09,18.92,8,9,2.32,1,30,0
AC095,2024-01,15.73,7,8,1.91,1,30,1
AC095,2024-02,12.75,6,7,2.0,1,27,2
AC095,2024-03,20.26,6,6,3.13,1,30,1
AC095,2024-04,19.43,6,6,2.88,1,30,0
AC095,2024-05,7.63,4,4,2.02,1,31,0
AC095,2024-06,5.88,4,5,1.49,1,30,0
AC095,2024-07,26.49,10,11,2.66,2,31,0
AC095,2024-08,14.75,6,6,2.53,1,31,0
AC095,2024-09,37.85,15,15,2.28,3,30,0
AC095,2024-10,16.55,7,8,2.52,1,31,0
AC095,2024-11,9.31,5,5,2.02,1,30,0
AC095,2024-12,8.07,4,4,2.19,1,29,2
AC095,2025-01,11.06,5,5,2.31,1,31,0
AC095,2025-02,9.77,4,5,2.16,1,27,1
AC095,2025-03,11.88,4,4,2.5,1,31,0
AC095,2025-04,37.1,13,14,2.75,3,30,0
AC095,2025-05,7.83,4,4,1.67,1,31,0
AC095,2025-06,10.45,5,5,2.03,1,30,0
AC095,2025-07,7.91,4,4,2.08,1,30,1
AC095,2025-08,21.21,8,8,2.51,2,31,0
AC095,2025-09,23.61,10,10,2.42,2,29,1
AC095,2025-10,10.38,5,6,2.09,1,31,0
AC095,2025-11,29.32,11,12,2.83,2,30,0
AC095,2025-12,14.55,7,7,2.2,1,31,0
AC095,2026-01,9.19,5,6,1.84,1,31,0
AC095,2026-02,11.69,5,6,2.32,1,28,0
AC095,2026-03,17.3,7,7,2.55,1,30,1
AC095,2026-04,11.99,6,6,2.31,1,30,0
AC095,2026-05,8.38,4,4,2.13,1,31,0
AC095,2026-06,11.59,5,5,2.17,1,30,0
AC095,2026-07,17.78,6,6,2.61,1,31,0
AC095,2026-08,17.56,7,7,2.45,1,31,0
AC095,2026-09,20.13,9,10,2.21,1,30,0
AC096,2024-01,17.39,9,9,1.81,2,31,0
AC096,2024-02,10.57,5,5,2.07,1,29,0
AC096,2024-03,31.64,13,14,2.47,3,31,0
AC096,2024-04,21.44,10,11,2.14,1,29,1
AC096,2024-05,8.3,4,5,2.05,1,31,0
AC096,2024-06,14.09,8,9,1.8,1,30,0
AC096,2024-07,19.59,8,9,2.51,1,31,0
AC096,2024-08,23.31,8,8,2.76,1,30,1
AC096,2024-09,18.12,9,9,1.86,2,30,0
AC096,2024-10,13.67,6,6,2.25,1,29,2
AC096,2024-11,17.59,9,9,1.95,1,30,0
AC096,2024-12,13.68,8,8,1.9,1,31,0
AC096,2025-01,14.18,7,7,1.82,1,31,0
AC096,2025-02,7.23,5,6,1.41,1,28,0
AC096,2025-03,28.46,12,13,2.34,3,31,0
AC096,2025-04,12.24,5,5,2.69,1,27,3
AC096,2025-05,15.74,11,11,1.55,1,31,0
AC096,2025-06,11.1,4,4,2.63,1,29,1
AC096,2025-07,12.68,4,4,3.1,1,31,0
AC096,2025-08,16.48,8,8,1.98,2,31,0
AC096,2025-09,9.15,4,5,2.45,1,29,1
AC096,2025-10,24.44,10,10,2.38,2,31,0
AC096,2025-11,20.4,8,8,2.22,2,30,0
AC096,2025-12,7.2,4,4,1.77,1,31,0
AC096,2026-01,9.87,4,4,2.45,1,31,0
AC096,2026-02,8.36,4,4,2.05,1,27,1
AC096,2026-03,10.61,5,6,2.02,1,31,0
AC096,2026-04,12.97,5,5,2.6,1,30,0
AC096,2026-05,13.04,6,6,2.45,1,31,0
AC096,2026-06,9.42,4,4,2.54,1,30,0
AC096,2026-07,32.73,12,12,2.63,1,31,0
AC096,2026-08,17.33,7,7,2.17,1,31,0
AC096,2026-09,35.51,14,14,2.22,3,30,0
AC097,2024-01,16.79,11,12,1.57,2,30,1
AC097,2024-02,19.57,11,12,1.73,2,29,0
AC097,2024-03,29.55,9,9,2.99,2,30,1
AC097,2024-04,34.78,14,14,2.31,2,30,0
AC097,2024-05,6.78,4,4,1.85,1,31,0
AC097,2024-06,29.87,11,12,2.46,1,30,0
AC097,2024-07,22.55,8,8,2.74,1,31,0
AC097,2024-08,30.42,14,15,2.43,1,31,0
AC097,2024-09,26.37,10,10,2.55,2,29,1
AC097,2024-10,23.08,10,11,2.26,1,31,0
AC097,2024-11,23.08,8,8,2.67,2,30,0
AC097,2024-12,11.6,10,12,1.26,1,31,0
AC097,2025-01,21.06,10,10,2.02,2,31,0
AC097,2025-02,24.55,15,16,1.81,3,27,1
AC097,2025-03,43.7,14,14,2.83,3,30,1
AC097,2025-04,29.79,12,13,2.48,1,30,0
AC097,2025-05,25.63,14,15,1.88,1,31,0
AC097,2025-06,28.87,10,11,2.82,2,29,1
AC097,2025-07,34.16,13,14,2.71,3,31,0
AC097,2025-08,48.13,16,18,3.14,4,30,1
AC097,2025-09,23.65,14,15,1.66,3,30,0
AC097,2025-10,13.12,6,6,2.49,1,31,0
AC097,2025-11,32.39,13,15,2.65,3,30,0
AC097,2025-12,24.19,10,11,2.23,2,31,0
AC097,2026-01,24.35,11,12,2.59,1,31,0
AC097,2026-02,13.75,7,8,2.0,1,28,0
AC097,2026-03,23.75,8,8,3.0,2,30,1
AC097,2026-04,44.7,17,17,2.73,4,28,2
AC097,2026-05,18.06,8,8,2.21,1,31,0
AC097,2026-06,27.23,10,11,2.63,2,30,0
AC097,2026-07,56.63,20,20,2.62,4,31,0
AC097,2026-08,38.8,13,14,2.72,3,31,0
AC097,2026-09,26.05,9,9,2.79,2,30,0
AC098,2024-01,26.9,10,11,2.29,2,29,2
AC098,2024-02,7.19,4,5,1.76,1,28,1
AC098,2024-03,18.73,9,10,2.33,2,31,0
AC098,2024-04,17.81,8,8,2.14,1,30,0
AC098,2024-05,36.82,18,19,2.04,4,31,0
AC098,2024-06,22.96,12,12,1.9,3,29,1
AC098,2024-07,14.7,5,5,2.92,1,31,0
AC098,2024-08,42.31,17,17,2.85,4,31,0
AC098,2024-09,25.37,11,12,2.33,2,30,0
AC098,2024-10,29.84,16,17,1.9,4,30,1
AC098,2024-11,15.84,5,5,2.69,1,30,0
AC098,2024-12,13.16,8,9,1.73,2,31,0
AC098,2025-01,26.23,12,12,2.24,3,31,0
AC098,2025-02,13.53,7,8,1.84,1,27,1
AC098,2025-03,24.45,11,11,2.28,1,29,2
AC098,2025-04,27.53,11,12,2.32,2,29,1
AC098,2025-05,25.18,8,8,2.79,2,31,0
AC098,2025-06,20.69,8,9,2.73,1,28,2
AC098,2025-07,20.49,7,8,2.66,1,31,0
AC098,2025-08,40.38,14,14,2.63,3,31,0
AC098,2025-09,23.8,10,11,2.38,2,30,0
AC098,2025-10,42.68,15,16,2.63,2,30,1
AC098,2025-11,18.12,6,6,2.78,1,30,0
AC098,2025-12,15.45,9,10,1.85,2,31,0
AC098,2026-01,12.91,6,7,2.03,1,31,0
AC098,2026-02,5.73,4,4,1.52,1,28,0
AC098,2026-03,31.7,12,13,2.41,2,31,0
AC098,2026-04,19.32,8,9,2.48,2,29,1
AC098,2026-05,23.49,10,10,2.49,2,31,0
AC098,2026-06,26.72,11,11,2.23,2,30,0
AC098,2026-07,42.91,17,17,2.5,2,31,0
AC098,2026-08,24.47,10,11,2.57,2,30,1
AC098,2026-09,28.01,13,15,2.1,3,30,0
AC099,2024-01,12.83,6,6,2.25,1,31,0
AC099,2024-02,7.84,4,4,1.83,1,29,0
AC099,2024-03,13.1,5,5,2.48,1,31,0
AC099,2024-04,13.48,5,5,2.71,1,29,1
AC099,2024-05,7.84,5,5,1.87,1,31,0
AC099,2024-06,11.93,5,6,2.46,1,30,0
AC099,2024-07,27.04,11,11,2.73,1,31,0
AC099,2024-08,26.46,10,11,2.41,2,31,0
AC099,2024-09,8.76,4,4,2.13,1,30,0
AC099,2024-10,21.29,8,9,2.49,2,30,1
AC099,2024-11,14.29,6,6,2.47,1,30,0
AC099,2024-12,8.82,5,5,1.71,1,31,0
AC099,2025-01,11.38,8,8,1.58,1,29,2
AC099,2025-02,7.82,4,5,1.86,1,28,0
AC099,2025-03,31.64,9,10,3.06,2,31,0
AC099,2025-04,10.4,6,6,1.79,1,30,0
AC099,2025-05,15.15,7,7,2.07,1,31,0
AC099,2025-06,8.53,4,4,2.46,1,30,0
AC099,2025-07,13.58,6,7,2.43,1,30,1
AC099,2025-08,15.0,6,6,2.48,1,30,1
AC099,2025-09,20.46,10,11,2.3,2,30,0
AC099,2025-10,20.39,10,11,2.01,1,30,1
AC099,2025-11,8.91,4,4,2.47,1,29,1
AC099,2025-12,6.44,4,4,1.64,1,30,1
AC099,2026-01,6.37,5,5,1.25,1,30,1
AC099,2026-02,16.76,8,8,2.1,2,28,0
AC099,2026-03,32.33,12,13,2.91,2,31,0
AC099,2026-04,12.67,7,7,2.01,1,29,1
AC099,2026-05,11.34,4,5,2.52,1,30,1
AC099,2026-06,14.96,7,8,2.04,1,30,0
AC099,2026-07,10.15,4,4,2.23,1,30,1
AC099,2026-08,8.6,4,4,2.29,1,31,0
AC099,2026-09,20.05,8,9,2.44,1,30,0
AC100,2024-01,12.29,10,10,1.26,2,31,0
AC100,2024-02,21.54,10,11,2.23,2,29,0
AC100,2024-03,42.1,16,17,2.45,2,31,0
AC100,2024-04,9.58,4,4,2.59,1,30,0
AC100,2024-05,20.49,7,8,2.46,1,31,0
AC100,2024-06,12.63,5,5,2.5,1,30,0
AC100,2024-07,11.53,5,5,2.45,1,31,0
AC100,2024-08,10.91,4,4,2.68,1,30,1
AC100,2024-09,13.84,5,5,2.43,1,30,0
AC100,2024-10,13.81,7,8,2.06,1,30,1
AC100,2024-11,8.67,5,5,2.16,1,30,0
AC100,2024-12,15.48,9,10,1.71,2,31,0
AC100,2025-01,13.77,7,7,2.16,1,31,0
AC100,2025-02,9.26,5,5,1.98,1,28,0
AC100,2025-03,9.46,4,4,2.5,1,31,0
AC100,2025-04,17.53,6,6,2.78,1,30,0
AC100,2025-05,21.32,10,10,1.98,1,31,0
AC100,2025-06,14.62,7,7,2.21,1,30,0
AC100,2025-07,20.73,8,9,2.37,2,31,0
AC100,2025-08,14.74,7,7,2.38,1,31,0
AC100,2025-09,9.83,4,4,2.65,1,30,0
AC100,2025-10,26.29,9,10,2.47,2,31,0
AC100,2025-11,8.91,4,5,2.01,1,30,0
AC100,2025-12,13.67,7,8,1.75,1,31,0
AC100,2026-01,17.83,8,8,2.06,2,31,0
AC100,2026-02,7.83,4,4,2.01,1,28,0
AC100,2026-03,30.14,12,14,2.48,3,31,0
AC100,2026-04,21.38,10,11,2.11,2,30,0
AC100,2026-05,12.17,6,6,2.26,1,31,0
AC100,2026-06,11.03,6,7,2.21,1,30,0
AC100,2026-07,16.27,7,7,2.39,1,31,0
AC100,2026-08,8.14,4,4,2.27,1,31,0
AC100,2026-09,11.71,5,5,2.31,1,30,0
