maintenance_id,aircraft_id,component_id,agency_id,part_id,date,maintenance_type,fault_type,maintenance_action,downtime_hours,cost_inr,flight_hours_at_event,cycles_at_event,outcome
MR00491,AC001,CMP0535,MA006,PART007,2022-04-28,Preventive Replacement,,Preventive replacement of life-limited component,49.6,836141,300.3,283,Resolved
MR00268,AC001,CMP0241,MA006,PART004,2022-09-09,Preventive Replacement,,Scheduled component replacement,63.1,664261,316.2,298,Resolved
MR00011,AC001,CMP0464,MA003,,2023-06-11,Scheduled Inspection,,Scheduled inspection with ground functional test,12.4,278223,624.0,589,Resolved
MR00371,AC001,CMP0316,MA003,PART026,2023-12-18,Corrective,fuel flow anomaly,Fuel system functional test,37.2,1410906,932.7,880,Resolved
MR00584,AC001,CMP0328,MA001,PART024,2024-03-25,Unscheduled Removal,fuel flow anomaly,Check fuel flow sensor and wiring,246.0,16891126,1170.8,1105,Resolved
MR00014,AC001,CMP0060,MA003,,2024-09-22,Scheduled Inspection,,Detailed inspection and operational check,19.2,495029,1218.2,1150,Resolved
MR00887,AC001,CMP0413,MA001,,2024-09-22,Scheduled Inspection,vibration above limit,Check mounting hardware and fasteners,14.6,199547,1386.2,1308,Resolved
MR00593,AC001,CMP0043,MA006,,2024-11-21,Scheduled Inspection,,Detailed inspection and operational check,11.9,181332,1455.7,1374,Resolved
MR00428,AC001,CMP0193,MA001,PART005,2024-12-10,Preventive Replacement,vibration above limit,Check mounting hardware and fasteners,37.5,1315305,1832.6,1729,Resolved
MR00045,AC001,CMP0081,MA006,PART019,2024-12-15,Corrective,blade erosion,Replace affected blade and perform ground run,78.5,2525585,2122.1,2002,Resolved
MR01181,AC001,CMP0486,MA006,,2025-01-12,Scheduled Inspection,,Routine system inspection and servicing,10.1,138446,2378.5,2244,Resolved
MR00081,AC001,CMP0209,MA006,PART034,2025-05-23,Preventive Replacement,,Planned replacement and post-maintenance test,73.9,1249331,2422.9,2286,Resolved
MR00036,AC001,CMP0467,MA004,,2025-11-29,Scheduled Inspection,,Periodic inspection and serviceability check,6.3,72735,2829.9,2670,Recurring
MR01107,AC001,CMP0527,MA001,,2026-04-01,Scheduled Inspection,,Periodic inspection and serviceability check,18.7,394479,3059.6,2887,Resolved
MR00111,AC002,CMP0414,MA005,PART036,2023-01-25,Preventive Replacement,,Replace worn component and functional test,73.3,1161069,394.1,371,Resolved
MR00315,AC002,CMP0458,MA003,PART010,2023-11-05,Corrective,oil pressure drop,Inspect oil pump and associated plumbing,34.8,1056174,738.2,696,Resolved
MR01385,AC002,CMP0109,MA006,PART007,2024-02-28,Unscheduled Removal,oil pressure drop,Oil system servicing and ground run,153.0,5064482,1215.7,1146,Resolved
MR01199,AC002,CMP0169,MA001,,2024-06-19,Scheduled Inspection,,Routine system inspection and servicing,11.7,241717,1459.1,1375,Resolved
MR00082,AC002,CMP0504,MA006,PART037,2024-09-05,Preventive Replacement,high EGT,Engine performance check and trend monitoring,45.7,905750,1631.7,1538,Resolved
MR01219,AC002,CMP0542,MA003,PART010,2024-12-23,Corrective,compressor stall,Engine performance inspection,17.0,1282160,1835.6,1730,Resolved
MR01322,AC002,CMP0552,MA001,PART039,2025-01-14,Corrective,high EGT,Inspect temperature sensing circuit,38.2,603303,2048.6,1931,Resolved
MR01293,AC002,CMP0373,MA001,,2025-04-06,Scheduled Inspection,,Scheduled inspection with ground functional test,9.8,283802,2417.4,2279,Resolved
MR00096,AC002,CMP0181,MA002,,2025-04-09,Scheduled Inspection,oil pressure drop,Oil system servicing and ground run,11.9,121846,2602.8,2453,Resolved
MR01222,AC002,CMP0203,MA006,PART031,2025-07-14,Unscheduled Removal,high EGT,Inspect compressor condition and repeat engine run,210.5,6177039,2948.6,2779,Resolved
MR00838,AC002,CMP0447,MA006,PART017,2026-03-31,Unscheduled Removal,high EGT,Inspect compressor condition and repeat engine run,240.6,5961716,3278.0,3090,Resolved
MR00067,AC002,CMP0108,MA005,PART040,2026-04-21,Corrective,high EGT,Inspect turbine section and EGT indication,85.1,2303121,3584.8,3379,Resolved
MR01350,AC003,CMP0031,MA002,PART005,2022-07-24,Corrective,fuel flow anomaly,Check fuel flow indication and control unit,25.8,414483,242.2,254,Resolved
MR01288,AC003,CMP0057,MA003,PART016,2022-08-29,Preventive Replacement,,Preventive replacement with operational check,45.4,1345239,253.1,265,Resolved
MR00431,AC003,CMP0528,MA003,,2022-12-24,Scheduled Inspection,,Scheduled inspection and lubrication,14.3,207683,255.6,268,Resolved
MR01013,AC003,CMP0337,MA001,,2023-03-08,Scheduled Inspection,,Periodic inspection and serviceability check,11.2,110970,447.7,470,Resolved
MR00065,AC003,CMP0311,MA006,PART031,2023-05-11,Corrective,oil temperature high,Cooling system functional check,35.8,728376,521.5,547,Resolved
MR00652,AC003,CMP0502,MA004,PART027,2023-05-28,Corrective,fuel flow anomaly,Inspect fuel lines and metering unit,61.1,1614470,630.2,661,Resolved
MR00339,AC003,CMP0402,MA006,PART040,2023-07-15,Corrective,oil temperature high,Inspect oil cooler and associated lines,44.4,1390344,793.2,832,Recurring
MR01111,AC003,CMP0426,MA005,,2023-08-25,Scheduled Inspection,,Functional inspection and condition assessment,15.6,225377,949.8,996,Resolved
MR01422,AC003,CMP0395,MA001,,2024-04-14,Scheduled Inspection,blade erosion,Remove affected assembly for overhaul,13.9,300404,1112.1,1166,Recurring
MR00475,AC003,CMP0599,MA002,PART029,2024-05-21,Unscheduled Removal,compressor stall,Compressor inspection followed by performance run,228.5,8685247,1328.4,1393,Resolved
MR00142,AC003,CMP0580,MA003,,2024-07-08,Scheduled Inspection,,Scheduled inspection and lubrication,13.8,373359,1343.3,1409,Resolved
MR01164,AC003,CMP0111,MA006,,2024-11-09,Scheduled Inspection,,Scheduled inspection and lubrication,10.6,110159,1495.1,1568,Resolved
MR01400,AC003,CMP0048,MA003,,2024-11-27,Scheduled Inspection,,Scheduled inspection and lubrication,12.9,452829,1633.1,1713,Recurring
MR00930,AC003,CMP0248,MA001,PART011,2025-01-02,Preventive Replacement,blade erosion,Component replaced as scheduled,46.2,1168144,1643.1,1723,Resolved
MR00991,AC003,CMP0600,MA003,PART039,2025-04-19,Preventive Replacement,oil temperature high,Check oil quantity and temperature indication,89.2,3955395,1777.3,1864,Resolved
MR00038,AC003,CMP0017,MA006,,2025-05-14,Scheduled Inspection,,Detailed inspection and operational check,11.2,113730,2050.1,2150,Resolved
MR01301,AC003,CMP0242,MA003,PART008,2025-05-19,Preventive Replacement,,Scheduled component replacement,71.3,1085780,2120.7,2224,Resolved
MR01392,AC003,CMP0285,MA005,PART018,2025-05-29,Preventive Replacement,oil pressure drop,Check oil level and pressure indication,52.0,1397983,2291.8,2404,Resolved
MR01172,AC003,CMP0406,MA003,,2025-07-31,Scheduled Inspection,,Routine visual inspection and servicing,15.1,320940,2329.0,2443,Resolved
MR00588,AC003,CMP0159,MA003,PART016,2025-08-12,Preventive Replacement,,Planned replacement and post-maintenance test,86.4,2893423,2444.6,2564,Resolved
MR00999,AC003,CMP0231,MA001,PART020,2025-08-30,Unscheduled Removal,high EGT,Borescope inspection of hot section,259.6,10299812,2495.2,2617,Resolved
MR01308,AC003,CMP0370,MA001,PART026,2025-09-08,Corrective,high EGT,Inspect compressor condition and repeat engine run,46.9,1238010,2558.5,2683,Resolved
MR00703,AC003,CMP0508,MA006,,2026-02-19,Scheduled Inspection,,Routine system inspection and servicing,6.9,106542,2859.4,2999,Resolved
MR00242,AC003,CMP0097,MA005,PART004,2026-03-15,Preventive Replacement,,Preventive replacement of life-limited component,42.2,569938,2955.6,3100,Resolved
MR00626,AC003,CMP0561,MA006,,2026-05-07,Scheduled Inspection,,Routine visual inspection and servicing,9.0,98360,3070.3,3220,Resolved
MR00656,AC004,CMP0428,MA001,PART008,2023-05-31,Corrective,compressor stall,Ground run and compressor response check,81.9,2435539,301.8,323,Resolved
MR00890,AC004,CMP0324,MA002,PART035,2024-03-27,Preventive Replacement,blade erosion,Inspect blade leading edges and clearances,41.7,1000999,453.2,484,Resolved
MR00634,AC004,CMP0562,MA001,PART024,2024-09-01,Corrective,high EGT,Inspect temperature sensing circuit,54.7,1417203,689.8,737,Recurring
MR00585,AC004,CMP0266,MA006,PART010,2025-03-29,Corrective,compressor stall,Inspect compressor stages for damage,57.6,1872567,944.3,1009,Recurring
MR01367,AC004,CMP0490,MA005,PART023,2025-07-01,Unscheduled Removal,fuel flow anomaly,Check fuel flow sensor and wiring,120.2,6385033,1026.6,1097,Resolved
MR01499,AC004,CMP0503,MA006,PART031,2025-07-06,Corrective,vibration above limit,Dynamic balance check,26.5,624162,1069.4,1143,Recurring
MR01388,AC004,CMP0156,MA003,PART038,2025-08-01,Corrective,compressor stall,Compressor wash and functional test,52.9,2440903,1219.1,1303,Resolved
MR00289,AC004,CMP0515,MA005,,2026-07-27,Scheduled Inspection,,Routine system inspection and servicing,8.5,121053,1308.3,1398,Resolved
MR01210,AC005,CMP0131,MA001,,2023-11-03,Scheduled Inspection,,Functional inspection and condition assessment,7.8,96962,368.1,383,Resolved
MR00173,AC005,CMP0434,MA001,,2023-11-14,Scheduled Inspection,,Detailed inspection and operational check,14.8,98335,465.4,484,Resolved
MR00531,AC005,CMP0387,MA002,PART021,2024-01-28,Unscheduled Removal,blade erosion,Blade dimensional inspection,321.2,18826860,870.7,906,Resolved
MR00660,AC005,CMP0263,MA006,PART033,2024-05-11,Corrective,high EGT,Check EGT indication and carry out ground run,50.7,1524810,1287.6,1339,Recurring
MR01316,AC005,CMP0165,MA006,PART020,2024-12-11,Corrective,high EGT,Inspect fuel nozzle and combustion section,60.2,1467237,1667.0,1734,Resolved
MR01430,AC005,CMP0159,MA001,PART021,2025-07-18,Corrective,blade erosion,Blade dimensional inspection,78.1,3683633,1900.9,1977,Resolved
MR01196,AC005,CMP0111,MA003,PART020,2025-10-22,Preventive Replacement,oil pressure drop,Inspect oil filter and oil lines,67.6,2546561,1978.6,2058,Resolved
MR00476,AC006,CMP0273,MA003,PART017,2022-06-05,Corrective,blade erosion,Borescope inspection of blade surfaces,34.0,2196988,320.9,272,Resolved
MR00761,AC006,CMP0318,MA006,PART038,2023-06-05,Preventive Replacement,blade erosion,Blade dimensional inspection,49.2,2378647,538.3,457,Resolved
MR00862,AC006,CMP0454,MA006,PART025,2023-09-12,Unscheduled Removal,high EGT,Inspect turbine section and EGT indication,153.8,4949657,660.8,561,Resolved
MR01170,AC006,CMP0296,MA006,,2023-11-07,Scheduled Inspection,,Scheduled inspection with ground functional test,9.2,157549,776.8,659,Resolved
MR00756,AC006,CMP0115,MA001,PART001,2023-12-21,Corrective,,Repair affected system and perform ground check,30.5,648271,1147.7,974,Deferred
MR00002,AC006,CMP0036,MA003,PART037,2024-01-14,Corrective,compressor stall,Engine performance inspection,63.3,3001219,1181.0,1002,Resolved
MR01464,AC006,CMP0105,MA006,,2024-03-19,Scheduled Inspection,,Inspection of life-limited components,8.0,91754,1409.0,1195,Resolved
MR00033,AC006,CMP0359,MA003,,2024-04-19,Scheduled Inspection,,Routine visual inspection and servicing,19.7,507046,1615.5,1371,Resolved
MR00672,AC006,CMP0545,MA003,PART032,2024-05-16,Corrective,compressor stall,Compressor inspection and borescope check,36.7,1631602,1773.6,1505,Resolved
MR00996,AC006,CMP0565,MA002,PART003,2024-07-07,Corrective,sensor fault,Sensor calibration and functional test,27.5,413694,1823.5,1547,Resolved
MR00005,AC006,CMP0495,MA001,,2024-08-12,Scheduled Inspection,vibration above limit,Balance rotating assembly and perform functional test,18.2,247061,1928.3,1636,Resolved
MR01002,AC006,CMP0427,MA001,,2024-09-27,Scheduled Inspection,,Scheduled inspection and lubrication,13.1,204234,2084.0,1768,Recurring
MR00712,AC006,CMP0042,MA006,PART039,2024-10-29,Corrective,oil temperature high,Cooling system functional check,58.0,1103651,2127.7,1805,Resolved
MR01281,AC006,CMP0572,MA002,PART008,2024-11-29,Preventive Replacement,vibration above limit,Inspect bearings and rotating components,60.5,887227,2446.4,2075,Resolved
MR00500,AC006,CMP0405,MA004,PART021,2024-12-02,Corrective,vibration above limit,Inspect bearings and rotating components,43.8,1213580,2588.1,2196,Resolved
MR00939,AC006,CMP0119,MA006,PART029,2025-01-24,Preventive Replacement,,Planned replacement and post-maintenance test,53.5,735616,2720.8,2308,Resolved
MR00579,AC006,CMP0406,MA002,,2025-02-28,Scheduled Inspection,,Periodic inspection and serviceability check,14.2,180195,2959.3,2511,Resolved
MR00427,AC006,CMP0566,MA002,,2025-04-13,Scheduled Inspection,high EGT,Inspect fuel nozzle and combustion section,6.9,68762,3388.6,2875,Resolved
MR00409,AC006,CMP0311,MA003,,2025-08-02,Scheduled Inspection,high EGT,Inspect temperature sensing circuit,14.9,452509,3490.8,2962,Resolved
MR00664,AC006,CMP0161,MA006,PART031,2025-08-15,Corrective,oil temperature high,Temperature sensor inspection,72.5,1079288,3529.6,2994,Resolved
MR00258,AC006,CMP0488,MA003,PART008,2025-09-10,Preventive Replacement,vibration above limit,Inspect bearings and rotating components,89.8,2524582,3996.8,3391,Resolved
MR01330,AC006,CMP0580,MA003,PART025,2026-01-11,Corrective,,Replace affected component and retest,24.3,567092,4166.7,3535,Resolved
MR00271,AC006,CMP0227,MA003,,2026-01-15,Scheduled Inspection,,Detailed inspection and operational check,13.6,220589,4767.3,4045,Resolved
MR00091,AC006,CMP0023,MA006,PART033,2026-02-19,Corrective,oil pressure drop,Check for oil leakage and pressure stability,42.3,1008595,5154.7,4373,Resolved
MR00514,AC006,CMP0065,MA003,PART029,2026-02-23,Corrective,oil pressure drop,Inspect oil pump and associated plumbing,89.6,3550002,5220.1,4429,Resolved
MR00029,AC006,CMP0095,MA003,,2026-04-10,Scheduled Inspection,vibration above limit,Balance rotating assembly and perform functional test,13.4,253856,5339.0,4530,Resolved
MR01060,AC007,CMP0278,MA002,,2022-10-10,Scheduled Inspection,,Scheduled inspection and lubrication,5.4,46716,172.2,181,Resolved
MR00064,AC007,CMP0569,MA001,,2023-03-01,Scheduled Inspection,,Scheduled inspection and lubrication,11.7,110288,298.5,313,Resolved
MR00752,AC007,CMP0245,MA001,,2023-03-08,Scheduled Inspection,,Scheduled inspection and lubrication,10.5,227719,354.0,371,Resolved
MR01036,AC007,CMP0066,MA004,PART036,2023-07-08,Corrective,blade erosion,Borescope inspection of blade surfaces,36.3,1338272,491.3,515,Resolved
MR01467,AC007,CMP0402,MA003,,2023-09-04,Scheduled Inspection,,Inspection of life-limited components,14.1,275737,524.8,550,Resolved
MR01228,AC007,CMP0510,MA003,PART035,2023-11-11,Corrective,vibration above limit,Balance rotating assembly and perform functional test,54.2,1964762,627.6,658,Resolved
MR01498,AC007,CMP0119,MA002,,2023-11-16,Scheduled Inspection,,Periodic inspection and serviceability check,10.7,172581,760.6,797,Resolved
MR00714,AC007,CMP0163,MA001,PART002,2024-07-23,Corrective,fuel flow anomaly,Fuel system pressure and flow check,63.6,1734482,990.0,1038,Recurring
MR01169,AC007,CMP0440,MA004,PART012,2024-08-22,Preventive Replacement,oil pressure drop,Check for oil leakage and pressure stability,41.7,979435,1034.7,1085,Resolved
MR01077,AC007,CMP0215,MA004,,2024-09-22,Scheduled Inspection,high EGT,Borescope inspection of hot section,7.9,176773,1604.2,1682,Resolved
MR01236,AC007,CMP0266,MA006,PART009,2024-11-08,Corrective,oil pressure drop,Check oil level and pressure indication,31.1,564812,1731.6,1815,Resolved
MR00426,AC007,CMP0003,MA006,,2024-11-24,Scheduled Inspection,,Periodic inspection and serviceability check,12.7,155229,2039.5,2138,Resolved
MR00805,AC007,CMP0565,MA002,PART004,2024-11-26,Corrective,oil pressure drop,Check for oil leakage and pressure stability,35.8,710680,2161.9,2267,Resolved
MR00490,AC007,CMP0196,MA001,PART025,2025-01-13,Preventive Replacement,,Replace component based on condition monitoring,67.0,860350,2403.4,2520,Resolved
MR00698,AC007,CMP0315,MA003,PART021,2025-04-04,Corrective,vibration above limit,Dynamic balance check,48.8,2627169,2624.5,2751,Resolved
MR01038,AC007,CMP0113,MA006,,2025-05-23,Scheduled Inspection,,Scheduled inspection with ground functional test,14.9,179309,3213.5,3369,Resolved
MR01096,AC007,CMP0323,MA001,PART031,2025-05-31,Corrective,vibration above limit,Inspect rotating assembly and vibration sensors,17.7,451400,3404.1,3569,Recurring
MR00187,AC007,CMP0167,MA001,,2025-09-25,Scheduled Inspection,vibration above limit,Inspect bearings and rotating components,10.7,222906,3604.8,3779,Resolved
MR01178,AC007,CMP0502,MA002,,2026-01-12,Scheduled Inspection,fuel flow anomaly,Fuel system functional test,6.5,107022,3685.4,3864,Resolved
MR01264,AC007,CMP0266,MA001,,2026-01-14,Scheduled Inspection,,Detailed inspection and operational check,11.2,224775,3718.3,3898,Resolved
MR00386,AC007,CMP0045,MA001,,2026-01-17,Scheduled Inspection,,Routine visual inspection and servicing,10.6,169875,4011.1,4205,Resolved
MR00894,AC008,CMP0515,MA001,PART034,2022-09-08,Preventive Replacement,,Preventive replacement with operational check,57.1,1347574,524.2,475,Resolved
MR01334,AC008,CMP0537,MA002,PART018,2023-03-06,Corrective,oil pressure drop,Inspect oil pressure sensor and system,34.7,545621,840.0,762,Resolved
MR01399,AC008,CMP0500,MA001,PART012,2023-06-19,Corrective,vibration above limit,Balance rotating assembly and perform functional test,55.9,1209462,1404.6,1274,Resolved
MR01034,AC008,CMP0300,MA001,PART037,2025-03-10,Corrective,oil pressure drop,Inspect oil pressure sensor and system,49.1,1436982,1669.1,1514,Resolved
MR01080,AC008,CMP0363,MA003,PART020,2025-03-27,Corrective,oil pressure drop,Oil system servicing and ground run,31.1,1165788,1854.7,1682,Resolved
MR00697,AC008,CMP0377,MA003,PART028,2025-06-26,Corrective,high EGT,Engine performance check and trend monitoring,65.7,2193079,2164.3,1963,Recurring
MR01486,AC008,CMP0192,MA001,,2025-07-14,Scheduled Inspection,,Functional inspection and condition assessment,10.2,139280,2392.9,2170,Resolved
MR00837,AC008,CMP0217,MA006,PART004,2025-07-16,Corrective,high EGT,Compressor wash and EGT trend check,26.6,496451,2453.2,2225,Deferred
MR00646,AC008,CMP0287,MA002,PART029,2025-10-29,Corrective,vibration above limit,Dynamic balance check,55.7,820311,3061.9,2777,Resolved
MR00726,AC008,CMP0463,MA006,,2025-11-17,Scheduled Inspection,,Routine visual inspection and servicing,11.2,113799,3206.3,2907,Resolved
MR00311,AC008,CMP0507,MA002,PART018,2025-11-18,Corrective,blade erosion,Borescope inspection of blade surfaces,64.1,971641,3448.4,3127,Resolved
MR01261,AC008,CMP0076,MA006,,2026-05-28,Scheduled Inspection,fuel flow anomaly,Inspect fuel control and flow indication,6.9,96554,3606.3,3270,Resolved
MR00453,AC008,CMP0599,MA002,,2026-06-12,Scheduled Inspection,,Scheduled inspection and lubrication,6.2,122093,4290.4,3891,Resolved
MR00115,AC009,CMP0209,MA001,PART029,2023-07-01,Preventive Replacement,,Replace worn component and functional test,36.1,441322,304.1,311,Resolved
MR00567,AC009,CMP0507,MA003,PART020,2023-08-13,Unscheduled Removal,vibration above limit,Check mounting hardware and fasteners,285.1,14672388,1056.3,1079,Resolved
MR00191,AC009,CMP0322,MA006,,2024-01-31,Scheduled Inspection,high EGT,Inspect compressor condition and repeat engine run,15.2,150532,1185.4,1211,Resolved
MR00423,AC009,CMP0158,MA003,PART013,2024-03-08,Preventive Replacement,vibration above limit,Balance rotating assembly and perform functional test,56.8,2038334,1640.2,1675,Resolved
MR00641,AC009,CMP0300,MA006,PART040,2024-03-16,Corrective,oil temperature high,Oil system servicing and ground run,47.1,692799,1870.4,1910,Resolved
MR01417,AC009,CMP0546,MA003,PART036,2024-03-31,Corrective,high EGT,Borescope inspection of hot section,29.0,770908,1917.6,1958,Resolved
MR00440,AC009,CMP0059,MA003,PART031,2024-09-30,Corrective,blade erosion,Replace affected blade set,41.1,2052878,2651.3,2708,Recurring
MR00977,AC009,CMP0413,MA005,PART033,2025-06-03,Corrective,high EGT,Compressor wash and EGT trend check,108.8,4808753,2770.5,2829,Recurring
MR01106,AC009,CMP0008,MA001,PART012,2025-07-22,Corrective,vibration above limit,Inspect rotating assembly and vibration sensors,35.2,777851,2959.3,3022,Resolved
MR01420,AC009,CMP0294,MA001,,2025-08-08,Scheduled Inspection,,Routine system inspection and servicing,15.0,147383,3290.0,3360,Resolved
MR00678,AC009,CMP0371,MA006,PART034,2025-08-30,Corrective,high EGT,Compressor wash and EGT trend check,31.8,730885,3369.2,3441,Resolved
MR00403,AC009,CMP0086,MA002,PART009,2025-12-12,Unscheduled Removal,vibration above limit,Dynamic balance check,128.7,4945484,3507.4,3582,Resolved
MR00164,AC010,CMP0335,MA001,,2023-06-13,Scheduled Inspection,,Routine system inspection and servicing,14.2,137262,198.0,173,Resolved
MR01206,AC010,CMP0480,MA002,PART036,2023-07-05,Preventive Replacement,,Planned replacement and post-maintenance test,70.3,631372,220.4,192,Recurring
MR00611,AC010,CMP0530,MA001,,2023-10-11,Scheduled Inspection,,Inspection of life-limited components,13.4,201887,379.1,330,Recurring
MR00912,AC010,CMP0591,MA001,,2023-11-27,Scheduled Inspection,,Routine visual inspection and servicing,8.7,142873,415.3,362,Resolved
MR00210,AC010,CMP0393,MA002,PART018,2024-02-28,Unscheduled Removal,high EGT,Compressor wash and EGT trend check,209.6,7536101,647.9,565,Recurring
MR00521,AC010,CMP0233,MA001,PART029,2024-05-17,Unscheduled Removal,vibration above limit,Inspect engine mounts and rotating assembly,296.6,12764924,963.1,839,Deferred
MR01480,AC010,CMP0340,MA001,PART023,2024-11-26,Corrective,fuel flow anomaly,Check fuel flow sensor and wiring,30.8,792584,1207.4,1052,Resolved
MR00548,AC010,CMP0537,MA002,,2025-09-17,Scheduled Inspection,high EGT,Inspect fuel nozzle and combustion section,7.2,120219,1477.4,1288,Recurring
MR00506,AC010,CMP0565,MA006,,2025-09-23,Scheduled Inspection,,Periodic inspection and serviceability check,16.9,206834,1584.2,1381,Resolved
MR01427,AC010,CMP0536,MA006,PART013,2025-10-09,Corrective,vibration above limit,Check mounting hardware and fasteners,66.6,1899599,1616.1,1409,Resolved
MR00135,AC010,CMP0503,MA006,PART031,2025-12-24,Corrective,oil pressure drop,Check for oil leakage and pressure stability,27.6,464723,1920.3,1674,Resolved
MR01305,AC010,CMP0045,MA006,,2026-03-18,Scheduled Inspection,,Periodic inspection and serviceability check,12.6,102867,1993.8,1738,Recurring
MR00139,AC010,CMP0453,MA001,,2026-04-04,Scheduled Inspection,,Inspection completed; component condition checked,7.1,151879,2122.7,1850,Resolved
MR00522,AC011,CMP0290,MA001,,2023-05-13,Scheduled Inspection,,Inspection of life-limited components,8.1,85506,111.0,115,Resolved
MR00178,AC011,CMP0372,MA004,PART040,2023-06-14,Corrective,oil pressure drop,Service oil system and verify pressure,16.8,397252,159.7,166,Resolved
MR00787,AC011,CMP0142,MA003,PART027,2023-10-27,Preventive Replacement,,Scheduled component replacement,70.2,2645229,336.7,350,Resolved
MR00039,AC011,CMP0215,MA006,PART034,2023-12-29,Corrective,vibration above limit,Dynamic balance check,24.8,384471,486.8,507,Resolved
MR01292,AC011,CMP0054,MA006,,2024-01-04,Scheduled Inspection,oil temperature high,Inspect oil cooler performance,12.5,200719,511.1,532,Resolved
MR00845,AC011,CMP0408,MA002,PART038,2024-02-12,Corrective,vibration above limit,Balance rotating assembly and perform functional test,78.7,1854844,591.9,616,Resolved
MR01389,AC011,CMP0507,MA001,PART015,2024-06-03,Corrective,vibration above limit,Balance rotating assembly and perform functional test,44.4,854292,1108.6,1154,Resolved
MR00743,AC011,CMP0467,MA001,PART033,2025-06-14,Corrective,vibration above limit,Balance rotating assembly and perform functional test,74.3,2613252,1330.8,1385,Resolved
MR00003,AC012,CMP0423,MA005,,2023-01-17,Scheduled Inspection,,Periodic inspection and serviceability check,7.8,115148,151.4,140,Resolved
MR01461,AC012,CMP0515,MA002,,2023-04-03,Scheduled Inspection,,Inspection of life-limited components,11.2,119927,221.7,206,Resolved
MR00663,AC012,CMP0487,MA001,PART005,2024-01-15,Corrective,starter fault,Starter functional test,42.1,1254845,325.5,302,Resolved
MR00392,AC012,CMP0453,MA004,PART019,2024-01-22,Corrective,oil pressure drop,Inspect oil pressure sensor and system,24.8,641083,396.2,367,Recurring
MR01035,AC012,CMP0312,MA002,PART036,2024-03-16,Preventive Replacement,,Preventive replacement of life-limited component,27.1,399277,665.1,617,Resolved
MR01471,AC012,CMP0557,MA002,PART034,2024-08-05,Corrective,oil pressure drop,Inspect oil filter and oil lines,63.2,2116354,814.2,755,Resolved
MR00620,AC012,CMP0583,MA004,,2024-10-08,Scheduled Inspection,,Detailed inspection and operational check,6.8,104193,995.5,923,Resolved
MR00955,AC012,CMP0106,MA006,,2024-10-25,Scheduled Inspection,fuel flow anomaly,Fuel nozzle inspection and test,13.4,155250,1191.4,1105,Recurring
MR00377,AC012,CMP0483,MA001,,2025-01-09,Scheduled Inspection,vibration above limit,Inspect fan/compressor assembly,9.6,168452,1339.8,1242,Resolved
MR00452,AC012,CMP0292,MA001,PART026,2025-02-04,Corrective,fuel flow anomaly,Check fuel flow indication and control unit,65.3,1749392,1505.0,1396,Resolved
MR00012,AC012,CMP0141,MA002,,2025-02-14,Scheduled Inspection,,Routine visual inspection and servicing,11.1,132972,1765.5,1637,Resolved
MR01487,AC012,CMP0558,MA002,,2025-03-10,Scheduled Inspection,,Functional inspection and condition assessment,6.8,58463,1937.1,1796,Resolved
MR00243,AC012,CMP0222,MA001,PART036,2025-04-19,Corrective,vibration above limit,Inspect engine mounts and rotating assembly,70.7,1773634,1968.6,1826,Resolved
MR01275,AC012,CMP0507,MA001,PART015,2025-06-29,Preventive Replacement,compressor stall,Ground run and compressor response check,74.5,1810609,2299.7,2133,Resolved
MR00208,AC012,CMP0401,MA004,PART031,2025-12-15,Corrective,vibration above limit,Inspect fan/compressor assembly,23.8,777705,2311.9,2144,Resolved
MR00523,AC012,CMP0585,MA003,,2026-01-20,Scheduled Inspection,compressor stall,Compressor inspection and borescope check,16.4,374359,2455.9,2278,Recurring
MR01369,AC013,CMP0571,MA001,PART004,2023-06-24,Unscheduled Removal,starter fault,Starter functional test,187.9,10084159,821.1,726,Resolved
MR00234,AC013,CMP0064,MA003,PART025,2024-07-14,Preventive Replacement,high EGT,Inspect turbine section and EGT indication,95.2,2788341,1206.9,1068,Resolved
MR00310,AC013,CMP0532,MA002,,2024-07-29,Scheduled Inspection,,Detailed inspection and operational check,16.9,156813,2369.5,2096,Deferred
MR00525,AC013,CMP0289,MA004,,2025-03-14,Scheduled Inspection,oil pressure drop,Inspect oil pump and associated plumbing,12.5,299582,2891.3,2558,Resolved
MR00075,AC013,CMP0153,MA001,PART019,2025-08-07,Preventive Replacement,vibration above limit,Vibration survey and ground run,60.5,1852396,3781.8,3346,Resolved
MR00510,AC014,CMP0480,MA001,,2022-04-26,Scheduled Inspection,vibration above limit,Dynamic balance check,13.2,252023,127.8,136,Recurring
MR01329,AC014,CMP0287,MA003,PART028,2023-02-09,Preventive Replacement,,Replace component based on condition monitoring,58.1,1202931,363.6,387,Resolved
MR01157,AC014,CMP0350,MA003,,2024-02-01,Scheduled Inspection,,Inspection of life-limited components,11.7,231949,584.0,622,Resolved
MR00322,AC014,CMP0498,MA004,,2024-05-09,Scheduled Inspection,,Routine visual inspection and servicing,9.4,175081,691.1,736,Resolved
MR01039,AC014,CMP0326,MA001,,2024-05-13,Scheduled Inspection,,Periodic inspection and serviceability check,9.7,98468,735.0,782,Resolved
MR00273,AC014,CMP0560,MA002,,2024-05-29,Scheduled Inspection,,Scheduled inspection with ground functional test,12.4,115258,983.2,1046,Resolved
MR00685,AC014,CMP0203,MA003,PART032,2024-05-29,Corrective,oil pressure drop,Oil system servicing and ground run,59.3,1978838,997.2,1061,Resolved
MR00821,AC014,CMP0177,MA001,,2024-08-09,Scheduled Inspection,,Scheduled inspection and lubrication,16.8,257149,1109.1,1180,Resolved
MR01372,AC014,CMP0499,MA001,,2024-09-22,Scheduled Inspection,,Scheduled inspection with ground functional test,10.9,170863,1191.0,1268,Resolved
MR00944,AC014,CMP0593,MA006,,2025-01-15,Scheduled Inspection,,Scheduled inspection and lubrication,14.2,188858,1339.0,1425,Resolved
MR00233,AC014,CMP0456,MA006,,2025-01-20,Scheduled Inspection,,Routine system inspection and servicing,12.3,178475,1419.5,1511,Resolved
MR00158,AC014,CMP0509,MA003,PART034,2025-03-18,Corrective,compressor stall,Inspect compressor stages for damage,44.8,1253442,1631.0,1736,Resolved
MR01073,AC014,CMP0117,MA002,,2025-06-12,Scheduled Inspection,,Periodic inspection and serviceability check,6.3,46519,1664.0,1771,Deferred
MR00781,AC014,CMP0059,MA006,PART032,2025-07-12,Corrective,high EGT,Inspect temperature sensing circuit,60.8,1269558,1913.7,2037,Resolved
MR00802,AC014,CMP0238,MA001,PART022,2025-09-14,Corrective,fuel flow anomaly,Inspect fuel control and flow indication,40.3,1062777,2009.2,2138,Resolved
MR00085,AC014,CMP0156,MA003,,2026-01-25,Scheduled Inspection,,Scheduled inspection with ground functional test,16.2,362260,2075.0,2208,Resolved
MR00545,AC014,CMP0123,MA001,,2026-03-22,Scheduled Inspection,,Scheduled inspection and lubrication,9.4,86189,2220.1,2363,Resolved
MR00924,AC014,CMP0125,MA005,PART028,2026-05-20,Corrective,compressor stall,Compressor inspection and borescope check,68.2,2596997,2422.6,2578,Resolved
MR01454,AC015,CMP0421,MA003,,2022-08-02,Scheduled Inspection,,Scheduled inspection and lubrication,18.7,365817,586.0,599,Resolved
MR00638,AC015,CMP0573,MA003,PART021,2023-02-13,Corrective,high EGT,Inspect fuel nozzle and combustion section,16.1,450592,1007.3,1029,Resolved
MR01283,AC015,CMP0433,MA001,,2023-06-25,Scheduled Inspection,,Functional inspection and condition assessment,7.4,132466,1227.0,1254,Resolved
MR00387,AC015,CMP0190,MA003,,2024-01-30,Scheduled Inspection,,Detailed inspection and operational check,12.2,216546,1283.8,1312,Recurring
MR00872,AC015,CMP0368,MA001,PART008,2024-03-06,Unscheduled Removal,oil pressure drop,Inspect oil system and pressure circuit,131.9,7844394,1559.0,1593,Resolved
MR00421,AC015,CMP0151,MA002,PART001,2024-06-09,Preventive Replacement,,Preventive replacement with operational check,68.7,721906,2036.7,2081,Resolved
MR00375,AC015,CMP0150,MA003,,2024-07-13,Scheduled Inspection,,Routine visual inspection and servicing,13.6,196417,2374.7,2426,Resolved
MR00188,AC015,CMP0290,MA002,,2024-07-24,Scheduled Inspection,,Scheduled inspection with ground functional test,7.4,59286,2714.0,2773,Resolved
MR00034,AC015,CMP0125,MA001,,2025-02-03,Scheduled Inspection,,Inspection of life-limited components,8.4,130372,2857.7,2920,Resolved
MR00459,AC015,CMP0108,MA006,PART038,2025-06-13,Preventive Replacement,,Scheduled component replacement,67.0,866406,3028.6,3094,Resolved
MR01027,AC015,CMP0005,MA001,PART034,2025-06-29,Preventive Replacement,,Preventive replacement of life-limited component,59.6,1074026,3168.6,3237,Resolved
MR00076,AC015,CMP0592,MA001,PART024,2025-11-06,Corrective,fuel flow anomaly,Fuel nozzle inspection and test,16.0,473099,3656.5,3736,Resolved
MR00324,AC015,CMP0267,MA004,PART017,2025-12-29,Preventive Replacement,,Planned replacement and post-maintenance test,48.6,1049019,4317.7,4412,Resolved
MR01278,AC015,CMP0048,MA003,,2026-04-07,Scheduled Inspection,,Inspection of life-limited components,18.4,364158,4822.6,4927,Resolved
MR01319,AC016,CMP0141,MA005,PART015,2023-08-16,Corrective,vibration above limit,Inspect rotating assembly and vibration sensors,81.0,2082221,1157.7,1094,Recurring
MR00435,AC016,CMP0326,MA001,PART010,2024-02-07,Corrective,vibration above limit,Dynamic balance check,63.7,1517372,1408.8,1331,Resolved
MR00799,AC016,CMP0543,MA002,,2024-02-13,Scheduled Inspection,high EGT,Engine performance check and trend monitoring,11.3,214708,2088.6,1973,Resolved
MR01185,AC016,CMP0436,MA004,PART024,2024-03-13,Preventive Replacement,,Replace worn component and functional test,81.2,990915,2528.6,2389,Resolved
MR00119,AC016,CMP0160,MA002,,2024-11-17,Scheduled Inspection,fuel flow anomaly,Inspect fuel control and flow indication,6.3,119294,3120.3,2948,Resolved
MR00048,AC017,CMP0492,MA006,,2023-06-27,Scheduled Inspection,,Functional inspection and condition assessment,9.5,75274,183.9,208,Resolved
MR00032,AC017,CMP0424,MA005,PART022,2023-07-13,Unscheduled Removal,high EGT,Inspect turbine section and EGT indication,600.0,43023856,226.3,256,Resolved
MR01279,AC017,CMP0363,MA002,PART017,2024-01-06,Corrective,vibration above limit,Balance rotating assembly and perform functional test,71.4,2514830,374.5,423,Resolved
MR01444,AC017,CMP0429,MA006,PART019,2024-05-02,Corrective,high EGT,Compressor wash and EGT trend check,14.3,317149,442.7,501,Resolved
MR00238,AC017,CMP0271,MA002,PART002,2024-07-20,Preventive Replacement,,Replace worn component and functional test,78.8,899483,515.2,582,Resolved
MR01054,AC017,CMP0296,MA006,PART014,2024-07-22,Preventive Replacement,high EGT,Inspect temperature sensing circuit,25.1,246255,629.8,712,Resolved
MR00931,AC017,CMP0118,MA002,PART023,2024-08-12,Corrective,high EGT,Engine performance check and trend monitoring,71.7,1039043,838.9,949,Resolved
MR00704,AC017,CMP0572,MA006,PART008,2024-08-31,Corrective,vibration above limit,Check mounting hardware and fasteners,48.8,738194,1112.6,1258,Resolved
MR00255,AC017,CMP0109,MA005,PART004,2024-09-12,Unscheduled Removal,high EGT,Inspect turbine section and EGT indication,247.2,9778543,1132.3,1280,Resolved
MR00789,AC017,CMP0330,MA002,PART035,2024-09-13,Corrective,vibration above limit,Check mounting hardware and fasteners,29.3,869388,1220.0,1379,Resolved
MR00197,AC017,CMP0440,MA004,PART011,2024-09-28,Unscheduled Removal,blade erosion,Inspect compressor/turbine blade edges,302.2,17526249,1384.6,1566,Resolved
MR01260,AC017,CMP0558,MA001,PART036,2024-11-05,Corrective,oil pressure drop,Inspect oil pump and associated plumbing,34.8,1282282,1586.4,1794,Resolved
MR00630,AC017,CMP0546,MA001,,2024-12-08,Scheduled Inspection,,Detailed inspection and operational check,16.1,269225,1842.0,2083,Resolved
MR00159,AC017,CMP0308,MA006,PART008,2024-12-19,Unscheduled Removal,compressor stall,Ground run and compressor response check,449.4,19906284,2027.9,2293,Resolved
MR00713,AC017,CMP0566,MA002,,2025-01-30,Scheduled Inspection,,Periodic inspection and serviceability check,5.2,63731,2103.0,2378,Resolved
MR01234,AC017,CMP0336,MA003,PART040,2025-04-18,Preventive Replacement,,Preventive replacement with operational check,47.9,603175,2264.6,2560,Resolved
MR01174,AC017,CMP0358,MA006,,2025-06-27,Scheduled Inspection,,Routine visual inspection and servicing,13.4,124828,2410.0,2725,Resolved
MR01113,AC017,CMP0452,MA001,PART012,2025-09-14,Corrective,vibration above limit,Vibration survey and ground run,31.0,825557,2450.1,2770,Recurring
MR01380,AC017,CMP0028,MA001,,2025-12-06,Scheduled Inspection,,Scheduled inspection and lubrication,14.8,163307,2517.1,2846,Resolved
MR00274,AC017,CMP0407,MA002,,2026-02-11,Scheduled Inspection,,Scheduled inspection and lubrication,10.0,112334,2693.7,3046,Resolved
MR00666,AC017,CMP0139,MA003,PART003,2026-04-13,Corrective,oil temperature high,Check temperature indication and oil circulation,54.4,1417758,2949.8,3335,Resolved
MR00424,AC017,CMP0275,MA001,PART031,2026-05-26,Corrective,compressor stall,Ground run and compressor response check,83.8,1749868,3033.0,3429,Resolved
MR00224,AC017,CMP0250,MA003,PART027,2026-07-20,Unscheduled Removal,high EGT,Compressor wash and EGT trend check,165.3,12795922,3560.4,4026,Resolved
MR00600,AC017,CMP0349,MA006,PART003,2026-07-28,Corrective,oil pressure drop,Inspect oil system and pressure circuit,91.5,2182361,3564.4,4030,Resolved
MR00381,AC017,CMP0256,MA001,,2026-08-07,Scheduled Inspection,,Routine system inspection and servicing,12.1,117123,3699.4,4183,Resolved
MR01479,AC017,CMP0296,MA003,PART010,2026-08-12,Corrective,high EGT,Engine performance check and trend monitoring,29.4,861401,3847.5,4350,Resolved
MR00568,AC018,CMP0581,MA001,PART028,2022-10-06,Corrective,high EGT,Inspect temperature sensing circuit,51.6,1648156,295.7,284,Resolved
MR01051,AC018,CMP0539,MA003,PART030,2023-08-29,Corrective,high EGT,Inspect temperature sensing circuit,28.8,1147326,350.9,337,Resolved
MR00068,AC018,CMP0087,MA001,PART019,2024-01-16,Preventive Replacement,,Replace worn component and functional test,78.5,1538349,415.6,399,Resolved
MR00495,AC018,CMP0329,MA003,,2024-07-09,Scheduled Inspection,,Routine system inspection and servicing,13.0,445277,481.4,462,Resolved
MR00537,AC018,CMP0174,MA006,PART040,2024-08-21,Corrective,oil temperature high,Temperature sensor inspection,15.5,263161,695.8,668,Resolved
MR01115,AC018,CMP0125,MA002,PART030,2024-11-18,Preventive Replacement,,Scheduled component replacement,59.6,776663,940.2,903,Resolved
MR00740,AC018,CMP0309,MA006,,2024-12-20,Scheduled Inspection,,Functional inspection and condition assessment,9.5,122998,1015.7,976,Resolved
MR00860,AC018,CMP0336,MA002,PART035,2025-01-28,Preventive Replacement,,Preventive replacement of life-limited component,24.4,280583,1059.5,1018,Resolved
MR00434,AC018,CMP0160,MA004,PART026,2025-02-08,Preventive Replacement,high EGT,Inspect fuel nozzle and combustion section,38.4,736709,1104.6,1061,Resolved
MR00370,AC018,CMP0579,MA002,PART016,2025-05-23,Corrective,blade erosion,Inspect compressor/turbine blade edges,68.0,2354478,1129.6,1085,Resolved
MR00195,AC018,CMP0551,MA004,PART034,2025-07-01,Corrective,vibration above limit,Balance rotating assembly and perform functional test,44.3,1026306,1393.5,1339,Resolved
MR01032,AC018,CMP0429,MA001,,2025-09-04,Scheduled Inspection,,Functional inspection and condition assessment,8.7,80752,1497.3,1438,Resolved
MR01456,AC018,CMP0389,MA001,,2026-01-31,Scheduled Inspection,,Functional inspection and condition assessment,14.0,189472,1703.6,1636,Resolved
MR00078,AC018,CMP0335,MA003,,2026-05-03,Scheduled Inspection,,Routine system inspection and servicing,9.6,122677,1786.5,1716,Resolved
MR00454,AC019,CMP0573,MA003,PART021,2022-05-24,Corrective,vibration above limit,Inspect engine mounts and rotating assembly,36.5,1470918,713.3,715,Resolved
MR01383,AC019,CMP0542,MA001,,2023-02-17,Scheduled Inspection,,Functional inspection and condition assessment,8.7,86831,953.4,956,Resolved
MR00509,AC019,CMP0202,MA002,,2023-11-13,Scheduled Inspection,,Scheduled inspection and lubrication,8.3,76850,1132.3,1136,Resolved
MR01214,AC019,CMP0420,MA004,PART040,2024-03-01,Corrective,high EGT,Inspect compressor condition and repeat engine run,46.5,1227173,1341.1,1345,Resolved
MR00286,AC019,CMP0387,MA001,,2024-05-19,Scheduled Inspection,oil pressure drop,Check for oil leakage and pressure stability,10.7,159079,1395.4,1399,Resolved
MR00455,AC019,CMP0189,MA002,PART021,2024-06-09,Corrective,blade erosion,Replace affected blade and perform ground run,34.4,882562,1484.0,1488,Resolved
MR01182,AC019,CMP0236,MA002,,2024-06-10,Scheduled Inspection,,Inspection of life-limited components,7.1,79929,1754.0,1759,Resolved
MR00213,AC019,CMP0307,MA006,PART003,2024-06-18,Preventive Replacement,hydraulic pressure low,Inspect hydraulic pump operation,32.6,650960,1895.0,1900,Resolved
MR01245,AC019,CMP0390,MA004,PART035,2024-06-20,Preventive Replacement,high EGT,Inspect turbine section and EGT indication,59.1,992405,2114.0,2120,Resolved
MR00121,AC019,CMP0453,MA003,PART021,2024-08-30,Corrective,oil pressure drop,Oil system servicing and ground run,57.3,2607608,2220.6,2227,Resolved
MR00814,AC019,CMP0154,MA005,,2024-12-14,Scheduled Inspection,,Scheduled inspection and lubrication,15.3,173964,2345.2,2352,Resolved
MR00394,AC019,CMP0386,MA001,PART014,2025-05-11,Corrective,high EGT,Check EGT indication and carry out ground run,37.2,1053596,2675.1,2683,Resolved
MR01166,AC019,CMP0215,MA001,,2025-08-02,Scheduled Inspection,,Functional inspection and condition assessment,13.2,173371,2835.9,2844,Resolved
MR00796,AC019,CMP0320,MA004,,2025-11-27,Scheduled Inspection,,Detailed inspection and operational check,15.3,212790,3002.6,3011,Resolved
MR00868,AC019,CMP0099,MA002,PART016,2026-04-29,Corrective,oil pressure drop,Check oil level and pressure indication,12.8,248730,3133.1,3142,Resolved
MR00733,AC020,CMP0163,MA002,PART002,2022-04-04,Preventive Replacement,vibration above limit,Inspect rotating assembly and vibration sensors,34.8,699576,250.9,257,Resolved
MR00742,AC020,CMP0435,MA001,PART018,2022-10-31,Corrective,,Rectify reported fault and perform inspection,30.4,383049,320.7,328,Resolved
MR00317,AC020,CMP0548,MA001,,2022-11-22,Scheduled Inspection,,Routine visual inspection and servicing,16.2,213748,408.6,419,Resolved
MR00155,AC020,CMP0068,MA001,PART012,2022-12-11,Preventive Replacement,vibration above limit,Dynamic balance check,67.1,1676393,621.0,636,Resolved
MR01494,AC020,CMP0113,MA001,,2022-12-26,Scheduled Inspection,,Functional inspection and condition assessment,13.1,163976,709.7,727,Resolved
MR00328,AC020,CMP0313,MA002,PART003,2023-03-10,Corrective,sensor fault,Replace sensor and carry out system test,31.2,821602,893.5,915,Resolved
MR00037,AC020,CMP0430,MA004,,2023-03-11,Scheduled Inspection,,Scheduled inspection with ground functional test,9.6,119354,930.6,953,Resolved
MR00675,AC020,CMP0193,MA004,PART007,2023-05-18,Corrective,sensor fault,Electrical continuity and indication check,27.5,401353,1053.7,1079,Resolved
MR01474,AC020,CMP0048,MA001,,2023-06-14,Scheduled Inspection,,Periodic inspection and serviceability check,15.3,229674,1064.0,1090,Resolved
MR01186,AC020,CMP0120,MA001,PART035,2023-08-02,Preventive Replacement,vibration above limit,Vibration survey and ground run,56.8,2486966,1107.5,1134,Resolved
MR01352,AC020,CMP0150,MA001,,2023-08-04,Scheduled Inspection,,Functional inspection and condition assessment,10.6,143718,1152.8,1181,Resolved
MR00790,AC020,CMP0278,MA002,PART011,2023-10-12,Corrective,high EGT,Borescope inspection of hot section,27.2,756958,1208.7,1238,Resolved
MR00915,AC020,CMP0160,MA005,,2023-10-24,Scheduled Inspection,,Scheduled inspection and lubrication,6.4,83815,1392.0,1426,Resolved
MR00503,AC020,CMP0436,MA001,,2023-11-01,Scheduled Inspection,,Routine visual inspection and servicing,11.5,197166,1403.8,1438,Resolved
MR00168,AC020,CMP0420,MA006,PART039,2023-11-22,Corrective,compressor stall,Engine performance inspection,59.3,806964,1604.6,1644,Deferred
MR00466,AC020,CMP0141,MA002,,2023-12-12,Scheduled Inspection,,Routine system inspection and servicing,10.5,114717,1614.6,1654,Resolved
MR01158,AC020,CMP0591,MA006,PART018,2024-04-02,Corrective,high EGT,Engine performance check and trend monitoring,42.9,871771,1677.8,1719,Resolved
MR01354,AC020,CMP0122,MA003,,2024-04-21,Scheduled Inspection,oil pressure drop,Inspect oil pump and associated plumbing,11.4,319250,1744.0,1786,Resolved
MR00782,AC020,CMP0240,MA003,PART040,2024-05-03,Corrective,blade erosion,Inspect compressor/turbine blade edges,81.9,4338500,1993.9,2042,Resolved
MR00169,AC020,CMP0149,MA005,,2024-05-13,Scheduled Inspection,,Scheduled inspection and lubrication,12.3,274936,2137.5,2189,Resolved
MR00914,AC020,CMP0582,MA001,PART039,2024-06-04,Corrective,high EGT,Inspect turbine section and EGT indication,15.3,268326,2448.5,2508,Recurring
MR00250,AC020,CMP0208,MA001,,2024-06-27,Scheduled Inspection,,Scheduled inspection with ground functional test,9.6,161726,2793.5,2861,Deferred
MR01401,AC020,CMP0134,MA006,,2024-06-27,Scheduled Inspection,,Functional inspection and condition assessment,4.6,57948,2976.0,3048,Deferred
MR01394,AC020,CMP0194,MA003,PART014,2024-07-18,Unscheduled Removal,compressor stall,Inspect compressor blades and inlet section,246.2,15376789,3018.1,3091,Resolved
MR00122,AC020,CMP0156,MA004,PART039,2024-08-31,Corrective,vibration above limit,Inspect rotating assembly and vibration sensors,22.4,436507,3136.4,3213,Resolved
MR01022,AC020,CMP0315,MA005,,2024-09-16,Scheduled Inspection,,Scheduled inspection and lubrication,13.7,175319,3229.7,3308,Resolved
MR01217,AC020,CMP0262,MA005,PART024,2024-10-08,Unscheduled Removal,fuel flow anomaly,Inspect fuel control and flow indication,144.5,7510027,3281.0,3361,Recurring
MR00720,AC020,CMP0405,MA003,,2024-10-14,Scheduled Inspection,,Detailed inspection and operational check,16.9,266509,3455.7,3540,Resolved
MR00898,AC020,CMP0575,MA003,PART032,2024-10-23,Corrective,vibration above limit,Check mounting hardware and fasteners,53.1,1718973,3476.1,3560,Resolved
MR01348,AC020,CMP0363,MA002,PART018,2024-11-14,Unscheduled Removal,vibration above limit,Check mounting hardware and fasteners,211.2,6861253,3512.8,3598,Resolved
MR00607,AC020,CMP0330,MA001,PART039,2024-12-16,Unscheduled Removal,blade erosion,Borescope inspection of blade surfaces,464.5,33791160,3524.3,3610,Recurring
MR00547,AC020,CMP0278,MA003,PART014,2024-12-21,Corrective,vibration above limit,Inspect fan/compressor assembly,42.7,1462390,3556.6,3643,Resolved
MR00967,AC020,CMP0460,MA001,PART024,2025-02-27,Corrective,high EGT,Check EGT indication and carry out ground run,79.9,2638793,3596.6,3684,Resolved
MR00861,AC020,CMP0254,MA005,,2025-05-18,Scheduled Inspection,,Detailed inspection and operational check,9.4,177409,3671.4,3761,Resolved
MR01104,AC020,CMP0350,MA002,,2025-09-01,Scheduled Inspection,compressor stall,Compressor inspection followed by performance run,8.9,152789,3856.6,3950,Resolved
MR00380,AC020,CMP0260,MA005,PART010,2026-02-05,Unscheduled Removal,high EGT,Inspect compressor condition and repeat engine run,225.3,9422051,3910.8,4006,Resolved
MR00899,AC020,CMP0591,MA001,PART020,2026-02-06,Corrective,compressor stall,Compressor inspection and borescope check,44.2,1201174,4099.0,4199,Resolved
MR00715,AC020,CMP0150,MA001,PART038,2026-04-17,Preventive Replacement,high EGT,Inspect compressor condition and repeat engine run,69.2,1332482,4439.3,4547,Resolved
MR00867,AC020,CMP0063,MA003,PART016,2026-05-30,Corrective,blade erosion,Replace affected blade set,39.8,2545104,4647.0,4760,Resolved
MR00639,AC020,CMP0326,MA001,PART009,2026-07-18,Preventive Replacement,,Preventive replacement of life-limited component,38.9,780419,4681.5,4795,Resolved
MR00240,AC021,CMP0249,MA006,,2023-07-14,Scheduled Inspection,,Routine system inspection and servicing,11.8,145718,296.1,280,Resolved
MR00450,AC021,CMP0062,MA003,PART012,2024-03-31,Corrective,,Rectify reported fault and perform inspection,30.0,1255839,888.8,839,Resolved
MR00705,AC021,CMP0583,MA002,,2024-05-03,Scheduled Inspection,high EGT,Engine performance check and trend monitoring,15.3,237144,1030.7,973,Resolved
MR00206,AC021,CMP0549,MA006,PART020,2024-05-18,Corrective,high EGT,Inspect temperature sensing circuit,35.3,732949,1318.7,1245,Resolved
MR00518,AC021,CMP0076,MA005,PART022,2024-07-24,Corrective,fuel flow anomaly,Fuel system functional test,18.6,446064,1711.0,1615,Resolved
MR00891,AC021,CMP0203,MA004,PART032,2024-12-31,Corrective,high EGT,Compressor wash and EGT trend check,45.1,1003010,2186.5,2064,Resolved
MR01138,AC021,CMP0500,MA001,,2025-01-08,Scheduled Inspection,,Scheduled inspection with ground functional test,10.3,136805,2509.1,2369,Resolved
MR00934,AC021,CMP0212,MA005,PART013,2025-03-29,Corrective,vibration above limit,Inspect rotating assembly and vibration sensors,20.8,893812,2591.1,2446,Resolved
MR00507,AC021,CMP0164,MA002,PART011,2025-06-04,Unscheduled Removal,vibration above limit,Inspect bearings and rotating components,600.0,25330425,2780.0,2625,Resolved
MR00007,AC021,CMP0029,MA002,,2025-07-04,Scheduled Inspection,,Scheduled inspection and lubrication,6.7,74659,3430.7,3239,Resolved
MR00140,AC021,CMP0058,MA003,PART025,2025-09-17,Preventive Replacement,,Preventive replacement with operational check,69.8,1951389,3700.5,3494,Resolved
MR00264,AC022,CMP0288,MA002,PART038,2023-01-05,Corrective,high EGT,Check EGT indication and carry out ground run,75.0,1343311,485.5,506,Resolved
MR01250,AC022,CMP0563,MA006,PART031,2023-04-10,Corrective,oil pressure drop,Inspect oil pump and associated plumbing,47.6,1016556,621.9,648,Resolved
MR01105,AC022,CMP0465,MA006,PART018,2023-04-21,Corrective,vibration above limit,Balance rotating assembly and perform functional test,29.4,468960,671.1,700,Resolved
MR00467,AC022,CMP0467,MA002,PART033,2023-12-19,Unscheduled Removal,oil temperature high,Check temperature indication and oil circulation,256.5,7305566,844.7,880,Resolved
MR00505,AC022,CMP0575,MA001,PART033,2024-01-23,Preventive Replacement,vibration above limit,Inspect engine mounts and rotating assembly,37.7,1067833,1118.1,1165,Resolved
MR00492,AC022,CMP0298,MA005,PART024,2024-02-13,Corrective,high EGT,Check EGT indication and carry out ground run,32.3,1260238,1240.7,1293,Resolved
MR01364,AC022,CMP0173,MA002,PART029,2024-08-14,Corrective,vibration above limit,Balance rotating assembly and perform functional test,20.1,412977,1364.9,1423,Resolved
MR00637,AC022,CMP0386,MA002,,2024-09-25,Scheduled Inspection,,Scheduled inspection and lubrication,14.8,129104,1514.3,1579,Resolved
MR00125,AC022,CMP0004,MA001,PART025,2024-10-27,Preventive Replacement,fuel flow anomaly,Check fuel flow indication and control unit,61.0,733460,1677.4,1749,Resolved
MR01063,AC022,CMP0336,MA003,PART035,2024-11-08,Corrective,vibration above limit,Inspect engine mounts and rotating assembly,31.6,1566753,1737.7,1811,Resolved
MR01246,AC022,CMP0507,MA001,PART021,2024-12-05,Corrective,oil pressure drop,Oil system servicing and ground run,31.5,716915,1753.2,1828,Recurring
MR00779,AC022,CMP0418,MA006,PART027,2025-03-09,Corrective,high EGT,Compressor wash and EGT trend check,24.5,451049,1933.8,2016,Resolved
MR00571,AC022,CMP0308,MA002,,2025-03-21,Scheduled Inspection,,Functional inspection and condition assessment,7.0,82473,2043.9,2131,Resolved
MR00501,AC022,CMP0441,MA001,PART015,2025-04-06,Corrective,oil pressure drop,Oil system servicing and ground run,56.5,1823104,2195.2,2288,Resolved
MR00061,AC022,CMP0556,MA001,PART022,2025-05-15,Preventive Replacement,,Preventive replacement of life-limited component,66.6,1389863,2289.0,2386,Resolved
MR00707,AC022,CMP0102,MA003,PART035,2025-09-05,Preventive Replacement,,Replace component based on condition monitoring,62.8,979018,2442.3,2546,Resolved
MR00886,AC022,CMP0137,MA005,PART030,2025-10-02,Corrective,vibration above limit,Inspect rotating assembly and vibration sensors,23.4,528234,2487.1,2593,Resolved
MR00992,AC022,CMP0252,MA002,PART040,2025-10-18,Corrective,vibration above limit,Inspect fan/compressor assembly,32.8,659054,2566.0,2675,Resolved
MR00367,AC022,CMP0579,MA002,,2025-10-24,Scheduled Inspection,blade erosion,Inspect blade condition,8.5,183476,2608.9,2720,Resolved
MR00449,AC022,CMP0539,MA002,PART028,2026-01-23,Unscheduled Removal,high EGT,Engine performance check and trend monitoring,131.2,3883123,2689.5,2804,Resolved
MR01033,AC022,CMP0418,MA001,PART025,2026-03-14,Corrective,fuel flow anomaly,Inspect fuel control and flow indication,19.6,524476,2717.1,2832,Resolved
MR01008,AC022,CMP0183,MA003,,2026-05-25,Scheduled Inspection,,Routine system inspection and servicing,15.0,249870,2911.6,3035,Resolved
MR01081,AC023,CMP0248,MA003,,2022-06-18,Scheduled Inspection,,Periodic inspection and serviceability check,14.8,310721,516.9,492,Resolved
MR00026,AC023,CMP0057,MA001,,2023-03-27,Scheduled Inspection,,Detailed inspection and operational check,15.5,166602,556.2,529,Resolved
MR01161,AC023,CMP0371,MA003,,2023-07-08,Scheduled Inspection,,Inspection of life-limited components,13.3,219601,704.1,670,Resolved
MR00846,AC023,CMP0411,MA002,,2023-12-18,Scheduled Inspection,,Routine system inspection and servicing,9.8,78470,828.9,789,Resolved
MR00727,AC023,CMP0381,MA001,,2024-03-13,Scheduled Inspection,,Periodic inspection and serviceability check,11.0,149472,1251.4,1191,Resolved
MR01121,AC023,CMP0372,MA002,PART039,2024-06-06,Preventive Replacement,,Scheduled component replacement,76.9,917796,1407.7,1340,Resolved
MR01211,AC023,CMP0305,MA006,PART028,2025-03-17,Preventive Replacement,oil temperature high,Check temperature indication and oil circulation,53.1,1009427,1745.7,1662,Resolved
MR01195,AC023,CMP0526,MA002,,2025-03-22,Scheduled Inspection,,Routine system inspection and servicing,10.1,121875,1991.8,1896,Resolved
MR01127,AC023,CMP0268,MA006,,2025-05-09,Scheduled Inspection,,Detailed inspection and operational check,9.9,123992,2176.3,2072,Resolved
MR00754,AC023,CMP0194,MA001,,2025-06-03,Scheduled Inspection,,Detailed inspection and operational check,12.8,199083,2265.2,2156,Resolved
MR00927,AC023,CMP0071,MA006,PART030,2025-06-18,Corrective,blade erosion,Replace affected blade and perform ground run,29.6,476541,2450.4,2333,Resolved
MR00938,AC023,CMP0304,MA005,PART027,2025-09-17,Corrective,fuel flow anomaly,Inspect fuel lines and metering unit,66.4,892226,2506.4,2386,Resolved
MR00738,AC023,CMP0017,MA003,,2026-08-02,Scheduled Inspection,,Inspection of life-limited components,14.6,244620,2610.7,2485,Resolved
MR01012,AC024,CMP0110,MA003,PART010,2023-11-29,Corrective,vibration above limit,Inspect fan/compressor assembly,31.5,1092386,181.8,175,Resolved
MR00098,AC024,CMP0304,MA005,PART022,2024-05-23,Preventive Replacement,,Replace component before service limit,71.3,1226100,1151.6,1109,Recurring
MR01084,AC024,CMP0083,MA002,PART033,2024-11-26,Preventive Replacement,,Replace component based on condition monitoring,85.5,1792345,1578.9,1520,Resolved
MR00711,AC024,CMP0057,MA006,,2025-03-30,Scheduled Inspection,,Detailed inspection and operational check,9.1,111739,2528.7,2435,Resolved
MR00875,AC024,CMP0218,MA002,,2025-05-09,Scheduled Inspection,,Detailed inspection and operational check,11.2,100363,2941.0,2832,Resolved
MR00825,AC024,CMP0303,MA001,,2025-06-02,Scheduled Inspection,vibration above limit,Inspect bearings and rotating components,9.4,115993,3380.0,3255,Resolved
MR01129,AC025,CMP0155,MA006,,2022-08-04,Scheduled Inspection,,Functional inspection and condition assessment,6.0,49652,442.2,496,Resolved
MR00351,AC025,CMP0417,MA004,,2022-11-28,Scheduled Inspection,,Inspection of life-limited components,12.8,94885,596.0,669,Resolved
MR00909,AC025,CMP0357,MA002,,2023-03-01,Scheduled Inspection,compressor stall,Compressor inspection and borescope check,6.9,97678,733.7,824,Resolved
MR00963,AC025,CMP0446,MA002,PART012,2023-03-07,Corrective,vibration above limit,Inspect rotating assembly and vibration sensors,80.5,1742701,855.5,961,Resolved
MR00041,AC025,CMP0140,MA004,,2023-06-07,Scheduled Inspection,,Routine visual inspection and servicing,14.6,283744,922.3,1036,Resolved
MR01011,AC025,CMP0087,MA004,,2023-11-13,Scheduled Inspection,,Scheduled inspection with ground functional test,15.6,364584,1044.7,1173,Resolved
MR01055,AC025,CMP0395,MA001,PART028,2024-01-08,Corrective,vibration above limit,Check mounting hardware and fasteners,59.4,1570559,1394.6,1566,Resolved
MR00320,AC025,CMP0551,MA006,PART030,2024-04-27,Preventive Replacement,high EGT,Check EGT indication and carry out ground run,48.1,791250,1507.3,1692,Recurring
MR00223,AC025,CMP0289,MA005,,2024-06-10,Scheduled Inspection,,Scheduled inspection and lubrication,12.3,235706,2128.9,2390,Resolved
MR00817,AC025,CMP0266,MA002,PART009,2024-06-30,Preventive Replacement,oil pressure drop,Check for oil leakage and pressure stability,45.4,766539,2150.9,2415,Resolved
MR01254,AC025,CMP0194,MA002,PART011,2024-10-18,Unscheduled Removal,vibration above limit,Inspect engine mounts and rotating assembly,237.5,13371191,2512.1,2820,Resolved
MR01294,AC025,CMP0355,MA003,PART007,2024-11-28,Corrective,oil pressure drop,Check oil level and pressure indication,46.4,1712672,2645.1,2970,Resolved
MR01390,AC025,CMP0136,MA001,PART024,2024-12-16,Corrective,fuel flow anomaly,Inspect fuel lines and metering unit,25.9,717168,2883.1,3237,Resolved
MR00216,AC025,CMP0333,MA006,,2024-12-22,Scheduled Inspection,,Functional inspection and condition assessment,13.7,213341,2954.8,3317,Resolved
MR00163,AC025,CMP0513,MA003,,2025-06-11,Scheduled Inspection,,Periodic inspection and serviceability check,13.3,162448,2983.9,3350,Resolved
MR00812,AC025,CMP0220,MA006,PART027,2025-07-14,Corrective,high EGT,Inspect compressor condition and repeat engine run,44.6,805116,3294.3,3699,Resolved
MR00023,AC025,CMP0297,MA001,PART015,2025-07-20,Unscheduled Removal,oil pressure drop,Inspect oil filter and oil lines,236.4,12222131,3707.7,4163,Resolved
MR01370,AC025,CMP0019,MA005,PART004,2025-09-02,Corrective,oil pressure drop,Inspect oil pressure sensor and system,91.9,2486475,3874.9,4351,Resolved
MR00222,AC025,CMP0090,MA002,PART035,2025-12-16,Corrective,high EGT,Inspect temperature sensing circuit,29.9,451897,3987.7,4477,Resolved
MR00361,AC025,CMP0134,MA006,,2026-03-08,Scheduled Inspection,,Routine system inspection and servicing,9.8,101556,4144.4,4653,Resolved
MR01209,AC025,CMP0094,MA006,PART027,2026-04-02,Preventive Replacement,fuel flow anomaly,Check fuel flow indication and control unit,37.2,784275,4300.8,4829,Resolved
MR00956,AC025,CMP0282,MA004,PART035,2026-05-13,Unscheduled Removal,blade erosion,Blade dimensional inspection,291.1,21091290,4431.6,4975,Resolved
MR00241,AC026,CMP0271,MA002,,2023-04-02,Scheduled Inspection,,Scheduled inspection with ground functional test,11.6,158296,428.5,388,Resolved
MR01496,AC026,CMP0286,MA001,PART023,2023-07-16,Preventive Replacement,,Preventive replacement of life-limited component,71.1,1068349,723.6,656,Resolved
MR00333,AC026,CMP0236,MA004,PART011,2023-08-10,Preventive Replacement,,Replace component based on condition monitoring,45.0,1084395,999.3,906,Resolved
MR01442,AC026,CMP0291,MA001,PART018,2023-10-21,Corrective,compressor stall,Compressor wash and functional test,35.9,877697,1110.8,1007,Recurring
MR00443,AC026,CMP0509,MA002,PART033,2023-11-08,Corrective,,Corrective maintenance and operational verification,35.2,636094,1269.0,1150,Resolved
MR00172,AC026,CMP0263,MA006,PART034,2023-11-24,Preventive Replacement,,Replace worn component and functional test,45.7,887304,1338.5,1213,Resolved
MR01449,AC026,CMP0276,MA002,PART036,2023-12-04,Corrective,blade erosion,Blade dimensional inspection,96.7,2435378,1608.0,1457,Resolved
MR00196,AC026,CMP0413,MA003,PART030,2023-12-27,Unscheduled Removal,blade erosion,Inspect blade condition,276.1,36712006,1700.1,1541,Resolved
MR00574,AC026,CMP0423,MA006,,2024-02-01,Scheduled Inspection,,Periodic inspection and serviceability check,6.1,113545,1711.1,1551,Resolved
MR01257,AC026,CMP0145,MA003,PART001,2024-02-12,Preventive Replacement,vibration above limit,Balance rotating assembly and perform functional test,59.6,1280192,1833.6,1662,Resolved
MR00479,AC026,CMP0495,MA003,,2024-03-07,Scheduled Inspection,high EGT,Borescope inspection of hot section,12.0,172787,2113.5,1916,Resolved
MR00100,AC026,CMP0408,MA004,PART039,2024-05-29,Preventive Replacement,oil temperature high,Inspect oil cooling circuit,45.6,937901,2405.8,2181,Resolved
MR00179,AC026,CMP0204,MA002,,2024-07-20,Scheduled Inspection,,Functional inspection and condition assessment,10.6,175541,2829.2,2564,Resolved
MR00923,AC026,CMP0285,MA006,PART015,2024-08-05,Corrective,blade erosion,Remove affected assembly for overhaul,120.0,3339784,3656.7,3314,Resolved
MR01339,AC026,CMP0113,MA003,,2024-11-11,Scheduled Inspection,,Routine system inspection and servicing,16.6,314598,3849.0,3489,Resolved
MR01004,AC026,CMP0398,MA005,PART008,2024-12-19,Corrective,vibration above limit,Inspect bearings and rotating components,36.3,1042660,4013.2,3638,Resolved
MR01053,AC026,CMP0318,MA006,PART037,2025-01-05,Corrective,oil temperature high,Cooling system functional check,32.4,742000,4226.7,3831,Resolved
MR00881,AC026,CMP0268,MA006,PART022,2025-03-17,Corrective,high EGT,Compressor wash and EGT trend check,100.2,1843482,4365.0,3956,Resolved
MR00051,AC026,CMP0093,MA006,,2025-06-10,Scheduled Inspection,,Scheduled inspection and lubrication,8.9,74708,4426.7,4012,Resolved
MR00021,AC026,CMP0021,MA005,PART016,2025-08-12,Preventive Replacement,compressor stall,Compressor inspection and borescope check,34.9,1045511,4483.3,4064,Resolved
MR01469,AC026,CMP0165,MA003,PART016,2025-10-02,Corrective,high EGT,Inspect turbine section and EGT indication,38.7,1448243,4658.3,4222,Resolved
MR00364,AC026,CMP0130,MA002,PART025,2025-11-01,Corrective,high EGT,Engine performance check and trend monitoring,21.9,435319,5182.2,4697,Recurring
MR01432,AC027,CMP0503,MA001,PART033,2022-11-26,Unscheduled Removal,compressor stall,Compressor inspection and borescope check,339.1,11512280,256.1,205,Resolved
MR00878,AC027,CMP0066,MA006,,2023-04-02,Scheduled Inspection,,Routine visual inspection and servicing,12.9,119794,620.6,497,Resolved
MR00870,AC027,CMP0355,MA001,PART007,2024-02-19,Corrective,hydraulic pressure low,Inspect hydraulic pump operation,24.9,745436,1122.9,898,Resolved
MR00516,AC027,CMP0552,MA006,PART039,2024-03-12,Corrective,vibration above limit,Inspect engine mounts and rotating assembly,29.7,680307,1483.5,1187,Resolved
MR01130,AC027,CMP0376,MA006,PART022,2024-03-22,Preventive Replacement,high EGT,Inspect turbine section and EGT indication,42.3,1051257,1875.2,1500,Resolved
MR01459,AC027,CMP0310,MA006,,2024-07-07,Scheduled Inspection,,Functional inspection and condition assessment,14.2,161637,1943.1,1555,Resolved
MR00854,AC027,CMP0156,MA003,,2024-09-16,Scheduled Inspection,,Periodic inspection and serviceability check,18.1,396399,2112.5,1690,Deferred
MR00211,AC027,CMP0404,MA006,PART008,2025-02-14,Preventive Replacement,vibration above limit,Dynamic balance check,54.6,684185,2156.0,1725,Resolved
MR01147,AC027,CMP0361,MA002,PART003,2025-05-11,Corrective,vibration above limit,Inspect engine mounts and rotating assembly,45.0,1021878,2276.5,1822,Resolved
MR00921,AC027,CMP0150,MA002,,2025-08-24,Scheduled Inspection,oil pressure drop,Check for oil leakage and pressure stability,16.0,177128,2337.6,1870,Resolved
MR01356,AC027,CMP0472,MA006,PART027,2025-09-02,Corrective,fuel flow anomaly,Fuel nozzle inspection and test,16.4,335033,2647.3,2118,Resolved
MR01332,AC027,CMP0445,MA001,PART002,2025-09-21,Preventive Replacement,fuel flow anomaly,Inspect fuel lines and metering unit,69.5,1423111,2708.2,2167,Resolved
MR01387,AC027,CMP0598,MA003,,2025-12-20,Scheduled Inspection,high EGT,Check EGT indication and carry out ground run,16.3,363004,2770.5,2217,Resolved
MR00389,AC028,CMP0213,MA003,PART019,2022-11-04,Corrective,oil pressure drop,Service oil system and verify pressure,14.7,619662,199.5,228,Resolved
MR01267,AC028,CMP0079,MA006,PART004,2023-03-13,Corrective,starter fault,Inspect starter drive and electrical supply,32.5,548511,211.3,242,Resolved
MR01436,AC028,CMP0074,MA002,,2023-07-05,Scheduled Inspection,,Scheduled inspection and lubrication,10.2,104201,592.9,679,Resolved
MR01391,AC028,CMP0314,MA001,PART009,2023-07-08,Corrective,blade erosion,Replace affected blade and perform ground run,28.3,1236311,667.4,764,Resolved
MR00485,AC028,CMP0290,MA002,PART013,2023-07-09,Corrective,blade erosion,Inspect compressor/turbine blade edges,33.5,704734,888.4,1017,Resolved
MR01428,AC028,CMP0380,MA001,PART014,2023-07-29,Corrective,blade erosion,Remove affected assembly for overhaul,51.6,1128340,917.9,1051,Resolved
MR01168,AC028,CMP0365,MA006,,2023-09-17,Scheduled Inspection,,Scheduled inspection with ground functional test,8.4,78982,1040.0,1191,Resolved
MR00876,AC028,CMP0135,MA001,PART018,2023-09-24,Corrective,blade erosion,Replace affected blade set,64.5,2217421,1182.8,1354,Resolved
MR01287,AC028,CMP0538,MA001,PART024,2023-11-28,Preventive Replacement,fuel flow anomaly,Fuel system functional test,67.9,2142836,1219.5,1396,Resolved
MR00090,AC028,CMP0594,MA001,,2023-11-30,Scheduled Inspection,,Detailed inspection and operational check,13.3,222800,1389.5,1591,Resolved
MR01343,AC028,CMP0050,MA001,PART010,2024-03-17,Corrective,high EGT,Engine performance check and trend monitoring,27.6,1063847,1442.1,1651,Resolved
MR00167,AC028,CMP0158,MA006,PART008,2024-04-18,Preventive Replacement,,Scheduled component replacement,38.8,409708,1505.8,1724,Resolved
MR01311,AC028,CMP0106,MA006,PART027,2024-04-18,Preventive Replacement,,Planned replacement and post-maintenance test,40.6,562445,1542.2,1766,Resolved
MR00786,AC028,CMP0491,MA003,PART032,2024-05-28,Unscheduled Removal,oil pressure drop,Inspect oil pressure sensor and system,168.3,10849771,1718.8,1968,Recurring
MR00980,AC028,CMP0135,MA001,PART018,2024-08-23,Preventive Replacement,compressor stall,Inspect compressor blades and inlet section,75.5,1825980,1838.9,2105,Resolved
MR00325,AC028,CMP0301,MA002,,2024-10-24,Scheduled Inspection,,Periodic inspection and serviceability check,13.2,170258,1952.8,2236,Resolved
MR00623,AC028,CMP0288,MA006,PART036,2024-11-02,Corrective,blade erosion,Borescope inspection of blade surfaces,60.4,1986433,2064.0,2363,Resolved
MR01393,AC028,CMP0227,MA002,PART033,2024-11-27,Corrective,high EGT,Borescope inspection of hot section,30.0,518515,2181.2,2497,Recurring
MR00270,AC028,CMP0471,MA006,PART020,2024-12-26,Unscheduled Removal,blade erosion,Remove affected assembly for overhaul,323.7,17719327,2231.4,2555,Resolved
MR00922,AC028,CMP0022,MA002,PART024,2025-03-02,Preventive Replacement,,Preventive replacement of life-limited component,66.4,792174,2391.6,2738,Resolved
MR00599,AC028,CMP0165,MA003,PART021,2025-11-17,Corrective,vibration above limit,Vibration survey and ground run,70.0,3550941,2434.6,2787,Resolved
MR00323,AC028,CMP0370,MA005,PART022,2026-01-03,Corrective,fuel flow anomaly,Fuel system functional test,20.0,521955,2547.4,2917,Resolved
MR00820,AC028,CMP0095,MA002,PART028,2026-05-02,Corrective,blade erosion,Borescope inspection of blade surfaces,28.3,721510,2630.7,3012,Resolved
MR00800,AC028,CMP0344,MA006,,2026-06-02,Scheduled Inspection,,Detailed inspection and operational check,7.6,82234,2691.1,3081,Resolved
MR01128,AC029,CMP0411,MA001,PART018,2022-02-19,Preventive Replacement,oil pressure drop,Check for oil leakage and pressure stability,86.6,2287583,578.5,694,Resolved
MR00469,AC029,CMP0190,MA003,PART024,2022-06-22,Corrective,high EGT,Inspect temperature sensing circuit,44.4,1252545,1102.4,1323,Resolved
MR00791,AC029,CMP0371,MA001,,2022-09-05,Scheduled Inspection,,Detailed inspection and operational check,8.4,194006,1837.6,2205,Recurring
MR00917,AC029,CMP0078,MA002,PART040,2022-10-12,Corrective,compressor stall,Engine performance inspection,114.6,3036207,2293.5,2752,Recurring
MR01068,AC029,CMP0504,MA006,,2023-02-07,Scheduled Inspection,,Routine visual inspection and servicing,12.1,134901,3177.8,3814,Resolved
MR01282,AC029,CMP0249,MA003,,2024-01-17,Scheduled Inspection,,Detailed inspection and operational check,13.9,214140,3421.8,4106,Recurring
MR00676,AC029,CMP0128,MA003,PART012,2025-02-01,Corrective,vibration above limit,Dynamic balance check,13.6,589262,3763.4,4516,Resolved
MR00363,AC029,CMP0194,MA004,PART010,2025-07-14,Unscheduled Removal,oil pressure drop,Check oil level and pressure indication,193.3,10841272,4413.6,5297,Resolved
MR00954,AC029,CMP0200,MA003,PART011,2026-02-03,Corrective,high EGT,Borescope inspection of hot section,26.6,957236,4550.1,5461,Resolved
MR00859,AC030,CMP0484,MA003,PART025,2023-05-04,Corrective,fuel flow anomaly,Inspect fuel control and flow indication,21.6,838617,654.2,630,Resolved
MR00201,AC030,CMP0500,MA006,PART010,2023-11-01,Unscheduled Removal,compressor stall,Engine performance inspection,412.7,14979021,753.2,726,Resolved
MR01066,AC030,CMP0516,MA001,,2024-09-13,Scheduled Inspection,blade erosion,Blade dimensional inspection,13.4,348572,1734.6,1671,Resolved
MR00093,AC030,CMP0270,MA001,PART038,2025-11-09,Preventive Replacement,high EGT,Inspect fuel nozzle and combustion section,47.7,1530961,1900.1,1831,Deferred
MR00180,AC030,CMP0392,MA003,,2026-01-02,Scheduled Inspection,,Detailed inspection and operational check,14.0,429469,2821.4,2719,Resolved
MR00658,AC031,CMP0512,MA006,,2022-12-27,Scheduled Inspection,,Scheduled inspection with ground functional test,12.1,146405,151.9,125,Resolved
MR00823,AC031,CMP0291,MA006,PART017,2023-01-30,Corrective,blade erosion,Replace affected blade set,41.4,1303611,169.0,140,Resolved
MR01141,AC031,CMP0159,MA001,PART016,2023-08-15,Preventive Replacement,,Replace worn component and functional test,36.3,678071,199.1,164,Resolved
MR00008,AC031,CMP0410,MA006,PART010,2023-10-11,Unscheduled Removal,vibration above limit,Inspect rotating assembly and vibration sensors,193.7,8483724,218.8,181,Resolved
MR00624,AC031,CMP0059,MA006,PART034,2023-12-02,Corrective,oil temperature high,Inspect oil cooler and associated lines,41.5,616132,272.3,225,Resolved
MR00189,AC031,CMP0537,MA002,PART017,2024-05-10,Corrective,compressor stall,Compressor inspection followed by performance run,92.4,2165008,411.7,340,Resolved
MR00985,AC031,CMP0279,MA006,PART018,2025-02-27,Corrective,blade erosion,Borescope inspection of blade surfaces,58.7,1636316,610.4,504,Recurring
MR01192,AC031,CMP0182,MA006,PART014,2025-09-27,Preventive Replacement,compressor stall,Inspect compressor stages for damage,45.8,1037738,636.6,526,Resolved
MR01349,AC031,CMP0446,MA003,,2025-10-01,Scheduled Inspection,,Scheduled inspection and lubrication,16.0,371447,659.3,544,Resolved
MR00941,AC031,CMP0178,MA006,PART025,2026-01-20,Preventive Replacement,high EGT,Engine performance check and trend monitoring,64.2,1440176,752.5,621,Resolved
MR00296,AC031,CMP0495,MA003,PART015,2026-04-24,Preventive Replacement,,Preventive replacement with operational check,62.2,1507448,770.3,636,Resolved
MR00852,AC032,CMP0334,MA005,PART022,2022-04-23,Preventive Replacement,,Preventive replacement with operational check,53.2,1252117,143.5,139,Resolved
MR01165,AC032,CMP0118,MA001,PART023,2022-09-10,Corrective,high EGT,Check EGT indication and carry out ground run,43.5,2353587,203.3,198,Resolved
MR01148,AC032,CMP0005,MA006,,2022-12-03,Scheduled Inspection,,Detailed inspection and operational check,7.4,65284,242.4,236,Deferred
MR00406,AC032,CMP0547,MA002,,2022-12-26,Scheduled Inspection,fuel flow anomaly,Fuel system functional test,11.0,135863,313.6,305,Resolved
MR00416,AC032,CMP0272,MA002,PART008,2023-02-25,Corrective,high EGT,Engine performance check and trend monitoring,93.5,1904159,383.1,372,Deferred
MR01407,AC032,CMP0366,MA003,PART037,2023-04-29,Corrective,vibration above limit,Check mounting hardware and fasteners,39.6,1879432,398.9,388,Resolved
MR00316,AC032,CMP0015,MA001,PART018,2023-05-26,Preventive Replacement,oil pressure drop,Service oil system and verify pressure,69.7,1077084,410.6,399,Deferred
MR00335,AC032,CMP0358,MA003,PART022,2023-06-11,Corrective,fuel flow anomaly,Fuel nozzle inspection and test,29.0,923288,445.9,433,Resolved
MR01415,AC032,CMP0236,MA003,,2023-07-28,Scheduled Inspection,oil pressure drop,Service oil system and verify pressure,21.6,739658,518.3,504,Resolved
MR01439,AC032,CMP0318,MA001,PART035,2023-08-15,Corrective,vibration above limit,Dynamic balance check,58.3,999848,533.3,518,Deferred
MR00734,AC032,CMP0335,MA003,,2023-09-02,Scheduled Inspection,high EGT,Inspection completed; component condition checked,15.5,307264,545.8,531,Resolved
MR01490,AC032,CMP0420,MA002,PART036,2023-10-06,Corrective,vibration above limit,Inspect engine mounts and rotating assembly,48.8,968891,559.0,543,Resolved
MR00001,AC032,CMP0394,MA002,,2023-10-24,Scheduled Inspection,fuel flow anomaly,Fuel system functional test,5.2,59275,584.3,568,Recurring
MR01325,AC032,CMP0218,MA003,,2023-10-30,Scheduled Inspection,,Inspection of life-limited components,16.8,286490,585.4,569,Resolved
MR01241,AC032,CMP0029,MA003,,2023-12-03,Scheduled Inspection,,Scheduled inspection and lubrication,16.0,251889,602.6,586,Resolved
MR00148,AC032,CMP0468,MA003,,2023-12-22,Scheduled Inspection,,Routine visual inspection and servicing,15.3,308459,655.4,637,Resolved
MR01475,AC032,CMP0501,MA001,PART021,2023-12-27,Corrective,blade erosion,Inspect compressor/turbine blade edges,39.5,1816024,727.6,707,Resolved
MR00063,AC032,CMP0025,MA001,PART007,2024-01-16,Corrective,vibration above limit,Inspect bearings and rotating components,35.8,1066425,876.8,852,Resolved
MR00801,AC032,CMP0012,MA002,PART040,2024-02-18,Preventive Replacement,high EGT,Compressor wash and EGT trend check,50.1,1044529,910.9,885,Resolved
MR00346,AC032,CMP0356,MA004,PART009,2024-02-21,Corrective,oil pressure drop,Inspect oil pressure sensor and system,35.8,1029931,932.9,907,Resolved
MR00278,AC032,CMP0267,MA003,,2024-02-26,Scheduled Inspection,,Inspection of life-limited components,17.3,255697,1060.6,1031,Recurring
MR00564,AC032,CMP0386,MA001,,2024-06-19,Scheduled Inspection,,Scheduled inspection with ground functional test,17.9,194905,1098.1,1067,Resolved
MR00487,AC032,CMP0419,MA001,PART030,2024-07-16,Preventive Replacement,,Preventive replacement with operational check,54.9,1174034,1136.6,1105,Resolved
MR01062,AC032,CMP0328,MA003,PART025,2024-07-22,Corrective,high EGT,Inspect compressor condition and repeat engine run,38.3,1247976,1228.0,1194,Resolved
MR00558,AC032,CMP0377,MA006,,2024-08-30,Scheduled Inspection,,Inspection of life-limited components,6.4,57055,1234.9,1200,Resolved
MR00546,AC032,CMP0398,MA006,PART009,2024-12-05,Corrective,oil pressure drop,Inspect oil pump and associated plumbing,44.8,959392,1274.9,1239,Resolved
MR00072,AC032,CMP0107,MA005,PART028,2024-12-28,Preventive Replacement,vibration above limit,Inspect engine mounts and rotating assembly,56.0,1242027,1285.4,1249,Resolved
MR01398,AC032,CMP0537,MA002,PART018,2025-01-22,Preventive Replacement,,Replace component based on condition monitoring,38.7,642024,1290.1,1254,Resolved
MR00022,AC032,CMP0389,MA002,,2025-03-08,Scheduled Inspection,,Routine system inspection and servicing,12.4,103955,1306.1,1270,Resolved
MR00512,AC032,CMP0566,MA002,PART011,2025-03-25,Unscheduled Removal,blade erosion,Inspect compressor/turbine blade edges,158.3,4790916,1417.5,1378,Resolved
MR01117,AC032,CMP0110,MA001,,2025-05-09,Scheduled Inspection,blade erosion,Inspect blade condition,13.7,212458,1424.4,1385,Resolved
MR00674,AC032,CMP0039,MA003,PART015,2025-06-12,Corrective,oil pressure drop,Inspect oil pressure sensor and system,45.0,1883176,1449.7,1409,Resolved
MR00819,AC032,CMP0150,MA004,PART036,2025-07-10,Unscheduled Removal,high EGT,Inspect temperature sensing circuit,143.7,4248132,1517.0,1475,Resolved
MR00058,AC032,CMP0266,MA006,PART008,2025-07-28,Corrective,blade erosion,Inspect blade condition,31.2,892623,1534.0,1491,Recurring
MR00533,AC032,CMP0401,MA004,,2026-03-15,Scheduled Inspection,,Periodic inspection and serviceability check,10.5,147884,1681.6,1635,Recurring
MR00245,AC032,CMP0570,MA003,,2026-05-22,Scheduled Inspection,,Inspection of life-limited components,18.7,552480,1717.9,1670,Resolved
MR01268,AC033,CMP0062,MA003,,2022-05-08,Scheduled Inspection,,Scheduled inspection with ground functional test,20.0,685054,194.6,190,Resolved
MR00372,AC033,CMP0598,MA001,PART027,2023-07-19,Unscheduled Removal,fuel flow anomaly,Inspect fuel lines and metering unit,223.5,7735072,311.7,304,Resolved
MR00017,AC033,CMP0177,MA005,PART018,2023-09-15,Corrective,compressor stall,Ground run and compressor response check,102.0,3679548,361.2,352,Resolved
MR01031,AC033,CMP0194,MA003,PART012,2024-03-28,Corrective,vibration above limit,Check mounting hardware and fasteners,79.1,2682838,493.6,481,Resolved
MR00350,AC033,CMP0332,MA006,,2024-09-23,Scheduled Inspection,,Scheduled inspection with ground functional test,8.8,108772,706.2,688,Resolved
MR01155,AC033,CMP0458,MA001,PART012,2024-10-24,Unscheduled Removal,vibration above limit,Vibration survey and ground run,151.1,7493360,1217.1,1186,Resolved
MR01156,AC033,CMP0496,MA002,PART024,2024-12-15,Unscheduled Removal,high EGT,Inspect temperature sensing circuit,526.2,16256938,2481.2,2417,Resolved
MR00987,AC033,CMP0252,MA006,PART035,2025-04-04,Corrective,high EGT,Engine performance check and trend monitoring,18.8,292430,2700.8,2631,Resolved
MR00027,AC033,CMP0581,MA001,PART028,2025-06-03,Corrective,oil temperature high,Inspect oil cooler performance,81.6,1856008,3151.3,3070,Resolved
MR01320,AC033,CMP0496,MA006,PART024,2025-06-05,Unscheduled Removal,high EGT,Compressor wash and EGT trend check,121.7,5451909,3398.3,3311,Deferred
MR00595,AC033,CMP0162,MA002,PART037,2025-06-30,Preventive Replacement,,Replace component before service limit,66.0,900853,3508.8,3419,Resolved
MR01057,AC033,CMP0014,MA002,PART010,2025-08-01,Corrective,oil pressure drop,Inspect oil filter and oil lines,15.5,478033,3658.3,3564,Resolved
MR01379,AC034,CMP0090,MA001,PART038,2023-07-03,Corrective,vibration above limit,Balance rotating assembly and perform functional test,53.0,968655,857.1,843,Resolved
MR00220,AC034,CMP0259,MA001,PART006,2024-08-20,Unscheduled Removal,oil pressure drop,Inspect oil pump and associated plumbing,272.6,10317862,1025.6,1008,Resolved
MR00257,AC034,CMP0434,MA001,PART008,2025-03-21,Preventive Replacement,,Planned replacement and post-maintenance test,69.5,933180,1858.0,1826,Resolved
MR01263,AC034,CMP0057,MA004,PART018,2025-04-12,Corrective,blade erosion,Inspect blade condition,22.1,731355,2132.7,2096,Resolved
MR00161,AC034,CMP0168,MA006,PART037,2025-10-22,Corrective,oil temperature high,Inspect oil cooling circuit,28.1,549085,2427.6,2386,Resolved
MR01397,AC034,CMP0403,MA001,PART001,2025-12-25,Corrective,starter fault,Inspect starter motor and wiring,72.5,1463210,3053.7,3002,Resolved
MR00565,AC035,CMP0046,MA003,,2022-08-14,Scheduled Inspection,,Inspection completed; component condition checked,17.7,403708,180.5,162,Resolved
MR00769,AC035,CMP0011,MA001,PART031,2022-12-09,Corrective,compressor stall,Compressor inspection and borescope check,31.8,824641,230.0,207,Resolved
MR01303,AC035,CMP0347,MA003,,2023-09-17,Scheduled Inspection,,Scheduled inspection with ground functional test,18.6,367247,344.1,310,Resolved
MR00285,AC035,CMP0318,MA002,PART040,2023-12-10,Preventive Replacement,,Replace component before service limit,81.9,1645490,469.4,422,Resolved
MR00066,AC035,CMP0396,MA006,PART038,2024-09-30,Preventive Replacement,high EGT,Check EGT indication and carry out ground run,34.7,347285,592.3,533,Resolved
MR01366,AC035,CMP0126,MA002,,2025-04-25,Scheduled Inspection,,Periodic inspection and serviceability check,6.7,60458,685.9,617,Resolved
MR00259,AC035,CMP0577,MA001,,2025-06-07,Scheduled Inspection,,Routine visual inspection and servicing,14.5,133075,796.8,717,Resolved
MR01049,AC035,CMP0176,MA006,PART013,2025-08-05,Preventive Replacement,high EGT,Inspect compressor condition and repeat engine run,78.8,1710323,1059.0,953,Resolved
MR00857,AC035,CMP0156,MA001,PART037,2025-11-02,Preventive Replacement,blade erosion,Remove affected assembly for overhaul,56.3,1495031,1130.9,1018,Recurring
MR00640,AC035,CMP0476,MA004,PART013,2026-02-22,Corrective,oil pressure drop,Inspect oil pressure sensor and system,52.0,1616052,1224.7,1102,Resolved
MR00307,AC035,CMP0441,MA001,,2026-09-15,Scheduled Inspection,,Scheduled inspection with ground functional test,15.6,201355,1429.8,1287,Resolved
MR01445,AC036,CMP0577,MA001,,2024-02-19,Scheduled Inspection,,Routine visual inspection and servicing,15.8,414874,579.2,609,Resolved
MR01025,AC036,CMP0342,MA006,,2024-09-01,Scheduled Inspection,vibration above limit,Vibration survey and ground run,6.4,174016,651.2,685,Resolved
MR00411,AC036,CMP0520,MA006,,2024-09-25,Scheduled Inspection,,Detailed inspection and operational check,6.6,94288,674.2,709,Resolved
MR00997,AC036,CMP0155,MA002,,2024-10-26,Scheduled Inspection,,Periodic inspection and serviceability check,8.0,103977,1085.5,1142,Resolved
MR01197,AC036,CMP0247,MA001,PART001,2024-12-28,Corrective,high EGT,Borescope inspection of hot section,72.8,2475831,1409.6,1483,Resolved
MR00973,AC036,CMP0026,MA002,PART010,2025-02-09,Preventive Replacement,compressor stall,Compressor inspection and borescope check,60.3,1571259,1643.3,1729,Resolved
MR01358,AC036,CMP0248,MA004,PART008,2025-07-25,Preventive Replacement,,Planned replacement and post-maintenance test,90.3,1526959,2084.3,2193,Resolved
MR00725,AC036,CMP0183,MA002,PART019,2025-10-20,Corrective,blade erosion,Remove affected assembly for overhaul,38.3,691952,2277.5,2396,Recurring
MR00515,AC037,CMP0314,MA006,,2022-11-06,Scheduled Inspection,,Functional inspection and condition assessment,9.5,143559,448.2,469,Resolved
MR00551,AC037,CMP0528,MA003,PART036,2024-01-31,Preventive Replacement,high EGT,Inspect temperature sensing circuit,89.7,3019456,613.1,642,Resolved
MR01491,AC037,CMP0554,MA003,,2024-04-02,Scheduled Inspection,,Scheduled inspection and lubrication,17.7,570476,734.0,769,Resolved
MR00797,AC037,CMP0225,MA006,,2024-05-16,Scheduled Inspection,,Periodic inspection and serviceability check,11.6,178550,938.7,983,Resolved
MR00513,AC037,CMP0152,MA005,PART013,2024-07-16,Corrective,blade erosion,Blade dimensional inspection,128.0,4972111,987.9,1035,Resolved
MR01194,AC037,CMP0099,MA003,,2024-09-12,Scheduled Inspection,,Functional inspection and condition assessment,12.2,241649,1099.1,1151,Resolved
MR01361,AC037,CMP0397,MA006,PART002,2024-10-08,Corrective,oil pressure drop,Service oil system and verify pressure,92.1,1890906,1345.0,1409,Resolved
MR00813,AC037,CMP0480,MA002,PART036,2024-12-14,Corrective,oil pressure drop,Check for oil leakage and pressure stability,48.6,758292,1693.8,1774,Resolved
MR00056,AC037,CMP0096,MA001,,2025-02-05,Scheduled Inspection,,Detailed inspection and operational check,15.5,172158,2295.6,2404,Resolved
MR00695,AC037,CMP0100,MA002,PART027,2025-04-23,Corrective,fuel flow anomaly,Check fuel flow sensor and wiring,87.9,2855723,2529.4,2649,Resolved
MR01357,AC037,CMP0434,MA003,PART010,2025-09-29,Corrective,oil pressure drop,Inspect oil system and pressure circuit,14.7,778933,2647.0,2772,Resolved
MR00298,AC038,CMP0022,MA003,,2026-06-11,Scheduled Inspection,,Functional inspection and condition assessment,13.7,273150,788.8,683,Resolved
MR00004,AC039,CMP0538,MA005,PART026,2022-09-22,Corrective,,Repair defect and complete functional check,51.3,1146671,296.4,315,Resolved
MR00824,AC039,CMP0584,MA006,PART008,2022-12-28,Corrective,vibration above limit,Dynamic balance check,59.6,1481598,473.5,503,Resolved
MR00897,AC039,CMP0569,MA002,PART031,2023-04-29,Corrective,blade erosion,Remove affected assembly for overhaul,57.7,2348818,710.4,755,Resolved
MR00618,AC039,CMP0431,MA001,PART028,2023-05-14,Preventive Replacement,vibration above limit,Vibration survey and ground run,71.8,1570691,858.2,912,Resolved
MR00730,AC039,CMP0586,MA002,PART025,2023-06-07,Preventive Replacement,,Planned replacement and post-maintenance test,40.5,560835,1148.2,1220,Resolved
MR00773,AC039,CMP0561,MA003,,2023-06-18,Scheduled Inspection,,Routine visual inspection and servicing,11.8,173042,1590.3,1690,Resolved
MR00202,AC039,CMP0484,MA002,PART022,2023-11-28,Corrective,fuel flow anomaly,Inspect fuel lines and metering unit,63.4,1002609,1626.7,1729,Recurring
MR00566,AC039,CMP0101,MA001,,2023-12-15,Scheduled Inspection,,Functional inspection and condition assessment,13.3,217287,1751.9,1862,Deferred
MR00129,AC039,CMP0398,MA001,,2024-02-06,Scheduled Inspection,,Scheduled inspection with ground functional test,10.5,140899,2022.8,2150,Resolved
MR01298,AC039,CMP0159,MA003,PART020,2024-09-04,Preventive Replacement,,Planned replacement and post-maintenance test,62.0,1238403,2062.8,2193,Resolved
MR01252,AC039,CMP0144,MA001,,2024-09-08,Scheduled Inspection,,Periodic inspection and serviceability check,15.5,174394,2624.9,2790,Resolved
MR00610,AC039,CMP0005,MA003,PART032,2024-12-01,Corrective,vibration above limit,Balance rotating assembly and perform functional test,56.0,1590057,2748.8,2922,Resolved
MR00144,AC039,CMP0089,MA003,PART031,2025-01-08,Corrective,high EGT,Inspect turbine section and EGT indication,46.5,1509602,3368.2,3580,Resolved
MR01395,AC039,CMP0138,MA006,,2025-01-19,Scheduled Inspection,blade erosion,Replace affected blade set,10.0,195511,3401.5,3616,Resolved
MR00156,AC039,CMP0260,MA006,,2025-03-20,Scheduled Inspection,,Scheduled inspection with ground functional test,15.4,169301,3733.6,3969,Resolved
MR00884,AC039,CMP0195,MA002,PART021,2025-03-22,Preventive Replacement,oil pressure drop,Inspect oil filter and oil lines,46.1,741391,3815.8,4056,Resolved
MR00448,AC039,CMP0517,MA002,PART003,2025-03-24,Preventive Replacement,hydraulic pressure low,Check hydraulic pressure indication,48.7,1395954,3971.4,4221,Resolved
MR01244,AC039,CMP0348,MA002,PART035,2025-06-10,Corrective,oil temperature high,Check oil quantity and temperature indication,58.3,1549310,4220.0,4486,Resolved
MR00632,AC039,CMP0483,MA006,,2025-08-05,Scheduled Inspection,,Scheduled inspection and lubrication,17.3,130851,4531.9,4817,Resolved
MR00982,AC039,CMP0080,MA003,,2025-08-08,Scheduled Inspection,blade erosion,Borescope inspection of blade surfaces,12.7,302232,4750.5,5049,Resolved
MR01290,AC039,CMP0419,MA001,,2025-09-14,Scheduled Inspection,,Scheduled inspection and lubrication,9.8,94969,4899.5,5208,Resolved
MR00542,AC039,CMP0574,MA002,PART022,2026-02-24,Unscheduled Removal,fuel flow anomaly,Fuel system functional test,221.5,5652110,5073.6,5393,Resolved
MR00597,AC039,CMP0185,MA005,PART031,2026-08-27,Corrective,compressor stall,Engine performance inspection,27.7,1198821,5947.6,6322,Resolved
MR00484,AC040,CMP0035,MA001,PART030,2022-12-06,Corrective,vibration above limit,Inspect rotating assembly and vibration sensors,21.7,580791,578.3,685,Resolved
MR00929,AC040,CMP0336,MA002,,2023-03-15,Scheduled Inspection,,Scheduled inspection and lubrication,11.1,97446,633.4,750,Resolved
MR00581,AC040,CMP0119,MA001,,2023-04-04,Scheduled Inspection,,Detailed inspection and operational check,12.0,229653,791.2,937,Resolved
MR00276,AC040,CMP0345,MA006,PART017,2023-07-20,Unscheduled Removal,blade erosion,Borescope inspection of blade surfaces,600.0,34558959,1001.8,1187,Resolved
MR00157,AC040,CMP0394,MA003,,2023-07-24,Scheduled Inspection,,Functional inspection and condition assessment,15.9,274515,1008.7,1195,Resolved
MR01351,AC040,CMP0104,MA003,PART013,2023-07-27,Preventive Replacement,,Replace ageing component and inspect surrounding system,90.3,1967447,1361.5,1613,Resolved
MR00009,AC040,CMP0574,MA002,PART027,2023-10-12,Corrective,fuel flow anomaly,Fuel nozzle inspection and test,50.2,1046272,1422.7,1686,Recurring
MR00117,AC040,CMP0062,MA003,,2023-11-11,Scheduled Inspection,,Functional inspection and condition assessment,13.7,348362,1504.8,1783,Resolved
MR00248,AC040,CMP0072,MA006,PART040,2023-11-11,Unscheduled Removal,high EGT,Inspect turbine section and EGT indication,239.7,7961964,1549.0,1835,Resolved
MR00378,AC040,CMP0394,MA005,,2024-02-02,Scheduled Inspection,,Routine visual inspection and servicing,13.2,247942,1856.9,2200,Resolved
MR00457,AC040,CMP0560,MA002,PART013,2024-03-02,Corrective,high EGT,Inspect fuel nozzle and combustion section,34.9,1181973,2094.9,2482,Resolved
MR00816,AC040,CMP0043,MA003,PART006,2024-03-31,Unscheduled Removal,fuel flow anomaly,Inspect fuel metering system and ground run,169.9,15707941,2415.5,2862,Resolved
MR00147,AC040,CMP0095,MA006,,2024-04-17,Scheduled Inspection,,Functional inspection and condition assessment,6.5,102875,2846.6,3373,Resolved
MR00960,AC040,CMP0598,MA003,PART027,2024-04-22,Preventive Replacement,high EGT,Inspect compressor condition and repeat engine run,62.8,2839707,3022.0,3580,Resolved
MR00570,AC040,CMP0480,MA003,,2024-05-31,Scheduled Inspection,high EGT,Engine performance check and trend monitoring,18.7,444002,3115.6,3691,Resolved
MR00670,AC040,CMP0598,MA006,PART026,2024-07-19,Unscheduled Removal,high EGT,Inspect turbine section and EGT indication,220.5,12025137,3293.6,3902,Resolved
MR00696,AC040,CMP0046,MA001,PART024,2024-08-24,Unscheduled Removal,high EGT,Borescope inspection of hot section,150.6,5276940,3375.1,3999,Resolved
MR01396,AC040,CMP0161,MA002,PART033,2024-08-30,Corrective,blade erosion,Inspect blade leading edges and clearances,93.7,2394245,3600.6,4266,Recurring
MR00337,AC040,CMP0115,MA002,,2024-09-08,Scheduled Inspection,,Detailed inspection and operational check,6.2,53994,3962.4,4695,Resolved
MR00853,AC040,CMP0348,MA002,,2024-09-22,Scheduled Inspection,,Periodic inspection and serviceability check,12.3,165246,4027.8,4772,Resolved
MR00543,AC040,CMP0200,MA004,PART010,2024-11-02,Corrective,blade erosion,Remove affected assembly for overhaul,73.9,2514753,4207.0,4985,Recurring
MR00694,AC040,CMP0593,MA006,PART030,2024-11-24,Preventive Replacement,,Replace ageing component and inspect surrounding system,37.9,697950,4341.4,5144,Resolved
MR01433,AC040,CMP0510,MA002,PART036,2025-01-28,Unscheduled Removal,high EGT,Inspect compressor condition and repeat engine run,194.2,6541372,4484.0,5313,Resolved
MR00340,AC040,CMP0275,MA006,PART032,2025-03-07,Preventive Replacement,blade erosion,Inspect compressor/turbine blade edges,75.4,1359035,4787.7,5673,Resolved
MR00103,AC040,CMP0171,MA006,,2025-04-06,Scheduled Inspection,,Scheduled inspection and lubrication,5.8,42901,5001.3,5926,Resolved
MR00462,AC040,CMP0585,MA001,PART020,2025-06-18,Preventive Replacement,vibration above limit,Balance rotating assembly and perform functional test,53.5,1616232,5117.3,6063,Resolved
MR00557,AC040,CMP0351,MA001,PART015,2025-08-14,Corrective,blade erosion,Blade dimensional inspection,33.1,935487,5246.3,6216,Resolved
MR00532,AC040,CMP0270,MA002,PART038,2025-10-26,Corrective,,Replace affected component and retest,22.1,419219,5405.9,6405,Resolved
MR01345,AC040,CMP0403,MA005,,2025-10-29,Scheduled Inspection,,Periodic inspection and serviceability check,6.8,95505,5557.2,6584,Resolved
MR00895,AC040,CMP0054,MA002,PART035,2025-12-16,Corrective,vibration above limit,Dynamic balance check,94.7,1585941,5716.5,6773,Resolved
MR00441,AC040,CMP0120,MA001,,2026-02-19,Scheduled Inspection,,Periodic inspection and serviceability check,12.4,233667,5982.7,7088,Resolved
MR01296,AC040,CMP0305,MA003,PART032,2026-05-24,Preventive Replacement,,Replace worn component and functional test,59.8,1397613,6026.0,7140,Resolved
MR01000,AC040,CMP0387,MA003,PART018,2026-08-31,Preventive Replacement,blade erosion,Borescope inspection of blade surfaces,94.5,2538095,6241.6,7395,Resolved
MR00300,AC041,CMP0101,MA001,,2024-05-08,Scheduled Inspection,,Functional inspection and condition assessment,7.9,95467,386.2,392,Resolved
MR00203,AC041,CMP0550,MA006,PART026,2024-12-13,Preventive Replacement,fuel flow anomaly,Fuel nozzle inspection and test,58.0,941064,1081.5,1098,Resolved
MR00864,AC041,CMP0141,MA004,PART017,2025-01-25,Preventive Replacement,vibration above limit,Inspect engine mounts and rotating assembly,46.5,1465774,1255.2,1274,Resolved
MR00907,AC041,CMP0594,MA006,PART038,2025-01-29,Corrective,compressor stall,Engine performance inspection,92.3,1687692,1525.5,1549,Resolved
MR00643,AC041,CMP0134,MA002,,2025-01-30,Scheduled Inspection,oil pressure drop,Inspect oil filter and oil lines,5.4,82344,1908.8,1938,Resolved
MR00926,AC041,CMP0294,MA002,,2025-04-01,Scheduled Inspection,blade erosion,Borescope inspection of blade surfaces,13.1,167367,2174.6,2208,Resolved
MR00010,AC042,CMP0054,MA006,PART037,2022-05-18,Corrective,vibration above limit,Check mounting hardware and fasteners,39.0,1476068,133.1,129,Resolved
MR00151,AC042,CMP0518,MA003,,2022-06-29,Scheduled Inspection,high EGT,Inspect fuel nozzle and combustion section,14.9,250925,148.8,144,Resolved
MR01441,AC042,CMP0032,MA005,PART008,2023-03-16,Corrective,high EGT,Inspect compressor condition and repeat engine run,40.7,759492,258.2,250,Resolved
MR01232,AC042,CMP0042,MA005,,2023-04-14,Scheduled Inspection,,Functional inspection and condition assessment,11.8,180276,387.4,376,Resolved
MR00841,AC042,CMP0138,MA002,PART035,2023-09-10,Corrective,blade erosion,Blade dimensional inspection,61.6,2108559,554.2,537,Resolved
MR01153,AC042,CMP0049,MA002,PART004,2024-01-30,Corrective,hydraulic pressure low,Inspect hydraulic pump operation,42.2,552660,588.5,571,Resolved
MR00900,AC042,CMP0109,MA002,,2024-04-01,Scheduled Inspection,,Functional inspection and condition assessment,11.8,119960,796.4,772,Resolved
MR00214,AC042,CMP0228,MA002,PART038,2024-08-09,Corrective,,Repair affected system and perform ground check,39.4,644188,831.3,806,Resolved
MR00366,AC042,CMP0314,MA006,PART013,2024-08-18,Preventive Replacement,vibration above limit,Inspect fan/compressor assembly,51.8,907368,1010.6,980,Resolved
MR01119,AC042,CMP0594,MA002,,2024-10-04,Scheduled Inspection,high EGT,Check EGT indication and carry out ground run,12.6,153523,1059.0,1027,Resolved
MR00114,AC042,CMP0029,MA001,PART032,2024-10-11,Corrective,high EGT,Borescope inspection of hot section,31.7,475293,1258.7,1220,Recurring
MR00906,AC042,CMP0023,MA002,PART033,2024-11-06,Preventive Replacement,oil pressure drop,Inspect oil pump and associated plumbing,56.6,972517,1521.1,1475,Resolved
MR00552,AC042,CMP0407,MA006,PART032,2024-11-16,Unscheduled Removal,oil pressure drop,Component removed for detailed inspection,213.7,11875828,1582.4,1534,Recurring
MR00415,AC042,CMP0134,MA006,PART013,2024-12-22,Corrective,vibration above limit,Inspect rotating assembly and vibration sensors,15.4,413432,1759.3,1706,Resolved
MR01447,AC042,CMP0564,MA005,PART037,2025-01-19,Corrective,oil temperature high,Inspect oil cooler performance,42.5,1713906,1906.8,1849,Resolved
MR00480,AC042,CMP0468,MA003,,2025-02-13,Scheduled Inspection,,Periodic inspection and serviceability check,15.6,544415,1965.2,1906,Resolved
MR00062,AC042,CMP0083,MA006,PART031,2025-03-20,Preventive Replacement,high EGT,Inspect turbine section and EGT indication,65.1,771275,1997.9,1937,Resolved
MR01493,AC042,CMP0326,MA006,PART008,2025-05-17,Unscheduled Removal,blade erosion,Inspect blade condition,444.6,22794748,2209.0,2142,Resolved
MR01213,AC042,CMP0125,MA006,PART032,2025-06-09,Corrective,oil pressure drop,Service oil system and verify pressure,60.6,1165359,2637.2,2557,Resolved
MR01429,AC042,CMP0163,MA005,,2025-06-14,Scheduled Inspection,,Inspection of life-limited components,11.0,100024,2737.5,2654,Resolved
MR01079,AC042,CMP0593,MA002,PART032,2025-09-10,Corrective,oil temperature high,Check temperature indication and oil circulation,99.1,1857734,2751.2,2668,Recurring
MR01285,AC042,CMP0142,MA005,PART022,2025-10-18,Preventive Replacement,fuel flow anomaly,Fuel system pressure and flow check,34.4,795996,2757.0,2673,Resolved
MR00308,AC042,CMP0295,MA002,PART006,2025-11-21,Preventive Replacement,,Preventive replacement of life-limited component,31.2,536023,2894.2,2806,Resolved
MR00978,AC042,CMP0467,MA002,PART032,2025-12-17,Corrective,high EGT,Inspect temperature sensing circuit,22.4,375886,2918.0,2829,Recurring
MR00619,AC042,CMP0213,MA001,PART021,2026-01-27,Preventive Replacement,,Planned replacement and post-maintenance test,92.8,1009717,2936.1,2847,Resolved
MR00305,AC043,CMP0100,MA003,,2022-10-24,Scheduled Inspection,,Routine system inspection and servicing,14.8,274424,209.5,207,Resolved
MR00765,AC043,CMP0153,MA001,,2022-10-30,Scheduled Inspection,,Periodic inspection and serviceability check,14.1,126489,344.0,340,Resolved
MR00266,AC043,CMP0286,MA006,PART024,2022-11-06,Preventive Replacement,fuel flow anomaly,Fuel system pressure and flow check,61.6,1229345,470.1,464,Resolved
MR00651,AC043,CMP0219,MA002,,2022-11-14,Scheduled Inspection,,Routine system inspection and servicing,9.5,118192,611.1,603,Resolved
MR01304,AC043,CMP0333,MA005,,2022-12-25,Scheduled Inspection,,Scheduled inspection with ground functional test,11.3,149748,662.4,654,Resolved
MR01272,AC043,CMP0598,MA002,,2023-01-14,Scheduled Inspection,high EGT,Inspect temperature sensing circuit,10.4,200947,717.3,708,Resolved
MR00747,AC043,CMP0281,MA003,PART031,2023-03-08,Unscheduled Removal,vibration above limit,Balance rotating assembly and perform functional test,307.3,20197037,896.5,885,Resolved
MR00232,AC043,CMP0127,MA002,,2023-05-23,Scheduled Inspection,,Functional inspection and condition assessment,10.2,105876,958.4,946,Resolved
MR00728,AC043,CMP0572,MA005,,2023-07-21,Scheduled Inspection,,Inspection of life-limited components,11.6,211070,979.1,967,Resolved
MR00018,AC043,CMP0369,MA002,PART015,2023-11-25,Preventive Replacement,vibration above limit,Vibration survey and ground run,36.3,644105,1018.3,1005,Resolved
MR01177,AC043,CMP0433,MA001,PART004,2024-01-08,Corrective,high EGT,Inspect turbine section and EGT indication,57.9,1909313,1161.1,1146,Resolved
MR00737,AC043,CMP0057,MA002,PART021,2024-02-09,Corrective,,Repair defect and complete functional check,51.5,971716,1274.4,1258,Resolved
MR01082,AC043,CMP0480,MA003,,2024-03-24,Scheduled Inspection,,Routine visual inspection and servicing,12.8,268562,1344.6,1327,Resolved
MR00700,AC043,CMP0579,MA006,,2024-04-04,Scheduled Inspection,,Scheduled inspection with ground functional test,13.0,121181,1358.7,1341,Resolved
MR01317,AC043,CMP0242,MA002,,2024-04-09,Scheduled Inspection,,Scheduled inspection with ground functional test,16.0,174319,1471.3,1453,Resolved
MR00309,AC043,CMP0039,MA002,,2024-05-25,Scheduled Inspection,,Scheduled inspection with ground functional test,5.1,64025,1530.4,1511,Resolved
MR00774,AC043,CMP0208,MA002,PART026,2024-05-26,Corrective,high EGT,Inspect compressor condition and repeat engine run,24.2,398387,1550.8,1531,Resolved
MR01176,AC043,CMP0529,MA002,,2024-06-11,Scheduled Inspection,,Functional inspection and condition assessment,15.5,138788,1691.0,1669,Recurring
MR01108,AC043,CMP0222,MA001,PART039,2024-07-05,Preventive Replacement,vibration above limit,Check mounting hardware and fasteners,66.0,2291439,1753.1,1731,Resolved
MR01142,AC043,CMP0117,MA005,PART021,2024-07-12,Corrective,vibration above limit,Inspect rotating assembly and vibration sensors,68.9,1646097,1838.7,1815,Resolved
MR00429,AC043,CMP0015,MA003,,2024-07-18,Scheduled Inspection,,Scheduled inspection and lubrication,17.7,559596,2038.3,2012,Resolved
MR00879,AC043,CMP0326,MA003,PART008,2024-08-12,Corrective,high EGT,Inspect turbine section and EGT indication,64.9,1928950,2142.7,2115,Resolved
MR01412,AC043,CMP0456,MA006,,2024-08-26,Scheduled Inspection,,Periodic inspection and serviceability check,12.7,108529,2275.0,2246,Resolved
MR00553,AC043,CMP0178,MA002,PART024,2024-08-29,Corrective,high EGT,Inspect turbine section and EGT indication,57.3,845796,2355.9,2326,Resolved
MR01200,AC043,CMP0510,MA006,PART036,2024-08-30,Preventive Replacement,,Scheduled component replacement,67.1,1043584,2509.1,2477,Resolved
MR01478,AC043,CMP0101,MA003,PART028,2024-08-31,Corrective,blade erosion,Borescope inspection of blade surfaces,35.2,1940395,2535.1,2503,Resolved
MR00751,AC043,CMP0300,MA003,,2024-09-10,Scheduled Inspection,,Routine visual inspection and servicing,19.9,347612,2549.2,2517,Resolved
MR00508,AC043,CMP0238,MA006,PART023,2024-09-14,Preventive Replacement,,Replace component before service limit,32.8,624540,2572.2,2539,Recurring
MR01438,AC043,CMP0483,MA002,PART021,2024-12-08,Corrective,vibration above limit,Check mounting hardware and fasteners,37.3,480895,2627.4,2594,Resolved
MR00617,AC043,CMP0018,MA003,,2024-12-11,Scheduled Inspection,,Inspection of life-limited components,14.2,250661,2759.6,2724,Resolved
MR00822,AC043,CMP0567,MA003,,2025-03-09,Scheduled Inspection,,Routine visual inspection and servicing,12.0,276218,2808.7,2773,Resolved
MR01335,AC043,CMP0312,MA002,,2025-03-29,Scheduled Inspection,,Periodic inspection and serviceability check,15.5,237611,2937.8,2900,Resolved
MR00382,AC043,CMP0050,MA004,PART013,2025-04-10,Corrective,oil pressure drop,Inspect oil system and pressure circuit,16.5,485478,3027.3,2989,Resolved
MR01434,AC043,CMP0350,MA001,PART009,2025-06-15,Preventive Replacement,compressor stall,Compressor inspection and borescope check,62.6,1644950,3340.3,3298,Resolved
MR00408,AC043,CMP0381,MA001,,2025-08-25,Scheduled Inspection,,Scheduled inspection and lubrication,12.6,185054,3431.8,3388,Resolved
MR01160,AC043,CMP0361,MA006,PART003,2025-09-05,Corrective,high EGT,Inspect temperature sensing circuit,49.9,1087489,3476.1,3432,Resolved
MR00650,AC043,CMP0360,MA001,,2025-11-13,Scheduled Inspection,,Routine system inspection and servicing,15.2,180616,3595.2,3549,Resolved
MR00109,AC043,CMP0150,MA003,PART040,2025-12-16,Preventive Replacement,,Preventive replacement with operational check,63.0,1364934,3679.4,3632,Resolved
MR01284,AC043,CMP0200,MA006,,2025-12-19,Scheduled Inspection,,Routine visual inspection and servicing,12.9,120967,3705.4,3658,Resolved
MR00395,AC043,CMP0468,MA003,PART036,2025-12-20,Corrective,high EGT,Inspect compressor condition and repeat engine run,19.5,584904,3774.8,3727,Recurring
MR00671,AC043,CMP0561,MA003,PART021,2026-01-26,Corrective,compressor stall,Engine performance inspection,28.2,1049179,3842.8,3794,Resolved
MR00880,AC043,CMP0477,MA001,PART020,2026-02-10,Corrective,oil pressure drop,Oil system servicing and ground run,32.8,850484,3914.4,3864,Deferred
MR00948,AC043,CMP0582,MA003,PART036,2026-08-04,Corrective,vibration above limit,Inspect rotating assembly and vibration sensors,23.4,713771,3942.4,3892,Resolved
MR00343,AC043,CMP0392,MA001,PART014,2026-08-21,Preventive Replacement,high EGT,Engine performance check and trend monitoring,44.6,582474,4223.8,4170,Resolved
MR01048,AC044,CMP0130,MA003,PART024,2022-12-05,Unscheduled Removal,fuel flow anomaly,Fuel system functional test,389.1,21711709,212.9,225,Resolved
MR01431,AC044,CMP0008,MA003,,2023-05-16,Scheduled Inspection,,Routine system inspection and servicing,12.4,245421,770.0,813,Resolved
MR01295,AC044,CMP0056,MA006,,2023-07-29,Scheduled Inspection,,Periodic inspection and serviceability check,11.1,82172,984.3,1039,Resolved
MR01342,AC044,CMP0293,MA003,PART029,2023-08-05,Corrective,blade erosion,Inspect compressor/turbine blade edges,51.8,2297995,1076.3,1136,Resolved
MR01482,AC044,CMP0432,MA002,,2023-09-30,Scheduled Inspection,,Scheduled inspection with ground functional test,14.3,164526,1764.9,1863,Recurring
MR00810,AC044,CMP0134,MA003,,2023-11-10,Scheduled Inspection,,Inspection of life-limited components,14.2,335346,1769.8,1868,Resolved
MR00053,AC044,CMP0448,MA003,,2024-01-25,Scheduled Inspection,fuel flow anomaly,Fuel nozzle inspection and test,17.7,398804,1860.7,1964,Resolved
MR00693,AC044,CMP0206,MA003,PART009,2024-02-10,Preventive Replacement,,Replace component before service limit,87.5,3368768,2040.6,2154,Resolved
MR01078,AC044,CMP0283,MA002,PART002,2024-04-30,Corrective,high EGT,Inspect temperature sensing circuit,14.8,185270,2145.0,2264,Recurring
MR01212,AC044,CMP0306,MA003,PART035,2024-06-05,Corrective,,Troubleshoot fault and restore serviceability,43.6,923445,2344.1,2474,Resolved
MR01492,AC044,CMP0338,MA002,PART008,2024-07-16,Unscheduled Removal,vibration above limit,Balance rotating assembly and perform functional test,273.4,11113854,2686.8,2836,Resolved
MR01103,AC044,CMP0552,MA002,,2024-07-24,Scheduled Inspection,,Detailed inspection and operational check,14.0,131080,2745.0,2897,Resolved
MR00290,AC044,CMP0374,MA003,,2024-07-31,Scheduled Inspection,,Periodic inspection and serviceability check,14.9,223059,3008.1,3175,Resolved
MR01020,AC044,CMP0376,MA001,,2024-08-31,Scheduled Inspection,,Routine system inspection and servicing,8.3,159988,3376.7,3564,Resolved
MR01323,AC044,CMP0399,MA003,,2024-10-14,Scheduled Inspection,,Routine system inspection and servicing,15.3,399741,3442.3,3633,Resolved
MR00215,AC044,CMP0428,MA002,,2024-11-17,Scheduled Inspection,,Routine system inspection and servicing,6.7,90201,3688.3,3893,Resolved
MR00461,AC044,CMP0190,MA006,,2025-01-16,Scheduled Inspection,,Inspection of life-limited components,10.0,103366,3874.2,4089,Recurring
MR00559,AC044,CMP0369,MA002,PART015,2025-04-01,Corrective,oil pressure drop,Check for oil leakage and pressure stability,44.1,908160,3955.3,4175,Resolved
MR00360,AC044,CMP0067,MA002,PART003,2025-08-06,Corrective,oil pressure drop,Inspect oil filter and oil lines,66.0,1914917,4044.4,4269,Resolved
MR00272,AC044,CMP0039,MA006,PART020,2026-07-26,Corrective,blade erosion,Inspect blade condition,89.3,1858958,4134.6,4364,Resolved
MR00561,AC045,CMP0418,MA003,PART026,2023-07-12,Corrective,fuel flow anomaly,Inspect fuel control and flow indication,23.7,1451744,236.3,200,Recurring
MR00635,AC045,CMP0063,MA001,,2023-11-25,Scheduled Inspection,,Functional inspection and condition assessment,12.7,197434,353.4,298,Resolved
MR00447,AC045,CMP0258,MA003,,2024-05-01,Scheduled Inspection,,Scheduled inspection with ground functional test,14.5,158962,826.2,698,Resolved
MR00628,AC045,CMP0178,MA001,,2024-07-24,Scheduled Inspection,,Routine system inspection and servicing,7.0,110576,1056.5,892,Resolved
MR00280,AC045,CMP0580,MA006,PART023,2024-08-08,Corrective,fuel flow anomaly,Fuel system functional test,16.5,242924,1292.3,1091,Resolved
MR01247,AC045,CMP0330,MA002,PART036,2024-09-19,Preventive Replacement,high EGT,Check EGT indication and carry out ground run,47.2,894202,1487.2,1256,Resolved
MR00916,AC045,CMP0332,MA006,PART010,2024-10-02,Preventive Replacement,compressor stall,Inspect compressor stages for damage,44.9,1243001,1695.6,1432,Resolved
MR00592,AC045,CMP0206,MA001,PART009,2024-10-27,Corrective,blade erosion,Inspect blade leading edges and clearances,33.4,1028919,1944.3,1642,Recurring
MR01360,AC045,CMP0407,MA005,,2024-12-26,Scheduled Inspection,,Detailed inspection and operational check,10.2,157408,2002.0,1690,Resolved
MR00778,AC045,CMP0370,MA001,PART022,2025-02-19,Preventive Replacement,high EGT,Compressor wash and EGT trend check,74.0,1515614,2161.7,1825,Resolved
MR00247,AC045,CMP0543,MA003,,2025-06-04,Scheduled Inspection,,Scheduled inspection and lubrication,14.2,271665,2238.6,1890,Recurring
MR00407,AC045,CMP0011,MA002,,2025-07-29,Scheduled Inspection,,Periodic inspection and serviceability check,12.8,148522,2602.3,2197,Resolved
MR00836,AC045,CMP0375,MA005,PART019,2026-03-26,Corrective,,Fault isolation and corrective repair,61.4,2168733,2708.4,2287,Resolved
MR00030,AC045,CMP0364,MA002,,2026-03-29,Scheduled Inspection,high EGT,Engine performance check and trend monitoring,6.2,68287,2959.6,2499,Resolved
MR00126,AC046,CMP0273,MA006,,2022-12-28,Scheduled Inspection,,Inspection of life-limited components,11.7,142834,438.3,445,Resolved
MR00760,AC046,CMP0321,MA002,PART018,2023-03-25,Preventive Replacement,blade erosion,Remove affected assembly for overhaul,36.2,851492,651.6,661,Resolved
MR01019,AC046,CMP0368,MA002,PART009,2023-03-26,Corrective,vibration above limit,Balance rotating assembly and perform functional test,46.5,1528405,847.1,860,Resolved
MR00171,AC046,CMP0016,MA002,,2023-04-03,Scheduled Inspection,,Periodic inspection and serviceability check,6.6,92624,1018.5,1034,Resolved
MR00283,AC046,CMP0014,MA003,,2023-04-18,Scheduled Inspection,,Detailed inspection and operational check,16.3,238136,1308.4,1328,Resolved
MR01239,AC046,CMP0478,MA006,PART022,2023-06-02,Corrective,fuel flow anomaly,Fuel system pressure and flow check,25.9,605475,1389.1,1410,Resolved
MR00758,AC046,CMP0453,MA004,PART018,2023-08-07,Corrective,oil pressure drop,Oil system servicing and ground run,18.5,639158,1615.8,1640,Recurring
MR00497,AC046,CMP0303,MA002,PART019,2023-09-15,Corrective,oil pressure drop,Inspect oil filter and oil lines,61.2,1072621,1639.8,1664,Resolved
MR01088,AC046,CMP0015,MA002,,2024-03-26,Scheduled Inspection,,Detailed inspection and operational check,7.2,87901,1738.4,1764,Resolved
MR00815,AC046,CMP0024,MA001,,2024-08-09,Scheduled Inspection,,Inspection of life-limited components,13.8,251097,1849.1,1877,Resolved
MR01101,AC046,CMP0117,MA002,,2024-09-17,Scheduled Inspection,,Scheduled inspection and lubrication,5.3,32028,1888.8,1917,Resolved
MR00154,AC046,CMP0306,MA006,PART038,2024-09-27,Unscheduled Removal,oil pressure drop,Check oil level and pressure indication,461.1,18457892,2084.5,2115,Resolved
MR01207,AC046,CMP0404,MA003,PART008,2025-02-14,Corrective,high EGT,Engine performance check and trend monitoring,44.5,1649393,2170.5,2203,Resolved
MR01265,AC046,CMP0170,MA003,PART013,2025-03-16,Unscheduled Removal,oil pressure drop,Inspect oil pressure sensor and system,159.1,6592385,2578.0,2616,Deferred
MR01050,AC046,CMP0153,MA002,PART020,2025-03-31,Corrective,vibration above limit,Inspect engine mounts and rotating assembly,34.1,1054684,2716.5,2757,Recurring
MR01328,AC046,CMP0276,MA003,PART038,2025-05-07,Preventive Replacement,,Replace component based on condition monitoring,50.3,1277441,2990.9,3035,Resolved
MR00913,AC046,CMP0362,MA006,PART010,2025-07-02,Preventive Replacement,,Preventive replacement of life-limited component,50.8,773751,3350.2,3400,Resolved
MR00498,AC046,CMP0071,MA001,,2025-08-02,Scheduled Inspection,,Periodic inspection and serviceability check,8.8,135159,3599.1,3653,Resolved
MR00254,AC046,CMP0129,MA006,,2025-12-16,Scheduled Inspection,,Inspection of life-limited components,15.2,182159,3720.9,3776,Resolved
MR00975,AC046,CMP0425,MA003,PART034,2026-08-03,Corrective,oil pressure drop,Check oil level and pressure indication,121.6,6080237,3891.6,3949,Resolved
MR01484,AC047,CMP0014,MA005,PART014,2022-07-31,Corrective,high EGT,Fault isolated and corrective maintenance completed,23.8,622542,114.8,111,Resolved
MR00613,AC047,CMP0594,MA002,,2022-11-11,Scheduled Inspection,,Periodic inspection and serviceability check,6.1,55847,339.9,328,Resolved
MR00024,AC047,CMP0487,MA003,,2023-11-06,Scheduled Inspection,,Detailed inspection and operational check,13.4,307032,613.6,592,Resolved
MR00798,AC047,CMP0348,MA003,,2024-01-05,Scheduled Inspection,oil pressure drop,Service oil system and verify pressure,10.8,327313,708.3,684,Resolved
MR01193,AC047,CMP0318,MA006,PART038,2024-06-07,Corrective,compressor stall,Inspect compressor blades and inlet section,73.6,1520823,811.3,783,Resolved
MR00692,AC047,CMP0303,MA002,PART016,2024-06-17,Corrective,high EGT,Check EGT indication and carry out ground run,24.1,510156,1093.8,1056,Resolved
MR00750,AC047,CMP0347,MA002,,2024-06-25,Scheduled Inspection,,Scheduled inspection with ground functional test,10.8,80991,1132.6,1093,Resolved
MR00359,AC047,CMP0476,MA001,PART009,2024-07-14,Corrective,compressor stall,Ground run and compressor response check,44.8,1689904,1205.7,1164,Recurring
MR01326,AC047,CMP0024,MA001,PART040,2024-07-17,Corrective,oil temperature high,Inspect oil cooler performance,44.9,1198594,1284.9,1240,Resolved
MR00839,AC047,CMP0186,MA001,PART037,2024-07-24,Corrective,vibration above limit,Dynamic balance check,122.6,2959607,1302.6,1257,Resolved
MR00749,AC047,CMP0075,MA001,,2024-11-05,Scheduled Inspection,,Scheduled inspection with ground functional test,7.5,113382,1493.9,1442,Resolved
MR00901,AC047,CMP0513,MA002,,2025-02-27,Scheduled Inspection,,Routine system inspection and servicing,9.9,124710,1589.9,1534,Resolved
MR00806,AC047,CMP0504,MA003,PART035,2025-02-28,Corrective,oil pressure drop,Check for oil leakage and pressure stability,29.7,1424003,1686.7,1628,Resolved
MR00236,AC047,CMP0100,MA001,PART023,2025-08-22,Corrective,fuel flow anomaly,Fuel system pressure and flow check,44.4,990670,1839.4,1775,Resolved
MR00174,AC047,CMP0256,MA006,,2025-12-13,Scheduled Inspection,,Scheduled inspection with ground functional test,5.3,46458,1866.0,1801,Resolved
MR01098,AC047,CMP0112,MA003,PART027,2026-06-15,Corrective,high EGT,Compressor wash and EGT trend check,24.4,965316,1993.7,1924,Resolved
MR00478,AC047,CMP0433,MA004,PART005,2026-08-01,Corrective,sensor fault,Inspect sensor mounting and wiring,58.5,1256988,2019.8,1949,Resolved
MR00016,AC048,CMP0526,MA001,PART027,2025-01-03,Corrective,high EGT,Check EGT indication and carry out ground run,45.1,909858,498.6,582,Resolved
MR01277,AC048,CMP0445,MA002,,2025-01-21,Scheduled Inspection,fuel flow anomaly,Fuel nozzle inspection and test,10.0,129457,1196.5,1396,Resolved
MR00348,AC048,CMP0387,MA004,PART016,2025-06-05,Preventive Replacement,,Preventive replacement with operational check,43.9,986786,1700.3,1984,Resolved
MR00840,AC049,CMP0387,MA006,PART016,2022-08-08,Preventive Replacement,,Planned replacement and post-maintenance test,66.1,797010,183.0,180,Deferred
MR01191,AC049,CMP0491,MA001,,2022-12-11,Scheduled Inspection,,Scheduled inspection and lubrication,13.3,133358,447.6,441,Resolved
MR01100,AC049,CMP0137,MA001,PART033,2023-11-15,Corrective,high EGT,Inspect temperature sensing circuit,13.2,326639,587.9,579,Resolved
MR01368,AC049,CMP0013,MA001,,2023-11-28,Scheduled Inspection,fuel flow anomaly,Check fuel flow sensor and wiring,11.6,221705,776.0,764,Resolved
MR00229,AC049,CMP0345,MA003,PART015,2023-12-06,Preventive Replacement,,Replace component before service limit,65.9,2494653,1029.2,1013,Resolved
MR00995,AC049,CMP0419,MA001,PART031,2024-01-14,Corrective,oil pressure drop,Check for oil leakage and pressure stability,40.4,730449,1032.2,1016,Resolved
MR00828,AC049,CMP0286,MA003,PART023,2024-07-17,Preventive Replacement,,Replace worn component and functional test,46.3,1318824,1058.0,1041,Resolved
MR00744,AC049,CMP0214,MA003,,2024-09-20,Scheduled Inspection,,Functional inspection and condition assessment,12.2,152843,1207.2,1188,Resolved
MR00177,AC049,CMP0399,MA001,PART020,2024-10-21,Preventive Replacement,vibration above limit,Inspect engine mounts and rotating assembly,60.1,1152209,1289.5,1269,Resolved
MR00591,AC049,CMP0404,MA001,,2025-03-04,Scheduled Inspection,,Scheduled inspection with ground functional test,14.8,183003,1458.0,1435,Resolved
MR00602,AC049,CMP0138,MA006,,2025-04-06,Scheduled Inspection,,Scheduled inspection with ground functional test,9.3,103702,1651.1,1625,Resolved
MR00419,AC049,CMP0322,MA002,,2025-07-18,Scheduled Inspection,high EGT,Borescope inspection of hot section,5.1,65445,1755.3,1728,Resolved
MR00540,AC049,CMP0086,MA001,,2025-11-06,Scheduled Inspection,,Inspection of life-limited components,13.3,163049,1884.5,1855,Deferred
MR01092,AC049,CMP0146,MA006,,2025-12-03,Scheduled Inspection,,Functional inspection and condition assessment,11.4,156865,1949.2,1919,Resolved
MR00958,AC050,CMP0096,MA002,,2022-08-23,Scheduled Inspection,,Routine system inspection and servicing,16.2,158882,302.8,348,Resolved
MR00776,AC050,CMP0278,MA002,PART014,2023-01-05,Corrective,vibration above limit,Inspect rotating assembly and vibration sensors,18.4,229476,541.3,623,Resolved
MR01089,AC050,CMP0532,MA004,PART027,2023-03-29,Corrective,fuel flow anomaly,Check fuel flow sensor and wiring,67.0,1259495,568.3,654,Resolved
MR01340,AC050,CMP0004,MA003,,2023-07-05,Scheduled Inspection,,Functional inspection and condition assessment,16.6,336982,797.8,918,Resolved
MR01405,AC050,CMP0468,MA001,PART037,2023-07-19,Unscheduled Removal,vibration above limit,Inspect engine mounts and rotating assembly,160.2,6925956,975.7,1122,Recurring
MR01333,AC050,CMP0230,MA003,PART011,2024-01-30,Unscheduled Removal,vibration above limit,Inspect engine mounts and rotating assembly,203.2,8537849,1192.4,1372,Resolved
MR00397,AC050,CMP0449,MA004,PART032,2024-02-19,Preventive Replacement,vibration above limit,Inspect engine mounts and rotating assembly,48.9,1145325,1499.6,1725,Resolved
MR01337,AC050,CMP0355,MA003,,2024-06-20,Scheduled Inspection,,Routine system inspection and servicing,13.1,176984,1578.5,1816,Resolved
MR01443,AC050,CMP0011,MA005,,2024-10-04,Scheduled Inspection,,Scheduled inspection and lubrication,8.5,91820,1852.9,2131,Resolved
MR01440,AC050,CMP0118,MA003,PART022,2024-12-10,Preventive Replacement,high EGT,Compressor wash and EGT trend check,58.1,997089,2163.9,2489,Resolved
MR00957,AC050,CMP0467,MA002,PART032,2024-12-31,Corrective,blade erosion,Inspect blade condition,34.2,494347,2195.0,2525,Resolved
MR01151,AC050,CMP0132,MA006,,2025-02-26,Scheduled Inspection,vibration above limit,Dynamic balance check,13.2,115123,2341.5,2693,Resolved
MR00445,AC050,CMP0506,MA003,PART011,2025-09-07,Preventive Replacement,oil pressure drop,Inspect oil pump and associated plumbing,61.1,1651420,2483.2,2856,Resolved
MR01123,AC050,CMP0239,MA003,PART031,2025-09-14,Corrective,vibration above limit,Dynamic balance check,33.9,1166938,2808.2,3230,Recurring
MR00539,AC050,CMP0148,MA003,PART025,2026-02-14,Corrective,high EGT,Borescope inspection of hot section,40.8,1747310,3477.0,3999,Resolved
MR00708,AC051,CMP0080,MA001,,2022-07-06,Scheduled Inspection,,Routine visual inspection and servicing,18.9,470636,118.5,107,Resolved
MR00079,AC051,CMP0507,MA006,PART019,2023-05-11,Preventive Replacement,high EGT,Compressor wash and EGT trend check,68.8,1376930,281.2,253,Resolved
MR00110,AC051,CMP0179,MA004,PART034,2023-05-19,Preventive Replacement,vibration above limit,Dynamic balance check,47.8,873745,302.7,273,Deferred
MR00746,AC051,CMP0076,MA003,,2023-06-19,Scheduled Inspection,,Inspection of life-limited components,14.5,320697,369.0,332,Resolved
MR01468,AC051,CMP0398,MA001,,2023-06-21,Scheduled Inspection,vibration above limit,Inspect engine mounts and rotating assembly,12.7,359731,409.8,369,Resolved
MR00892,AC051,CMP0261,MA002,,2023-07-04,Scheduled Inspection,,Routine system inspection and servicing,8.9,77897,471.4,425,Resolved
MR01302,AC051,CMP0511,MA004,,2023-07-11,Scheduled Inspection,,Functional inspection and condition assessment,10.8,221561,543.7,490,Resolved
MR01270,AC051,CMP0573,MA002,,2023-11-01,Scheduled Inspection,,Scheduled inspection and lubrication,8.9,100554,625.5,563,Resolved
MR00303,AC051,CMP0103,MA006,PART004,2023-12-09,Corrective,fuel flow anomaly,Fuel system pressure and flow check,30.9,526674,657.8,593,Recurring
MR01240,AC051,CMP0380,MA002,,2024-01-02,Scheduled Inspection,,Routine system inspection and servicing,15.2,250408,695.6,627,Resolved
MR00113,AC051,CMP0292,MA002,PART027,2024-01-14,Corrective,high EGT,Check EGT indication and carry out ground run,20.9,461643,772.6,696,Resolved
MR00627,AC051,CMP0477,MA006,,2024-05-04,Scheduled Inspection,,Inspection of life-limited components,8.3,108739,827.6,746,Resolved
MR00402,AC051,CMP0197,MA003,,2024-08-29,Scheduled Inspection,,Scheduled inspection with ground functional test,10.8,172533,851.2,767,Resolved
MR00130,AC051,CMP0419,MA003,PART032,2024-09-08,Corrective,vibration above limit,Inspect engine mounts and rotating assembly,21.5,645455,889.9,802,Recurring
MR01381,AC051,CMP0323,MA001,,2024-09-27,Scheduled Inspection,,Inspection of life-limited components,14.5,290724,984.2,887,Resolved
MR00015,AC051,CMP0180,MA003,,2024-12-16,Scheduled Inspection,,Periodic inspection and serviceability check,13.4,158761,1001.9,903,Resolved
MR01097,AC051,CMP0213,MA001,PART018,2025-05-02,Unscheduled Removal,high EGT,Engine performance check and trend monitoring,284.6,14654444,1044.0,941,Resolved
MR00228,AC051,CMP0420,MA003,PART040,2025-05-06,Preventive Replacement,,Replace worn component and functional test,80.2,1437094,1055.9,951,Resolved
MR00745,AC051,CMP0152,MA004,PART014,2026-05-12,Unscheduled Removal,vibration above limit,Inspect fan/compressor assembly,166.3,6834894,1156.4,1042,Resolved
MR01455,AC052,CMP0388,MA006,PART024,2022-04-30,Corrective,fuel flow anomaly,Fuel system functional test,38.0,1104678,773.8,815,Resolved
MR01134,AC052,CMP0074,MA002,PART014,2023-01-08,Preventive Replacement,blade erosion,Inspect blade condition,27.1,779685,1121.0,1180,Resolved
MR01046,AC052,CMP0531,MA003,PART018,2023-09-06,Corrective,blade erosion,Inspect blade condition,84.0,3374243,1199.8,1263,Deferred
MR00950,AC052,CMP0181,MA002,PART005,2023-09-25,Preventive Replacement,vibration above limit,Balance rotating assembly and perform functional test,72.7,1040304,1278.2,1346,Recurring
MR00792,AC052,CMP0161,MA003,PART029,2023-10-21,Corrective,high EGT,Inspect compressor condition and repeat engine run,26.9,673472,1556.6,1639,Resolved
MR00636,AC052,CMP0537,MA001,PART018,2023-11-30,Corrective,blade erosion,Inspect blade leading edges and clearances,39.7,1733470,1810.1,1906,Resolved
MR00966,AC052,CMP0117,MA002,PART016,2024-01-06,Corrective,blade erosion,Replace affected blade set,57.0,1597872,1936.9,2039,Resolved
MR00529,AC052,CMP0181,MA006,PART006,2024-03-20,Corrective,sensor fault,Calibrate indication system and retest,34.6,508097,1980.4,2085,Resolved
MR01139,AC052,CMP0024,MA003,PART037,2024-05-18,Corrective,vibration above limit,Dynamic balance check,47.7,2186874,2109.8,2221,Resolved
MR00486,AC052,CMP0359,MA001,,2025-10-12,Scheduled Inspection,,Detailed inspection and operational check,13.3,177144,2223.5,2341,Resolved
MR01286,AC052,CMP0381,MA006,PART015,2025-11-23,Corrective,vibration above limit,Vibration survey and ground run,31.6,676276,2781.8,2929,Resolved
MR00170,AC052,CMP0003,MA004,,2026-02-27,Scheduled Inspection,,Routine visual inspection and servicing,9.1,147371,2992.1,3150,Resolved
MR01093,AC052,CMP0179,MA006,PART034,2026-03-14,Corrective,vibration above limit,Inspect engine mounts and rotating assembly,29.1,819332,3010.6,3169,Resolved
MR00329,AC053,CMP0387,MA001,,2022-08-24,Scheduled Inspection,,Detailed inspection and operational check,12.1,187678,225.5,232,Resolved
MR00347,AC053,CMP0228,MA002,PART037,2022-09-09,Corrective,blade erosion,Blade dimensional inspection,21.8,756063,376.5,387,Resolved
MR00230,AC053,CMP0324,MA004,PART038,2022-11-23,Preventive Replacement,vibration above limit,Vibration survey and ground run,57.7,1348859,510.8,525,Resolved
MR00221,AC053,CMP0359,MA001,PART029,2023-03-04,Preventive Replacement,oil temperature high,Inspect oil cooler and associated lines,63.3,1150948,639.3,658,Resolved
MR00667,AC053,CMP0017,MA006,PART034,2023-04-02,Unscheduled Removal,blade erosion,Borescope inspection of blade surfaces,219.5,9998200,720.2,741,Resolved
MR01406,AC053,CMP0280,MA002,PART023,2023-10-18,Corrective,fuel flow anomaly,Fuel system pressure and flow check,82.6,2597478,776.6,799,Resolved
MR00088,AC053,CMP0598,MA002,PART026,2023-10-22,Corrective,high EGT,Inspect fuel nozzle and combustion section,25.9,534133,797.7,821,Resolved
MR01018,AC053,CMP0500,MA002,PART009,2023-10-24,Corrective,oil pressure drop,Service oil system and verify pressure,83.4,1779969,1006.0,1035,Resolved
MR00425,AC053,CMP0011,MA001,PART032,2023-12-15,Corrective,compressor stall,Ground run and compressor response check,43.8,1132500,1107.4,1139,Resolved
MR00194,AC053,CMP0120,MA003,PART040,2024-02-07,Corrective,oil pressure drop,Oil system servicing and ground run,58.1,2045905,1149.1,1182,Resolved
MR01299,AC053,CMP0465,MA004,PART021,2024-02-12,Unscheduled Removal,oil pressure drop,Inspect oil pump and associated plumbing,226.4,12757746,1223.0,1258,Recurring
MR00438,AC053,CMP0208,MA006,PART022,2024-06-09,Corrective,fuel flow anomaly,Fuel nozzle inspection and test,14.4,275913,1244.3,1280,Resolved
MR00231,AC053,CMP0225,MA003,,2024-08-08,Scheduled Inspection,,Functional inspection and condition assessment,19.0,475180,1317.7,1355,Resolved
MR00249,AC053,CMP0467,MA002,PART031,2024-10-10,Corrective,high EGT,Compressor wash and EGT trend check,34.8,456197,1484.9,1527,Resolved
MR00294,AC053,CMP0129,MA002,PART019,2025-03-10,Corrective,oil pressure drop,Check for oil leakage and pressure stability,93.5,2936525,1597.4,1643,Recurring
MR00732,AC053,CMP0474,MA004,,2025-04-01,Scheduled Inspection,,Functional inspection and condition assessment,6.5,91916,1744.6,1795,Resolved
MR01009,AC053,CMP0429,MA002,,2025-04-18,Scheduled Inspection,,Scheduled inspection and lubrication,11.9,133396,1883.9,1938,Resolved
MR00687,AC053,CMP0165,MA006,PART015,2025-04-24,Corrective,vibration above limit,Balance rotating assembly and perform functional test,43.4,843653,1978.8,2035,Recurring
MR00603,AC053,CMP0092,MA004,PART009,2025-05-06,Unscheduled Removal,vibration above limit,Inspect rotating assembly and vibration sensors,182.4,6980992,2038.6,2097,Deferred
MR01346,AC053,CMP0249,MA002,PART016,2025-05-18,Unscheduled Removal,oil pressure drop,Check oil level and pressure indication,128.5,5493069,2087.7,2147,Resolved
MR01086,AC053,CMP0219,MA001,PART015,2025-06-29,Preventive Replacement,blade erosion,Replace affected blade set,33.5,1015686,2285.6,2351,Resolved
MR01318,AC053,CMP0501,MA002,PART021,2025-07-16,Corrective,compressor stall,Inspect compressor stages for damage,51.3,1468993,2389.9,2458,Resolved
MR00653,AC053,CMP0470,MA005,PART009,2025-07-29,Preventive Replacement,high EGT,Borescope inspection of hot section,71.8,2560501,2488.2,2559,Deferred
MR01149,AC053,CMP0268,MA001,,2025-09-30,Scheduled Inspection,fuel flow anomaly,Fuel system functional test,17.7,319876,2592.0,2666,Resolved
MR00718,AC053,CMP0330,MA004,PART040,2025-12-18,Corrective,oil temperature high,Inspect oil cooler and associated lines,30.8,862103,2645.6,2721,Resolved
MR00688,AC053,CMP0401,MA002,PART033,2025-12-25,Unscheduled Removal,blade erosion,Remove affected assembly for overhaul,167.0,8789628,2739.4,2818,Resolved
MR01382,AC053,CMP0306,MA001,,2026-05-07,Scheduled Inspection,blade erosion,Borescope inspection of blade surfaces,15.4,313372,2777.3,2857,Recurring
MR01227,AC054,CMP0446,MA006,,2023-05-10,Scheduled Inspection,,Routine visual inspection and servicing,8.6,93683,465.1,429,Resolved
MR01184,AC054,CMP0094,MA003,PART022,2023-06-18,Preventive Replacement,,Planned replacement and post-maintenance test,87.2,2751100,1191.1,1098,Resolved
MR00190,AC054,CMP0057,MA006,PART019,2023-08-29,Corrective,compressor stall,Inspect compressor blades and inlet section,106.4,2043864,1825.4,1683,Resolved
MR00803,AC054,CMP0168,MA003,PART039,2024-03-07,Corrective,oil pressure drop,Inspect oil system and pressure circuit,44.6,2215857,2006.3,1850,Resolved
MR01163,AC054,CMP0272,MA003,PART008,2024-04-08,Corrective,blade erosion,Inspect blade condition,66.4,1934526,2195.0,2024,Resolved
MR00396,AC054,CMP0001,MA001,,2024-06-27,Scheduled Inspection,,Routine system inspection and servicing,13.6,182320,3052.0,2814,Resolved
MR00472,AC054,CMP0167,MA006,PART032,2024-08-26,Corrective,compressor stall,Compressor wash and functional test,71.3,1162183,3298.5,3041,Resolved
MR00563,AC054,CMP0394,MA003,,2024-12-12,Scheduled Inspection,,Scheduled inspection and lubrication,11.0,222183,3711.0,3421,Resolved
MR00239,AC054,CMP0514,MA006,PART026,2025-09-07,Unscheduled Removal,high EGT,Borescope inspection of hot section,274.1,9907729,3726.8,3436,Resolved
MR00102,AC054,CMP0179,MA003,,2025-09-21,Scheduled Inspection,,Routine system inspection and servicing,17.7,379579,3881.0,3578,Deferred
MR00843,AC054,CMP0147,MA002,PART020,2025-12-03,Corrective,vibration above limit,Dynamic balance check,66.9,1873372,4152.5,3828,Resolved
MR01069,AC054,CMP0193,MA006,PART005,2026-01-02,Corrective,sensor fault,Replace sensor and carry out system test,52.3,778677,4454.1,4106,Resolved
MR00858,AC055,CMP0420,MA001,,2023-09-05,Scheduled Inspection,,Scheduled inspection with ground functional test,8.2,123155,309.1,314,Resolved
MR00106,AC055,CMP0020,MA003,,2023-10-11,Scheduled Inspection,,Routine system inspection and servicing,10.4,166094,327.9,333,Resolved
MR00483,AC055,CMP0426,MA003,,2024-04-03,Scheduled Inspection,,Routine visual inspection and servicing,14.2,283575,981.9,997,Resolved
MR00471,AC055,CMP0163,MA004,,2024-04-06,Scheduled Inspection,,Scheduled inspection and lubrication,13.1,169702,1212.4,1232,Resolved
MR00598,AC055,CMP0245,MA002,PART034,2024-04-18,Preventive Replacement,vibration above limit,Dynamic balance check,73.3,1118571,1298.6,1319,Resolved
MR01462,AC055,CMP0023,MA003,PART030,2024-05-03,Unscheduled Removal,oil pressure drop,Oil system servicing and ground run,135.5,11493755,1464.0,1487,Resolved
MR00301,AC055,CMP0189,MA003,,2024-05-05,Scheduled Inspection,,Functional inspection and condition assessment,20.5,421458,1626.7,1652,Resolved
MR00669,AC055,CMP0446,MA002,,2024-05-28,Scheduled Inspection,,Inspection of life-limited components,5.4,68574,1644.8,1671,Resolved
MR00572,AC055,CMP0042,MA006,PART038,2024-06-04,Preventive Replacement,,Replace worn component and functional test,52.8,902098,1983.2,2015,Recurring
MR00587,AC055,CMP0087,MA004,PART016,2024-10-11,Preventive Replacement,compressor stall,Ground run and compressor response check,68.1,2148349,2054.7,2087,Resolved
MR00614,AC055,CMP0465,MA006,PART017,2024-10-21,Unscheduled Removal,high EGT,Borescope inspection of hot section,122.6,3421943,2158.4,2193,Resolved
MR01446,AC055,CMP0220,MA003,PART026,2024-12-12,Unscheduled Removal,fuel flow anomaly,Inspect fuel control and flow indication,297.5,19577929,2253.1,2289,Deferred
MR00994,AC055,CMP0458,MA003,,2025-05-30,Scheduled Inspection,,Scheduled inspection with ground functional test,16.5,204957,2392.7,2431,Resolved
MR01150,AC055,CMP0178,MA003,PART027,2025-09-03,Preventive Replacement,fuel flow anomaly,Check fuel flow indication and control unit,38.7,1510185,2605.9,2647,Resolved
MR00488,AC055,CMP0055,MA002,PART001,2026-03-10,Preventive Replacement,vibration above limit,Dynamic balance check,57.0,647352,2791.0,2835,Resolved
MR01112,AC056,CMP0045,MA003,PART019,2022-08-28,Corrective,high EGT,Engine performance check and trend monitoring,18.0,771958,367.5,408,Resolved
MR01041,AC056,CMP0514,MA006,PART027,2022-11-11,Unscheduled Removal,high EGT,Engine performance check and trend monitoring,273.7,9049889,600.7,666,Resolved
MR01026,AC056,CMP0229,MA003,PART004,2023-01-18,Corrective,sensor fault,Replace faulty sensor,32.9,989521,1275.3,1414,Resolved
MR00150,AC056,CMP0584,MA005,PART012,2023-03-14,Corrective,high EGT,Check EGT indication and carry out ground run,95.1,2125583,2072.4,2298,Resolved
MR00842,AC056,CMP0595,MA002,PART007,2023-09-18,Corrective,vibration above limit,Dynamic balance check,61.0,1573913,2171.3,2408,Resolved
MR00888,AC056,CMP0142,MA001,PART022,2023-11-16,Preventive Replacement,high EGT,Borescope inspection of hot section,46.7,1006560,2255.7,2502,Resolved
MR00560,AC056,CMP0090,MA002,PART040,2023-11-26,Preventive Replacement,,Planned replacement and post-maintenance test,46.5,440202,3360.8,3727,Resolved
MR00042,AC056,CMP0433,MA001,,2024-03-27,Scheduled Inspection,,Functional inspection and condition assessment,11.7,229979,3477.8,3857,Resolved
MR01067,AC056,CMP0149,MA004,,2024-03-28,Scheduled Inspection,,Functional inspection and condition assessment,8.9,184758,3660.4,4060,Resolved
MR01363,AC056,CMP0034,MA002,PART027,2024-04-06,Preventive Replacement,high EGT,Inspect fuel nozzle and combustion section,68.3,1061534,3953.6,4385,Resolved
MR00535,AC056,CMP0477,MA002,PART020,2024-04-19,Corrective,vibration above limit,Inspect bearings and rotating components,49.1,878841,4129.4,4580,Resolved
MR00583,AC056,CMP0028,MA003,PART025,2024-09-21,Corrective,high EGT,Inspect fuel nozzle and combustion section,24.1,738026,4315.4,4786,Resolved
MR00716,AC056,CMP0308,MA001,PART012,2025-12-18,Corrective,vibration above limit,Inspect fan/compressor assembly,32.4,534546,4502.1,4993,Recurring
MR01233,AC056,CMP0089,MA001,,2026-01-19,Scheduled Inspection,,Periodic inspection and serviceability check,13.7,152409,4921.4,5458,Resolved
MR00134,AC056,CMP0106,MA003,,2026-02-22,Scheduled Inspection,,Inspection of life-limited components,15.0,247223,4987.2,5531,Resolved
MR01131,AC057,CMP0022,MA002,PART025,2022-07-02,Unscheduled Removal,high EGT,Inspect turbine section and EGT indication,422.8,12137489,938.0,911,Resolved
MR00959,AC057,CMP0300,MA002,,2022-07-13,Scheduled Inspection,,Routine visual inspection and servicing,10.3,107542,1037.3,1007,Resolved
MR01171,AC057,CMP0151,MA006,,2022-08-27,Scheduled Inspection,,Inspection of life-limited components,5.5,49449,2232.4,2167,Resolved
MR00084,AC057,CMP0350,MA001,PART009,2023-04-05,Corrective,compressor stall,Inspect variable geometry mechanism,44.0,1166785,2516.3,2443,Resolved
MR00365,AC057,CMP0221,MA003,PART029,2023-12-03,Preventive Replacement,vibration above limit,Balance rotating assembly and perform functional test,82.6,3043228,2778.0,2697,Resolved
MR00199,AC057,CMP0048,MA001,,2025-03-17,Scheduled Inspection,,Scheduled inspection and lubrication,9.9,91056,2836.0,2753,Resolved
MR01458,AC057,CMP0399,MA004,,2025-03-18,Scheduled Inspection,,Routine system inspection and servicing,7.0,104651,2886.4,2802,Resolved
MR00544,AC057,CMP0190,MA002,,2025-05-22,Scheduled Inspection,,Functional inspection and condition assessment,9.6,97805,3296.8,3201,Resolved
MR00502,AC057,CMP0012,MA004,,2026-01-31,Scheduled Inspection,,Routine system inspection and servicing,8.9,175098,3353.5,3256,Resolved
MR01476,AC057,CMP0291,MA002,,2026-04-22,Scheduled Inspection,,Routine system inspection and servicing,13.7,148960,3564.3,3460,Resolved
MR00577,AC058,CMP0524,MA002,,2022-08-24,Scheduled Inspection,,Scheduled inspection with ground functional test,9.1,116246,461.9,392,Resolved
MR00092,AC058,CMP0440,MA006,PART012,2022-12-18,Preventive Replacement,high EGT,Inspect compressor condition and repeat engine run,55.9,1518407,711.2,603,Resolved
MR00550,AC058,CMP0194,MA006,,2023-08-12,Scheduled Inspection,,Routine system inspection and servicing,12.8,121920,875.6,742,Resolved
MR01300,AC058,CMP0052,MA006,,2023-11-23,Scheduled Inspection,,Periodic inspection and serviceability check,8.0,124601,1104.9,937,Deferred
MR00097,AC058,CMP0144,MA001,,2024-05-01,Scheduled Inspection,,Periodic inspection and serviceability check,13.0,189197,1454.4,1233,Recurring
MR00753,AC058,CMP0002,MA003,PART014,2024-06-09,Corrective,vibration above limit,Inspect bearings and rotating components,32.7,1176613,1597.7,1354,Resolved
MR01465,AC058,CMP0070,MA006,PART025,2024-06-15,Unscheduled Removal,high EGT,Compressor wash and EGT trend check,191.6,7493662,1999.2,1695,Recurring
MR00608,AC058,CMP0061,MA002,PART001,2024-09-07,Preventive Replacement,sensor fault,Inspect sensor mounting and wiring,45.7,839366,2211.2,1874,Resolved
MR00074,AC058,CMP0598,MA003,,2024-10-20,Scheduled Inspection,high EGT,Inspection completed; component condition checked,12.7,294699,2681.1,2273,Resolved
MR00043,AC058,CMP0444,MA005,,2024-11-19,Scheduled Inspection,high EGT,Borescope inspection of hot section,13.3,193610,2908.6,2466,Resolved
MR01230,AC059,CMP0032,MA003,PART013,2022-10-06,Preventive Replacement,blade erosion,Inspect blade condition,77.3,3274210,238.8,238,Resolved
MR00282,AC059,CMP0326,MA003,,2023-02-02,Scheduled Inspection,,Routine system inspection and servicing,15.5,251167,286.4,286,Resolved
MR01231,AC059,CMP0060,MA003,PART040,2023-05-11,Corrective,high EGT,Engine performance check and trend monitoring,31.7,889808,377.8,377,Resolved
MR01384,AC059,CMP0123,MA006,PART019,2023-07-27,Corrective,oil pressure drop,Check oil level and pressure indication,69.6,1716051,861.0,860,Resolved
MR00383,AC059,CMP0491,MA003,PART034,2023-08-11,Corrective,compressor stall,Inspect compressor stages for damage,60.8,2467157,905.2,904,Resolved
MR01375,AC059,CMP0081,MA001,,2023-10-19,Scheduled Inspection,,Detailed inspection and operational check,13.6,228844,1309.8,1308,Resolved
MR01425,AC059,CMP0101,MA003,,2023-11-05,Scheduled Inspection,,Inspection of life-limited components,19.0,482449,1502.7,1500,Resolved
MR00054,AC059,CMP0003,MA003,PART016,2024-03-23,Unscheduled Removal,vibration above limit,Inspect rotating assembly and vibration sensors,135.1,8673297,1702.2,1699,Resolved
MR00633,AC059,CMP0528,MA003,,2024-04-10,Scheduled Inspection,,Scheduled inspection and lubrication,12.2,256203,1858.9,1856,Resolved
MR00149,AC059,CMP0138,MA003,PART036,2024-05-02,Preventive Replacement,high EGT,Inspect temperature sensing circuit,95.3,1474434,2238.8,2235,Resolved
MR00193,AC059,CMP0121,MA006,,2024-05-05,Scheduled Inspection,,Scheduled inspection with ground functional test,12.3,123072,2290.5,2287,Deferred
MR00616,AC059,CMP0532,MA001,,2024-05-14,Scheduled Inspection,,Functional inspection and condition assessment,7.9,77840,2478.6,2474,Resolved
MR01094,AC059,CMP0417,MA001,PART020,2024-05-31,Corrective,vibration above limit,Inspect fan/compressor assembly,37.7,1876095,2506.9,2503,Resolved
MR01189,AC059,CMP0311,MA002,,2024-07-18,Scheduled Inspection,,Functional inspection and condition assessment,11.8,122958,2559.0,2555,Resolved
MR01202,AC059,CMP0099,MA002,PART019,2024-08-16,Corrective,,Fault isolation and corrective repair,59.1,1045978,2724.8,2720,Recurring
MR00101,AC059,CMP0008,MA001,,2024-09-15,Scheduled Inspection,high EGT,Inspect temperature sensing circuit,10.5,163704,2927.7,2923,Resolved
MR01071,AC059,CMP0399,MA002,,2024-12-23,Scheduled Inspection,,Routine visual inspection and servicing,9.5,105064,3061.6,3056,Resolved
MR01255,AC059,CMP0574,MA003,PART025,2025-01-08,Corrective,high EGT,Inspect temperature sensing circuit,21.5,653350,3072.0,3067,Deferred
MR00047,AC059,CMP0396,MA003,,2025-01-11,Scheduled Inspection,,Functional inspection and condition assessment,12.3,194929,3114.9,3110,Resolved
MR00988,AC059,CMP0353,MA002,PART029,2025-01-24,Corrective,oil pressure drop,Inspect oil filter and oil lines,87.4,1287839,3138.1,3133,Resolved
MR01289,AC059,CMP0330,MA006,PART038,2025-04-28,Unscheduled Removal,blade erosion,Blade dimensional inspection,153.0,7604527,3224.9,3220,Deferred
MR00832,AC059,CMP0482,MA002,,2025-05-29,Scheduled Inspection,,Periodic inspection and serviceability check,4.3,47279,3247.6,3242,Resolved
MR00524,AC059,CMP0321,MA006,PART021,2025-06-13,Corrective,vibration above limit,Inspect bearings and rotating components,89.2,2094251,3301.7,3296,Resolved
MR01309,AC059,CMP0324,MA003,,2025-07-26,Scheduled Inspection,,Periodic inspection and serviceability check,13.8,253871,3354.3,3349,Resolved
MR00722,AC059,CMP0159,MA001,PART016,2025-09-21,Corrective,oil pressure drop,Inspect oil pressure sensor and system,21.9,594299,3594.8,3589,Resolved
MR01208,AC059,CMP0511,MA002,PART002,2025-09-25,Preventive Replacement,,Planned replacement and post-maintenance test,48.2,601582,3653.0,3647,Resolved
MR00855,AC059,CMP0261,MA003,,2025-09-26,Scheduled Inspection,,Detailed inspection and operational check,15.0,285854,4048.9,4042,Resolved
MR00517,AC059,CMP0465,MA002,PART017,2025-10-06,Corrective,oil pressure drop,Check oil level and pressure indication,41.3,664388,4115.1,4108,Resolved
MR00060,AC059,CMP0593,MA003,,2025-10-09,Scheduled Inspection,,Inspection of life-limited components,9.9,234574,4263.4,4256,Resolved
MR00152,AC059,CMP0551,MA002,,2025-12-01,Scheduled Inspection,,Detailed inspection and operational check,10.0,107175,4381.7,4374,Resolved
MR00942,AC059,CMP0023,MA006,,2025-12-03,Scheduled Inspection,,Functional inspection and condition assessment,12.3,140257,4486.1,4479,Resolved
MR00332,AC059,CMP0047,MA005,,2025-12-26,Scheduled Inspection,,Routine system inspection and servicing,11.5,221801,4676.3,4668,Resolved
MR00477,AC059,CMP0490,MA004,,2026-01-05,Scheduled Inspection,high EGT,Check EGT indication and carry out ground run,6.3,85352,4768.6,4761,Resolved
MR00342,AC059,CMP0354,MA003,PART036,2026-01-27,Corrective,vibration above limit,Check mounting hardware and fasteners,17.9,733084,4822.7,4815,Resolved
MR00702,AC059,CMP0146,MA006,PART008,2026-02-19,Corrective,oil pressure drop,Service oil system and verify pressure,36.2,761313,4989.8,4981,Resolved
MR01090,AC059,CMP0506,MA002,,2026-04-21,Scheduled Inspection,,Scheduled inspection and lubrication,12.0,105711,5025.3,5017,Resolved
MR00246,AC059,CMP0323,MA001,PART032,2026-05-22,Preventive Replacement,vibration above limit,Inspect engine mounts and rotating assembly,50.6,889083,5094.4,5086,Resolved
MR01175,AC059,CMP0150,MA001,,2026-07-18,Scheduled Inspection,,Periodic inspection and serviceability check,13.8,165383,5284.2,5275,Resolved
MR00783,AC060,CMP0445,MA002,PART005,2024-03-09,Corrective,oil pressure drop,Inspect oil pressure sensor and system,31.4,621979,471.1,433,Resolved
MR01072,AC060,CMP0411,MA004,,2024-03-11,Scheduled Inspection,,Routine visual inspection and servicing,6.1,110784,977.6,898,Resolved
MR00040,AC060,CMP0339,MA006,PART018,2024-10-18,Corrective,vibration above limit,Inspect fan/compressor assembly,22.3,424677,1420.3,1305,Resolved
MR01070,AC060,CMP0206,MA004,,2025-02-20,Scheduled Inspection,,Routine system inspection and servicing,9.9,115798,1630.8,1498,Resolved
MR00719,AC060,CMP0473,MA001,,2025-04-02,Scheduled Inspection,high EGT,Inspect temperature sensing circuit,12.3,258716,1950.9,1793,Resolved
MR00261,AC060,CMP0450,MA002,PART036,2025-04-29,Corrective,oil temperature high,Oil system servicing and ground run,79.5,1748956,2074.6,1906,Resolved
MR00334,AC060,CMP0314,MA005,,2025-05-22,Scheduled Inspection,,Detailed inspection and operational check,16.2,154624,2859.0,2627,Recurring
MR00089,AC060,CMP0261,MA005,,2025-10-17,Scheduled Inspection,,Scheduled inspection with ground functional test,16.8,242029,3119.9,2867,Resolved
MR01116,AC060,CMP0462,MA004,PART035,2025-12-11,Preventive Replacement,vibration above limit,Vibration survey and ground run,67.9,963989,3948.4,3628,Resolved
MR01313,AC061,CMP0545,MA001,PART031,2022-11-18,Preventive Replacement,vibration above limit,Inspect bearings and rotating components,62.4,1860271,515.9,500,Resolved
MR00768,AC061,CMP0053,MA002,PART030,2023-04-19,Corrective,high EGT,Inspect temperature sensing circuit,37.8,643793,1224.4,1187,Resolved
MR00349,AC061,CMP0030,MA001,PART038,2023-08-13,Corrective,vibration above limit,Check mounting hardware and fasteners,37.5,1209204,1390.1,1348,Resolved
MR00554,AC061,CMP0527,MA002,PART031,2024-07-07,Corrective,blade erosion,Inspect blade condition,38.9,1289672,2365.1,2293,Resolved
MR01043,AC061,CMP0405,MA003,,2025-08-13,Scheduled Inspection,,Inspection of life-limited components,18.2,481560,2771.4,2686,Resolved
MR00275,AC061,CMP0015,MA003,PART016,2025-11-26,Corrective,oil pressure drop,Inspect oil system and pressure circuit,42.1,1175579,3069.4,2975,Resolved
MR01152,AC062,CMP0482,MA005,,2023-01-27,Scheduled Inspection,,Scheduled inspection and lubrication,14.3,250842,215.8,214,Resolved
MR01045,AC062,CMP0050,MA003,,2023-02-24,Scheduled Inspection,,Detailed inspection and operational check,20.1,367486,1192.4,1184,Deferred
MR00932,AC062,CMP0279,MA003,,2023-08-12,Scheduled Inspection,,Inspection of life-limited components,21.6,588640,1234.9,1226,Resolved
MR00829,AC062,CMP0228,MA005,PART037,2023-10-24,Preventive Replacement,,Replace component based on condition monitoring,67.2,1259235,1918.3,1904,Resolved
MR01016,AC062,CMP0045,MA003,PART018,2023-10-29,Corrective,oil pressure drop,Inspect oil filter and oil lines,75.6,2847895,2455.7,2438,Recurring
MR01021,AC062,CMP0556,MA002,,2023-11-18,Scheduled Inspection,,Scheduled inspection with ground functional test,13.0,149231,2495.1,2477,Resolved
MR01201,AC062,CMP0468,MA004,,2024-01-15,Scheduled Inspection,,Routine visual inspection and servicing,11.5,126558,2655.6,2636,Resolved
MR01118,AC062,CMP0564,MA002,,2024-05-21,Scheduled Inspection,,Scheduled inspection and lubrication,10.3,120367,2803.8,2783,Resolved
MR01135,AC062,CMP0036,MA001,PART035,2024-06-14,Preventive Replacement,,Replace component before service limit,43.4,734755,2968.7,2947,Resolved
MR00974,AC062,CMP0290,MA006,PART008,2024-07-08,Unscheduled Removal,compressor stall,Engine performance inspection,261.0,10167742,3181.0,3158,Resolved
MR00903,AC062,CMP0147,MA002,,2024-11-23,Scheduled Inspection,,Functional inspection and condition assessment,9.9,107820,3584.5,3558,Resolved
MR00649,AC062,CMP0269,MA006,,2025-06-03,Scheduled Inspection,,Detailed inspection and operational check,5.7,95909,3634.9,3608,Resolved
MR00766,AC062,CMP0444,MA006,PART039,2025-09-01,Corrective,oil pressure drop,Check for oil leakage and pressure stability,16.0,288299,3784.3,3756,Resolved
MR00755,AC062,CMP0459,MA002,PART017,2025-12-18,Preventive Replacement,,Preventive replacement with operational check,43.9,757083,3894.0,3865,Resolved
MR00267,AC062,CMP0088,MA003,,2026-04-13,Scheduled Inspection,,Routine system inspection and servicing,12.2,137822,3992.5,3963,Resolved
MR00306,AC063,CMP0538,MA001,PART024,2025-06-05,Preventive Replacement,high EGT,Inspect turbine section and EGT indication,61.9,1351901,650.0,550,Resolved
MR00494,AC063,CMP0515,MA003,PART032,2025-07-27,Preventive Replacement,,Planned replacement and post-maintenance test,87.6,2238241,1106.3,936,Resolved
MR00362,AC063,CMP0597,MA003,,2025-10-08,Scheduled Inspection,,Detailed inspection and operational check,16.9,269427,1826.3,1546,Resolved
MR00763,AC063,CMP0203,MA004,,2026-01-27,Scheduled Inspection,,Inspection of life-limited components,13.5,243894,1887.5,1597,Resolved
MR01291,AC064,CMP0222,MA006,PART038,2023-03-11,Corrective,blade erosion,Borescope inspection of blade surfaces,140.0,4210247,560.8,479,Resolved
MR00432,AC064,CMP0245,MA003,PART030,2023-03-27,Corrective,oil temperature high,Oil system servicing and ground run,19.6,847201,771.9,660,Resolved
MR01167,AC064,CMP0485,MA003,PART028,2023-04-11,Unscheduled Removal,vibration above limit,Vibration survey and ground run,278.9,10957139,914.6,782,Resolved
MR01274,AC064,CMP0076,MA005,,2023-06-15,Scheduled Inspection,,Scheduled inspection and lubrication,16.8,245938,957.0,818,Resolved
MR00468,AC064,CMP0256,MA001,PART022,2023-09-03,Preventive Replacement,,Replace worn component and functional test,45.7,676723,1205.9,1031,Recurring
MR01500,AC064,CMP0072,MA003,PART036,2024-02-25,Unscheduled Removal,oil pressure drop,Inspect oil pump and associated plumbing,122.4,9859818,1387.8,1186,Resolved
MR00313,AC064,CMP0116,MA001,,2024-03-19,Scheduled Inspection,,Functional inspection and condition assessment,16.3,177504,1580.7,1351,Resolved
MR01421,AC064,CMP0220,MA006,PART024,2024-09-18,Preventive Replacement,fuel flow anomaly,Inspect fuel metering system and ground run,40.3,667121,1797.3,1536,Resolved
MR00735,AC064,CMP0296,MA003,PART011,2024-10-22,Preventive Replacement,,Replace ageing component and inspect surrounding system,74.0,1726382,2108.4,1802,Resolved
MR00176,AC064,CMP0239,MA005,,2025-03-29,Scheduled Inspection,,Detailed inspection and operational check,6.9,86010,2350.5,2009,Resolved
MR00399,AC064,CMP0408,MA002,PART039,2025-03-31,Preventive Replacement,,Scheduled component replacement,75.6,1082234,2925.5,2500,Resolved
MR00460,AC064,CMP0327,MA005,PART019,2026-03-30,Corrective,blade erosion,Remove affected assembly for overhaul,76.4,3130245,3235.9,2766,Resolved
MR00647,AC064,CMP0408,MA001,,2026-06-03,Scheduled Inspection,compressor stall,Inspect compressor stages for damage,12.0,270611,3473.1,2968,Deferred
MR01187,AC065,CMP0520,MA001,PART025,2023-06-09,Preventive Replacement,,Replace worn component and functional test,54.3,1080754,367.3,383,Resolved
MR00391,AC065,CMP0373,MA001,,2023-09-07,Scheduled Inspection,,Routine visual inspection and servicing,8.6,105291,467.7,488,Resolved
MR00295,AC065,CMP0256,MA006,,2023-11-10,Scheduled Inspection,fuel flow anomaly,Fuel system functional test,8.9,110355,514.2,537,Recurring
MR00770,AC065,CMP0017,MA004,PART034,2023-12-10,Corrective,high EGT,Inspect turbine section and EGT indication,14.9,352768,522.0,545,Recurring
MR00314,AC065,CMP0494,MA006,PART013,2024-06-06,Corrective,high EGT,Borescope inspection of hot section,15.6,261272,911.8,951,Resolved
MR00562,AC065,CMP0184,MA005,PART023,2024-06-16,Corrective,,Repair defect and complete functional check,64.9,2495259,1153.9,1204,Resolved
MR00281,AC065,CMP0348,MA002,,2024-12-15,Scheduled Inspection,,Scheduled inspection with ground functional test,7.3,79051,1570.0,1638,Resolved
MR01470,AC065,CMP0159,MA006,,2025-03-20,Scheduled Inspection,,Periodic inspection and serviceability check,8.0,99794,2287.9,2387,Resolved
MR00094,AC065,CMP0131,MA001,PART032,2025-11-19,Corrective,oil pressure drop,Check oil level and pressure indication,89.8,2481912,2510.3,2619,Resolved
MR00989,AC065,CMP0598,MA004,PART024,2026-02-16,Preventive Replacement,high EGT,Inspect temperature sensing circuit,57.4,1437187,2570.5,2682,Resolved
MR00312,AC066,CMP0422,MA003,,2022-06-18,Scheduled Inspection,high EGT,Engine performance check and trend monitoring,11.5,177346,1551.0,1478,Resolved
MR00631,AC066,CMP0399,MA003,,2023-08-29,Scheduled Inspection,,Scheduled inspection and lubrication,14.0,207845,2122.7,2023,Resolved
MR00321,AC066,CMP0286,MA006,PART023,2023-11-26,Unscheduled Removal,fuel flow anomaly,Fuel nozzle inspection and test,171.8,4391332,2514.2,2396,Resolved
MR00578,AC066,CMP0311,MA004,PART030,2025-01-05,Corrective,compressor stall,Engine performance inspection,72.4,3902076,2875.3,2740,Resolved
MR00326,AC067,CMP0569,MA006,PART034,2023-05-04,Corrective,oil pressure drop,Inspect oil pump and associated plumbing,24.6,498697,999.9,800,Resolved
MR00736,AC067,CMP0178,MA002,PART022,2023-07-21,Corrective,high EGT,Inspect temperature sensing circuit,63.7,1042877,1761.4,1409,Resolved
MR01355,AC067,CMP0093,MA002,PART016,2023-07-21,Preventive Replacement,vibration above limit,Inspect bearings and rotating components,57.0,829450,2977.6,2382,Recurring
MR00771,AC067,CMP0084,MA002,PART039,2023-12-13,Corrective,blade erosion,Inspect blade leading edges and clearances,28.1,846963,3141.0,2513,Resolved
MR00410,AC067,CMP0472,MA001,,2024-02-05,Scheduled Inspection,,Inspection of life-limited components,8.6,110887,3301.3,2641,Resolved
MR00489,AC067,CMP0276,MA001,PART036,2024-02-20,Corrective,vibration above limit,Inspect bearings and rotating components,44.9,1019312,3877.0,3101,Resolved
MR01262,AC067,CMP0023,MA002,PART029,2024-09-20,Preventive Replacement,blade erosion,Inspect blade condition,81.2,1630927,4508.3,3606,Resolved
MR01075,AC067,CMP0363,MA001,PART016,2026-02-18,Corrective,high EGT,Inspect compressor condition and repeat engine run,61.4,1544253,5603.6,4483,Resolved
MR00118,AC068,CMP0231,MA002,PART020,2023-03-02,Corrective,oil pressure drop,Inspect oil system and pressure circuit,25.8,410352,308.1,330,Deferred
MR00287,AC068,CMP0161,MA006,PART029,2023-07-14,Corrective,high EGT,Compressor wash and EGT trend check,71.9,1790503,418.6,448,Resolved
MR00160,AC068,CMP0383,MA004,,2023-08-18,Scheduled Inspection,,Routine system inspection and servicing,12.4,162093,659.1,706,Resolved
MR00338,AC068,CMP0600,MA005,,2023-09-27,Scheduled Inspection,,Inspection of life-limited components,13.2,137912,751.8,805,Resolved
MR00025,AC068,CMP0194,MA001,PART010,2023-10-02,Corrective,blade erosion,Replace affected blade and perform ground run,36.0,1209569,845.6,905,Resolved
MR00504,AC068,CMP0365,MA006,PART028,2024-03-09,Corrective,high EGT,Inspect turbine section and EGT indication,35.7,620600,924.5,990,Resolved
MR00104,AC068,CMP0401,MA002,PART034,2024-03-24,Corrective,vibration above limit,Check mounting hardware and fasteners,30.2,644355,954.7,1022,Recurring
MR01076,AC068,CMP0057,MA004,,2024-04-29,Scheduled Inspection,,Periodic inspection and serviceability check,10.3,155795,971.7,1040,Resolved
MR00873,AC068,CMP0220,MA006,PART025,2024-12-13,Corrective,fuel flow anomaly,Check fuel flow indication and control unit,81.4,2597288,1084.1,1161,Resolved
MR00965,AC068,CMP0376,MA001,PART023,2025-02-06,Corrective,fuel flow anomaly,Fuel system functional test,29.5,448722,1290.7,1382,Resolved
MR00866,AC068,CMP0272,MA001,PART012,2025-07-08,Preventive Replacement,,Replace component before service limit,64.6,1548151,1343.9,1439,Deferred
MR00398,AC068,CMP0050,MA002,PART009,2025-07-14,Preventive Replacement,vibration above limit,Vibration survey and ground run,38.0,659350,1570.4,1681,Deferred
MR00586,AC068,CMP0146,MA002,,2025-08-25,Scheduled Inspection,,Scheduled inspection and lubrication,6.6,68822,1846.0,1976,Resolved
MR01353,AC068,CMP0159,MA002,PART019,2025-09-11,Corrective,blade erosion,Blade dimensional inspection,44.9,1200802,1917.4,2053,Recurring
MR01058,AC068,CMP0576,MA002,PART037,2025-11-08,Unscheduled Removal,high EGT,Inspect compressor condition and repeat engine run,289.0,12532716,1929.6,2066,Resolved
MR01064,AC069,CMP0390,MA003,,2024-06-20,Scheduled Inspection,,Periodic inspection and serviceability check,17.0,283963,492.2,504,Resolved
MR00904,AC069,CMP0525,MA003,,2025-07-09,Scheduled Inspection,,Periodic inspection and serviceability check,13.4,295765,669.2,686,Resolved
MR00629,AC069,CMP0099,MA002,,2025-08-21,Scheduled Inspection,,Routine system inspection and servicing,13.1,158070,1720.9,1763,Resolved
MR01280,AC069,CMP0353,MA005,PART032,2026-05-23,Preventive Replacement,high EGT,Borescope inspection of hot section,82.8,2035838,2313.8,2371,Resolved
MR00077,AC070,CMP0483,MA004,,2023-05-27,Scheduled Inspection,oil pressure drop,Inspect oil filter and oil lines,8.2,183080,141.9,133,Resolved
MR01074,AC070,CMP0204,MA001,PART038,2023-09-30,Corrective,vibration above limit,Vibration survey and ground run,43.3,872523,870.8,815,Resolved
MR01258,AC070,CMP0543,MA001,,2024-04-09,Scheduled Inspection,,Inspection of life-limited components,9.3,215132,1981.6,1854,Resolved
MR01497,AC071,CMP0590,MA002,PART008,2023-02-02,Corrective,vibration above limit,Inspect bearings and rotating components,41.1,527177,441.9,390,Resolved
MR00330,AC071,CMP0280,MA006,PART026,2023-02-12,Preventive Replacement,,Replace worn component and functional test,32.2,338030,606.7,535,Resolved
MR00217,AC071,CMP0164,MA003,PART012,2023-02-20,Corrective,oil pressure drop,Inspect oil filter and oil lines,25.8,1011296,949.9,837,Resolved
MR00795,AC071,CMP0382,MA005,PART022,2023-04-29,Corrective,fuel flow anomaly,Fuel system pressure and flow check,30.6,892719,1767.9,1558,Resolved
MR00680,AC071,CMP0512,MA001,PART011,2023-05-22,Corrective,blade erosion,Replace affected blade and perform ground run,152.1,4570724,2392.3,2109,Resolved
MR00006,AC071,CMP0091,MA002,PART002,2023-06-28,Unscheduled Removal,high EGT,Compressor wash and EGT trend check,226.1,8858787,2458.4,2167,Resolved
MR00474,AC071,CMP0591,MA003,,2024-03-24,Scheduled Inspection,,Periodic inspection and serviceability check,13.4,185973,2753.3,2427,Resolved
MR01376,AC071,CMP0023,MA003,,2024-09-13,Scheduled Inspection,,Routine system inspection and servicing,17.6,456410,2846.4,2509,Resolved
MR00657,AC071,CMP0552,MA001,,2025-01-30,Scheduled Inspection,,Periodic inspection and serviceability check,15.6,176758,3007.9,2652,Resolved
MR00691,AC071,CMP0300,MA001,PART039,2025-03-21,Corrective,high EGT,Inspect fuel nozzle and combustion section,100.6,3489346,3667.4,3233,Resolved
MR01015,AC071,CMP0248,MA002,,2025-04-21,Scheduled Inspection,,Scheduled inspection and lubrication,11.7,159922,3961.2,3492,Resolved
MR00804,AC071,CMP0434,MA002,PART008,2025-10-07,Corrective,high EGT,Fault isolated and corrective maintenance completed,68.3,2066590,4063.4,3582,Resolved
MR00070,AC071,CMP0191,MA003,,2025-10-26,Scheduled Inspection,,Routine visual inspection and servicing,13.2,354472,4260.1,3755,Resolved
MR01047,AC072,CMP0440,MA001,,2023-12-04,Scheduled Inspection,,Scheduled inspection with ground functional test,12.8,267854,470.6,506,Resolved
MR01198,AC072,CMP0300,MA003,PART037,2024-06-16,Unscheduled Removal,oil pressure drop,Oil system servicing and ground run,254.2,27153260,588.2,632,Deferred
MR01463,AC072,CMP0238,MA002,PART022,2024-08-30,Corrective,high EGT,Compressor wash and EGT trend check,51.7,1322420,825.2,887,Resolved
MR01477,AC072,CMP0189,MA003,PART017,2024-11-15,Corrective,vibration above limit,Check mounting hardware and fasteners,68.9,2958682,951.8,1023,Resolved
MR00970,AC072,CMP0352,MA002,PART025,2025-01-03,Preventive Replacement,,Replace ageing component and inspect surrounding system,54.4,658537,1090.5,1172,Resolved
MR00302,AC072,CMP0424,MA005,PART023,2025-01-17,Unscheduled Removal,high EGT,Engine performance check and trend monitoring,194.3,8786785,1637.2,1760,Resolved
MR00993,AC072,CMP0336,MA001,PART035,2025-02-02,Corrective,oil pressure drop,Check oil level and pressure indication,26.1,833631,1857.6,1997,Resolved
MR01359,AC072,CMP0471,MA002,,2025-02-10,Scheduled Inspection,,Routine system inspection and servicing,7.9,98055,2160.4,2323,Resolved
MR01205,AC072,CMP0183,MA001,PART021,2025-05-10,Unscheduled Removal,vibration above limit,Check mounting hardware and fasteners,229.8,12339457,2377.5,2556,Recurring
MR00031,AC072,CMP0452,MA001,,2025-07-02,Scheduled Inspection,,Detailed inspection and operational check,7.0,153302,2418.0,2600,Resolved
MR01377,AC072,CMP0311,MA006,PART034,2025-07-26,Corrective,high EGT,Borescope inspection of hot section,28.0,453312,2482.6,2669,Recurring
MR00145,AC072,CMP0464,MA006,,2025-07-30,Scheduled Inspection,,Inspection of life-limited components,8.0,123038,3027.2,3255,Resolved
MR00069,AC073,CMP0058,MA004,,2023-08-30,Scheduled Inspection,,Inspection of life-limited components,8.8,102573,699.6,721,Resolved
MR00569,AC073,CMP0454,MA005,PART027,2024-03-27,Unscheduled Removal,fuel flow anomaly,Inspect fuel control and flow indication,202.3,11917701,955.2,985,Resolved
MR00279,AC073,CMP0480,MA006,,2024-06-06,Scheduled Inspection,,Inspection of life-limited components,16.4,150509,1066.3,1100,Resolved
MR00739,AC073,CMP0436,MA002,PART026,2024-07-19,Corrective,high EGT,Inspect compressor condition and repeat engine run,56.9,1143946,1103.8,1138,Resolved
MR00105,AC073,CMP0358,MA002,,2024-08-15,Scheduled Inspection,,Routine system inspection and servicing,9.7,120662,2147.3,2215,Resolved
MR01188,AC073,CMP0544,MA002,PART025,2025-02-23,Corrective,high EGT,Inspect compressor condition and repeat engine run,19.7,528374,2220.7,2290,Resolved
MR00132,AC074,CMP0185,MA005,,2024-02-04,Scheduled Inspection,,Detailed inspection and operational check,16.5,220779,199.1,239,Resolved
MR00910,AC074,CMP0171,MA004,PART015,2025-02-21,Preventive Replacement,,Planned replacement and post-maintenance test,64.2,1020516,348.8,419,Resolved
MR00404,AC074,CMP0464,MA001,PART014,2025-06-23,Corrective,oil pressure drop,Check oil level and pressure indication,46.5,989953,464.7,558,Resolved
MR00947,AC074,CMP0566,MA004,PART012,2025-10-22,Corrective,oil pressure drop,Inspect oil system and pressure circuit,18.8,561008,717.5,861,Recurring
MR01237,AC074,CMP0199,MA002,,2025-11-28,Scheduled Inspection,fuel flow anomaly,Fuel nozzle inspection and test,6.8,85465,1737.5,2085,Resolved
MR01110,AC075,CMP0260,MA001,,2022-09-21,Scheduled Inspection,,Periodic inspection and serviceability check,18.0,292531,219.8,228,Resolved
MR01235,AC075,CMP0243,MA001,PART021,2023-04-13,Preventive Replacement,,Preventive replacement of life-limited component,36.9,495774,345.2,358,Resolved
MR01006,AC075,CMP0586,MA001,PART022,2023-04-20,Preventive Replacement,fuel flow anomaly,Fuel system pressure and flow check,33.6,632070,504.6,524,Recurring
MR00951,AC075,CMP0027,MA003,,2023-07-16,Scheduled Inspection,blade erosion,Replace affected blade set,17.0,621318,694.8,721,Resolved
MR00964,AC075,CMP0482,MA004,PART010,2023-08-15,Preventive Replacement,compressor stall,Inspect compressor stages for damage,27.0,841523,800.1,830,Resolved
MR00200,AC075,CMP0326,MA003,PART008,2023-09-18,Preventive Replacement,blade erosion,Remove affected assembly for overhaul,76.2,3177018,840.9,873,Resolved
MR00299,AC075,CMP0435,MA001,PART020,2023-11-07,Preventive Replacement,blade erosion,Remove affected assembly for overhaul,50.4,2240725,1001.8,1040,Resolved
MR01095,AC075,CMP0156,MA003,,2023-11-21,Scheduled Inspection,oil pressure drop,Inspect oil pump and associated plumbing,13.5,499054,1315.4,1365,Resolved
MR00253,AC075,CMP0519,MA003,PART015,2023-11-22,Corrective,oil pressure drop,Inspect oil pump and associated plumbing,50.5,1036451,1370.5,1422,Resolved
MR00442,AC075,CMP0037,MA002,,2023-12-08,Scheduled Inspection,,Routine visual inspection and servicing,6.7,69134,1501.6,1558,Resolved
MR01243,AC075,CMP0485,MA003,PART028,2023-12-11,Unscheduled Removal,compressor stall,Ground run and compressor response check,419.6,24702846,1667.4,1730,Resolved
MR00131,AC075,CMP0330,MA004,PART040,2024-01-10,Corrective,high EGT,Inspect temperature sensing circuit,95.2,2202865,1734.9,1800,Resolved
MR00127,AC075,CMP0375,MA003,,2024-01-21,Scheduled Inspection,,Routine system inspection and servicing,14.8,193513,1923.9,1997,Recurring
MR00777,AC075,CMP0530,MA006,,2024-02-08,Scheduled Inspection,,Functional inspection and condition assessment,9.6,110346,2159.0,2241,Resolved
MR00141,AC075,CMP0404,MA001,PART011,2024-04-08,Corrective,blade erosion,Replace affected blade set,89.4,3466076,2290.2,2377,Resolved
MR01017,AC075,CMP0597,MA002,,2024-11-19,Scheduled Inspection,,Detailed inspection and operational check,9.6,79250,2473.8,2567,Resolved
MR00356,AC075,CMP0474,MA004,,2024-12-05,Scheduled Inspection,,Functional inspection and condition assessment,11.9,161496,2559.5,2656,Resolved
MR01249,AC075,CMP0462,MA006,PART035,2025-04-08,Corrective,blade erosion,Inspect blade leading edges and clearances,33.6,676405,2588.0,2686,Resolved
MR00071,AC075,CMP0162,MA006,,2025-04-16,Scheduled Inspection,,Scheduled inspection and lubrication,8.2,102244,2627.3,2727,Resolved
MR00780,AC075,CMP0537,MA006,PART020,2025-06-07,Corrective,vibration above limit,Inspect fan/compressor assembly,27.8,483083,2984.4,3097,Resolved
MR00589,AC075,CMP0279,MA002,PART019,2026-01-17,Corrective,oil pressure drop,Inspect oil filter and oil lines,39.7,714933,3221.4,3343,Resolved
MR00470,AC075,CMP0526,MA001,PART024,2026-05-16,Corrective,fuel flow anomaly,Check fuel flow sensor and wiring,27.7,506237,3258.0,3381,Resolved
MR01083,AC075,CMP0373,MA006,PART003,2026-05-27,Corrective,fuel flow anomaly,Inspect fuel lines and metering unit,42.0,943462,3290.8,3415,Recurring
MR01124,AC076,CMP0527,MA001,PART028,2022-02-24,Preventive Replacement,vibration above limit,Inspect fan/compressor assembly,60.1,1368436,392.1,406,Resolved
MR00444,AC076,CMP0372,MA002,PART038,2022-11-29,Corrective,blade erosion,Blade dimensional inspection,76.4,2053230,1084.2,1122,Resolved
MR00481,AC076,CMP0202,MA001,,2023-05-08,Scheduled Inspection,,Routine visual inspection and servicing,13.3,181600,1215.0,1257,Resolved
MR00784,AC076,CMP0011,MA003,PART031,2023-06-02,Corrective,vibration above limit,Inspect rotating assembly and vibration sensors,52.3,1697312,1271.9,1316,Resolved
MR01003,AC076,CMP0251,MA006,,2023-06-08,Scheduled Inspection,,Functional inspection and condition assessment,11.7,254364,1510.7,1563,Resolved
MR00953,AC076,CMP0207,MA002,,2023-06-21,Scheduled Inspection,,Inspection of life-limited components,7.9,74386,1829.2,1893,Resolved
MR00262,AC076,CMP0533,MA006,PART032,2023-09-08,Corrective,oil temperature high,Inspect oil cooling circuit,35.3,715196,2027.4,2098,Resolved
MR00107,AC076,CMP0216,MA004,PART035,2023-10-05,Corrective,vibration above limit,Inspect rotating assembly and vibration sensors,41.6,1640524,2204.0,2281,Resolved
MR00417,AC076,CMP0282,MA001,PART037,2023-10-11,Unscheduled Removal,compressor stall,Inspect compressor stages for damage,166.7,8631754,2247.4,2326,Resolved
MR00451,AC076,CMP0511,MA006,PART004,2023-11-21,Preventive Replacement,fuel flow anomaly,Inspect fuel metering system and ground run,41.0,682717,2489.7,2576,Resolved
MR01402,AC076,CMP0502,MA001,PART022,2024-04-10,Corrective,high EGT,Borescope inspection of hot section,31.6,1259911,2690.8,2785,Resolved
MR00446,AC076,CMP0357,MA004,PART021,2024-08-05,Preventive Replacement,high EGT,Inspect temperature sensing circuit,63.3,1646999,2780.5,2877,Resolved
MR00808,AC076,CMP0395,MA003,PART031,2024-12-11,Corrective,vibration above limit,Inspect engine mounts and rotating assembly,49.7,1543232,2810.9,2909,Resolved
MR00818,AC076,CMP0212,MA003,PART013,2025-02-24,Preventive Replacement,,Replace component before service limit,60.7,1408706,2893.6,2994,Resolved
MR01371,AC076,CMP0246,MA003,PART038,2025-03-12,Corrective,high EGT,Compressor wash and EGT trend check,56.1,1886958,3016.3,3121,Resolved
MR00896,AC076,CMP0405,MA001,,2025-03-25,Scheduled Inspection,,Detailed inspection and operational check,16.7,209388,3227.9,3340,Recurring
MR00911,AC076,CMP0165,MA006,PART017,2025-04-14,Unscheduled Removal,compressor stall,Inspect compressor stages for damage,462.2,21490230,3469.2,3590,Resolved
MR01162,AC076,CMP0497,MA001,PART029,2025-04-14,Corrective,blade erosion,Replace affected blade and perform ground run,24.9,707773,3581.6,3706,Resolved
MR01266,AC076,CMP0112,MA002,PART026,2025-05-05,Corrective,high EGT,Inspect fuel nozzle and combustion section,20.5,644245,3685.9,3814,Resolved
MR00573,AC076,CMP0390,MA003,,2025-05-24,Scheduled Inspection,,Routine system inspection and servicing,13.5,311875,3959.7,4098,Recurring
MR00292,AC076,CMP0144,MA002,PART039,2025-06-21,Corrective,high EGT,Engine performance check and trend monitoring,21.7,528198,4123.0,4267,Resolved
MR01120,AC076,CMP0351,MA003,PART017,2025-07-08,Corrective,vibration above limit,Check mounting hardware and fasteners,18.5,938117,4322.2,4473,Resolved
MR00165,AC076,CMP0509,MA002,PART031,2025-09-07,Corrective,blade erosion,Replace affected blade and perform ground run,76.3,2173360,4412.8,4567,Resolved
MR00527,AC076,CMP0093,MA005,,2025-10-27,Scheduled Inspection,,Routine system inspection and servicing,17.9,238255,4682.6,4846,Resolved
MR01154,AC076,CMP0021,MA001,PART015,2026-08-24,Preventive Replacement,,Replace worn component and functional test,63.9,1007167,4753.0,4919,Resolved
MR00933,AC077,CMP0314,MA001,PART011,2022-11-21,Preventive Replacement,,Replace ageing component and inspect surrounding system,89.5,1881049,350.3,345,Resolved
MR01042,AC077,CMP0537,MA001,,2023-01-20,Scheduled Inspection,,Periodic inspection and serviceability check,12.2,122184,367.6,362,Resolved
MR01306,AC077,CMP0482,MA005,PART010,2023-02-04,Preventive Replacement,vibration above limit,Inspect bearings and rotating components,63.2,1839597,426.6,420,Resolved
MR00826,AC077,CMP0252,MA006,,2023-02-19,Scheduled Inspection,,Detailed inspection and operational check,12.6,139143,442.3,436,Resolved
MR00764,AC077,CMP0551,MA004,,2023-02-24,Scheduled Inspection,,Scheduled inspection and lubrication,14.6,190486,527.8,520,Resolved
MR00699,AC077,CMP0533,MA003,PART032,2023-03-25,Corrective,blade erosion,Remove affected assembly for overhaul,65.2,3233635,661.8,652,Resolved
MR00943,AC077,CMP0204,MA006,PART038,2023-04-16,Corrective,,Fault isolation and corrective repair,17.9,279641,752.5,741,Resolved
MR00227,AC077,CMP0122,MA003,PART012,2023-08-12,Unscheduled Removal,compressor stall,Inspect compressor stages for damage,315.0,20571823,791.6,780,Resolved
MR00594,AC077,CMP0262,MA003,,2023-08-12,Scheduled Inspection,,Scheduled inspection and lubrication,20.5,519284,807.3,795,Resolved
MR00412,AC077,CMP0174,MA003,PART035,2023-10-30,Preventive Replacement,oil temperature high,Inspect oil cooler performance,65.0,2377026,846.0,833,Resolved
MR00961,AC077,CMP0230,MA005,PART014,2023-11-02,Corrective,blade erosion,Replace affected blade set,45.1,1927208,938.7,925,Resolved
MR00731,AC077,CMP0084,MA002,PART039,2023-11-26,Unscheduled Removal,high EGT,Borescope inspection of hot section,177.4,4919534,960.4,946,Resolved
MR01408,AC077,CMP0520,MA006,PART026,2023-11-28,Corrective,high EGT,Inspect compressor condition and repeat engine run,58.6,1167026,970.4,956,Resolved
MR00205,AC077,CMP0202,MA004,,2023-12-16,Scheduled Inspection,,Inspection of life-limited components,10.0,174819,1016.7,1001,Resolved
MR01423,AC077,CMP0195,MA003,PART016,2023-12-23,Unscheduled Removal,high EGT,Compressor wash and EGT trend check,334.7,16775683,1033.0,1017,Resolved
MR01203,AC077,CMP0254,MA002,PART009,2024-02-09,Corrective,,Replace affected component and retest,28.2,477510,1104.4,1088,Resolved
MR00357,AC077,CMP0049,MA001,,2024-03-01,Scheduled Inspection,high EGT,Inspect temperature sensing circuit,7.3,116800,1155.5,1138,Resolved
MR00807,AC077,CMP0575,MA002,,2024-03-27,Scheduled Inspection,,Routine visual inspection and servicing,10.4,107934,1200.4,1182,Resolved
MR00181,AC077,CMP0448,MA004,PART027,2024-06-14,Corrective,fuel flow anomaly,Fuel nozzle inspection and test,53.0,1633763,1434.8,1413,Resolved
MR00883,AC077,CMP0006,MA001,PART036,2024-07-19,Preventive Replacement,oil temperature high,Cooling system functional check,76.9,1697417,1514.7,1492,Resolved
MR01061,AC077,CMP0140,MA001,PART012,2024-09-07,Unscheduled Removal,oil pressure drop,Check oil level and pressure indication,511.6,20615980,1516.9,1494,Resolved
MR00794,AC077,CMP0230,MA001,,2024-09-09,Scheduled Inspection,,Scheduled inspection and lubrication,7.4,146490,1729.0,1703,Resolved
MR01419,AC077,CMP0132,MA003,PART037,2024-09-15,Corrective,oil pressure drop,Inspect oil system and pressure circuit,35.3,670704,1787.6,1761,Resolved
MR00318,AC077,CMP0423,MA003,,2024-10-31,Scheduled Inspection,,Functional inspection and condition assessment,19.2,519358,1828.6,1801,Resolved
MR00133,AC077,CMP0547,MA001,,2025-01-01,Scheduled Inspection,,Routine system inspection and servicing,14.8,210460,1896.1,1867,Resolved
MR00981,AC077,CMP0593,MA001,,2025-01-08,Scheduled Inspection,,Scheduled inspection with ground functional test,18.6,335425,1914.3,1885,Resolved
MR00019,AC077,CMP0491,MA002,,2025-01-26,Scheduled Inspection,vibration above limit,Balance rotating assembly and perform functional test,17.4,245902,1963.8,1934,Resolved
MR01409,AC077,CMP0328,MA001,,2025-02-06,Scheduled Inspection,fuel flow anomaly,Check fuel flow indication and control unit,11.9,185140,2083.5,2052,Resolved
MR00882,AC077,CMP0173,MA006,PART034,2025-03-20,Corrective,blade erosion,Inspect blade leading edges and clearances,42.1,1518490,2126.8,2095,Deferred
MR01310,AC077,CMP0256,MA004,,2025-04-24,Scheduled Inspection,,Functional inspection and condition assessment,17.5,358868,2161.4,2129,Resolved
MR01451,AC077,CMP0407,MA002,,2025-04-24,Scheduled Inspection,,Detailed inspection and operational check,5.5,102314,2189.5,2156,Resolved
MR01413,AC077,CMP0117,MA006,PART019,2025-04-26,Preventive Replacement,,Preventive replacement of life-limited component,32.2,432259,2295.8,2261,Resolved
MR01109,AC077,CMP0322,MA001,PART024,2025-05-03,Corrective,high EGT,Check EGT indication and carry out ground run,41.3,1066835,2368.5,2333,Resolved
MR00376,AC077,CMP0138,MA003,PART037,2025-05-06,Corrective,vibration above limit,Inspect rotating assembly and vibration sensors,48.6,1486299,2580.9,2542,Resolved
MR00945,AC077,CMP0093,MA003,PART016,2025-05-19,Corrective,oil pressure drop,Inspect oil pressure sensor and system,46.9,1786130,2770.4,2729,Resolved
MR00601,AC077,CMP0141,MA006,PART021,2025-06-02,Corrective,oil pressure drop,Inspect oil pump and associated plumbing,65.3,1497574,2816.4,2774,Resolved
MR00049,AC077,CMP0332,MA003,PART011,2025-07-05,Preventive Replacement,blade erosion,Replace affected blade and perform ground run,93.6,2180760,2904.8,2861,Resolved
MR00986,AC077,CMP0424,MA001,,2025-07-15,Scheduled Inspection,,Routine system inspection and servicing,17.3,167637,2944.4,2900,Resolved
MR00204,AC077,CMP0363,MA001,PART015,2026-03-14,Corrective,high EGT,Inspect temperature sensing circuit,21.9,646651,2978.7,2934,Resolved
MR01010,AC077,CMP0423,MA001,,2026-05-26,Scheduled Inspection,oil pressure drop,Service oil system and verify pressure,11.2,247530,3010.9,2965,Resolved
MR01312,AC077,CMP0064,MA006,,2026-06-22,Scheduled Inspection,,Periodic inspection and serviceability check,11.1,130216,3040.1,2994,Resolved
MR01223,AC077,CMP0215,MA003,,2026-06-30,Scheduled Inspection,,Detailed inspection and operational check,19.3,560532,3160.4,3113,Resolved
MR00430,AC077,CMP0508,MA003,,2026-07-16,Scheduled Inspection,,Scheduled inspection with ground functional test,15.7,524924,3194.3,3146,Resolved
MR00358,AC077,CMP0312,MA006,,2026-07-23,Scheduled Inspection,,Routine visual inspection and servicing,7.8,123440,3234.9,3186,Resolved
MR01087,AC077,CMP0051,MA003,,2026-08-02,Scheduled Inspection,,Functional inspection and condition assessment,15.3,342408,3306.5,3257,Resolved
MR00373,AC078,CMP0587,MA002,,2022-10-26,Scheduled Inspection,blade erosion,Replace affected blade and perform ground run,11.7,183242,262.4,282,Deferred
MR00138,AC078,CMP0519,MA001,PART016,2022-11-04,Preventive Replacement,compressor stall,Inspect compressor blades and inlet section,67.4,2216527,413.6,444,Resolved
MR00847,AC078,CMP0499,MA001,PART002,2023-06-13,Unscheduled Removal,oil pressure drop,Service oil system and verify pressure,113.0,4356710,748.0,803,Recurring
MR00263,AC078,CMP0540,MA002,,2023-06-15,Scheduled Inspection,,Inspection of life-limited components,13.5,213524,829.3,890,Resolved
MR00835,AC078,CMP0280,MA001,PART025,2024-01-23,Preventive Replacement,fuel flow anomaly,Inspect fuel lines and metering unit,53.3,1195968,900.6,967,Resolved
MR01052,AC078,CMP0483,MA003,PART015,2024-06-01,Preventive Replacement,,Preventive replacement with operational check,70.4,1631459,902.7,969,Resolved
MR00686,AC078,CMP0382,MA001,PART026,2024-06-22,Preventive Replacement,,Replace component based on condition monitoring,83.4,1063557,1124.6,1207,Resolved
MR00260,AC078,CMP0149,MA003,PART033,2024-10-19,Corrective,compressor stall,Inspect variable geometry mechanism,91.6,4191771,1340.8,1439,Resolved
MR00388,AC078,CMP0376,MA002,,2024-12-02,Scheduled Inspection,,Detailed inspection and operational check,10.9,78059,1652.8,1774,Resolved
MR00621,AC078,CMP0117,MA003,PART021,2025-01-03,Corrective,compressor stall,Compressor wash and functional test,20.8,1104070,1764.7,1894,Resolved
MR01146,AC078,CMP0086,MA001,,2025-11-12,Scheduled Inspection,vibration above limit,Vibration survey and ground run,10.2,185630,1892.8,2032,Resolved
MR00918,AC078,CMP0192,MA006,PART040,2025-12-02,Corrective,oil temperature high,Cooling system functional check,73.6,2550112,2179.5,2340,Resolved
MR00112,AC078,CMP0261,MA002,,2026-04-08,Scheduled Inspection,,Periodic inspection and serviceability check,10.6,102968,2273.7,2441,Resolved
MR00968,AC078,CMP0119,MA003,PART032,2026-05-24,Preventive Replacement,compressor stall,Engine performance inspection,77.9,3451025,2415.7,2593,Resolved
MR01414,AC079,CMP0143,MA006,PART029,2022-10-12,Unscheduled Removal,compressor stall,Engine performance inspection,243.7,6427621,534.3,564,Recurring
MR01179,AC079,CMP0526,MA001,PART022,2023-08-04,Corrective,fuel flow anomaly,Check fuel flow indication and control unit,35.7,618828,815.6,861,Resolved
MR00920,AC079,CMP0382,MA006,PART023,2024-01-11,Corrective,fuel flow anomaly,Fuel nozzle inspection and test,81.2,2063781,960.1,1014,Resolved
MR01373,AC079,CMP0343,MA006,PART003,2024-01-26,Corrective,oil temperature high,Inspect oil cooling circuit,25.7,757356,1335.9,1411,Resolved
MR01424,AC079,CMP0006,MA001,PART036,2024-08-14,Corrective,high EGT,Check EGT indication and carry out ground run,26.5,856246,1511.0,1596,Resolved
MR00418,AC079,CMP0036,MA005,PART036,2024-11-11,Corrective,compressor stall,Compressor wash and functional test,72.4,2616394,1893.1,2000,Resolved
MR00059,AC079,CMP0348,MA006,PART039,2025-05-31,Preventive Replacement,oil temperature high,Cooling system functional check,57.3,693230,2130.6,2251,Recurring
MR00721,AC079,CMP0238,MA002,PART026,2025-08-04,Corrective,fuel flow anomaly,Check fuel flow sensor and wiring,16.7,336106,2251.7,2378,Deferred
MR00536,AC079,CMP0140,MA006,,2026-08-26,Scheduled Inspection,vibration above limit,Inspect bearings and rotating components,8.0,136001,2316.7,2447,Resolved
MR00057,AC080,CMP0104,MA001,PART012,2022-09-17,Corrective,vibration above limit,Inspect fan/compressor assembly,51.7,1179815,521.4,580,Resolved
MR00775,AC080,CMP0502,MA006,,2023-04-23,Scheduled Inspection,high EGT,Compressor wash and EGT trend check,14.3,240586,926.9,1031,Resolved
MR00893,AC080,CMP0578,MA006,PART013,2023-05-14,Corrective,oil pressure drop,Check for oil leakage and pressure stability,70.9,1377013,1472.0,1638,Recurring
MR00252,AC080,CMP0083,MA003,PART030,2023-10-05,Corrective,vibration above limit,Vibration survey and ground run,29.3,812951,1813.6,2018,Resolved
MR01466,AC080,CMP0408,MA001,,2024-01-01,Scheduled Inspection,,Scheduled inspection with ground functional test,13.8,117871,1994.3,2219,Resolved
MR01204,AC080,CMP0024,MA002,PART039,2024-03-08,Preventive Replacement,vibration above limit,Inspect fan/compressor assembly,45.1,697727,2254.1,2508,Resolved
MR00368,AC080,CMP0350,MA005,,2024-08-15,Scheduled Inspection,,Scheduled inspection with ground functional test,14.9,228379,2478.0,2757,Resolved
MR01297,AC080,CMP0245,MA003,,2024-08-25,Scheduled Inspection,high EGT,Inspect turbine section and EGT indication,12.5,342180,2653.4,2952,Resolved
MR01024,AC080,CMP0500,MA001,,2024-10-29,Scheduled Inspection,high EGT,Compressor wash and EGT trend check,11.6,201253,2717.9,3024,Recurring
MR01457,AC080,CMP0436,MA003,PART022,2025-07-02,Preventive Replacement,high EGT,Inspect fuel nozzle and combustion section,61.1,2175861,2793.0,3108,Resolved
MR00809,AC080,CMP0457,MA001,PART006,2025-11-03,Corrective,fuel flow anomaly,Fuel nozzle inspection and test,37.4,758563,3180.0,3538,Resolved
MR00612,AC080,CMP0212,MA003,PART011,2025-11-08,Corrective,high EGT,Inspect fuel nozzle and combustion section,34.8,1378883,3282.2,3652,Resolved
MR00644,AC080,CMP0465,MA004,PART015,2025-11-21,Corrective,high EGT,Inspect fuel nozzle and combustion section,42.7,1228208,3449.7,3838,Resolved
MR00874,AC080,CMP0094,MA001,,2026-04-28,Scheduled Inspection,,Periodic inspection and serviceability check,9.4,194812,3488.4,3881,Resolved
MR00869,AC080,CMP0147,MA005,,2026-05-04,Scheduled Inspection,,Functional inspection and condition assessment,10.3,225905,3530.9,3929,Resolved
MR00952,AC081,CMP0362,MA001,PART014,2023-02-13,Corrective,compressor stall,Inspect compressor blades and inlet section,100.4,2775590,239.0,228,Deferred
MR01040,AC081,CMP0527,MA002,,2023-06-11,Scheduled Inspection,,Routine system inspection and servicing,8.8,82917,486.6,464,Resolved
MR00393,AC081,CMP0377,MA001,PART034,2023-07-05,Unscheduled Removal,blade erosion,Inspect blade condition,144.4,9674728,745.1,710,Resolved
MR00575,AC081,CMP0308,MA005,PART008,2023-07-10,Unscheduled Removal,blade erosion,Blade dimensional inspection,273.4,15052838,908.3,866,Resolved
MR01140,AC081,CMP0348,MA001,,2023-10-16,Scheduled Inspection,,Inspection of life-limited components,11.6,142734,985.7,939,Resolved
MR00811,AC081,CMP0104,MA004,PART012,2023-11-19,Unscheduled Removal,high EGT,Check EGT indication and carry out ground run,385.7,18982799,1370.4,1306,Resolved
MR00437,AC081,CMP0575,MA002,,2024-02-02,Scheduled Inspection,,Scheduled inspection and lubrication,6.0,71345,1479.0,1410,Resolved
MR00413,AC081,CMP0211,MA002,PART004,2024-02-13,Corrective,oil pressure drop,Inspect oil pressure sensor and system,31.8,624365,1889.4,1801,Resolved
MR00865,AC081,CMP0186,MA002,PART038,2024-03-01,Preventive Replacement,oil pressure drop,Inspect oil system and pressure circuit,88.6,2080188,2080.7,1983,Resolved
MR00528,AC081,CMP0142,MA001,PART027,2024-06-21,Corrective,high EGT,Compressor wash and EGT trend check,29.9,774483,2373.8,2262,Resolved
MR01215,AC081,CMP0308,MA002,PART011,2024-07-12,Corrective,high EGT,Borescope inspection of hot section,42.3,715674,2668.1,2543,Recurring
MR00473,AC081,CMP0574,MA002,PART024,2024-08-13,Unscheduled Removal,fuel flow anomaly,Fuel system pressure and flow check,228.3,8962010,2685.8,2560,Resolved
MR01448,AC081,CMP0214,MA006,PART026,2024-11-07,Corrective,fuel flow anomaly,Fuel nozzle inspection and test,36.7,527410,2733.6,2605,Resolved
MR01085,AC081,CMP0206,MA001,PART011,2025-01-05,Preventive Replacement,vibration above limit,Inspect fan/compressor assembly,66.3,1510671,2835.4,2702,Resolved
MR00433,AC081,CMP0390,MA005,,2025-01-29,Scheduled Inspection,,Periodic inspection and serviceability check,14.1,211247,2903.7,2767,Resolved
MR00482,AC081,CMP0491,MA006,PART033,2025-02-16,Unscheduled Removal,oil pressure drop,Check for oil leakage and pressure stability,304.6,10571860,3104.2,2958,Resolved
MR00456,AC081,CMP0359,MA003,PART034,2025-04-14,Preventive Replacement,,Replace ageing component and inspect surrounding system,57.0,1999997,3317.6,3162,Resolved
MR00414,AC081,CMP0295,MA006,PART003,2025-05-11,Corrective,fuel flow anomaly,Inspect fuel lines and metering unit,33.3,867256,3411.2,3251,Resolved
MR00990,AC081,CMP0007,MA002,PART002,2025-05-23,Preventive Replacement,vibration above limit,Check mounting hardware and fasteners,44.1,872832,3495.8,3332,Resolved
MR00681,AC081,CMP0572,MA001,PART009,2025-11-02,Corrective,high EGT,Inspect compressor condition and repeat engine run,49.8,1048999,3773.3,3596,Resolved
MR00439,AC081,CMP0596,MA006,PART010,2026-01-25,Corrective,oil pressure drop,Inspect oil pump and associated plumbing,40.6,839953,3859.2,3678,Resolved
MR00762,AC081,CMP0259,MA001,,2026-04-24,Scheduled Inspection,vibration above limit,Balance rotating assembly and perform functional test,10.8,176604,4174.8,3979,Recurring
MR01056,AC082,CMP0506,MA001,PART014,2022-11-18,Corrective,blade erosion,Inspect blade condition,43.1,1475037,280.5,270,Resolved
MR01271,AC082,CMP0094,MA003,PART027,2023-05-07,Corrective,high EGT,Inspect fuel nozzle and combustion section,37.3,976914,447.9,430,Resolved
MR00374,AC082,CMP0477,MA002,PART017,2023-12-10,Corrective,blade erosion,Inspect blade leading edges and clearances,33.9,899261,503.4,484,Resolved
MR00662,AC082,CMP0249,MA005,PART019,2024-02-08,Preventive Replacement,,Planned replacement and post-maintenance test,57.2,1090876,739.5,711,Resolved
MR01410,AC082,CMP0158,MA002,,2024-07-12,Scheduled Inspection,vibration above limit,Check mounting hardware and fasteners,6.0,112918,786.3,756,Resolved
MR00622,AC082,CMP0402,MA006,,2024-08-08,Scheduled Inspection,,Inspection of life-limited components,7.3,71261,1022.0,982,Resolved
MR00192,AC082,CMP0573,MA002,PART019,2024-08-26,Corrective,blade erosion,Borescope inspection of blade surfaces,59.0,1150512,1234.8,1187,Resolved
MR01453,AC082,CMP0282,MA003,PART036,2024-09-05,Preventive Replacement,blade erosion,Inspect blade condition,90.4,2893880,1451.4,1395,Resolved
MR00288,AC082,CMP0058,MA003,PART025,2024-11-08,Corrective,high EGT,Borescope inspection of hot section,55.3,1723816,1663.6,1599,Resolved
MR00683,AC082,CMP0378,MA003,PART040,2025-03-26,Preventive Replacement,,Preventive replacement with operational check,61.1,1213642,1940.4,1865,Resolved
MR00020,AC082,CMP0102,MA003,PART036,2025-04-01,Preventive Replacement,,Replace component before service limit,66.3,1883463,2136.1,2053,Resolved
MR00354,AC082,CMP0522,MA001,PART038,2025-06-27,Preventive Replacement,,Replace worn component and functional test,56.1,779104,2154.7,2071,Resolved
MR01269,AC082,CMP0476,MA006,,2025-08-14,Scheduled Inspection,,Scheduled inspection and lubrication,13.2,163946,2335.0,2244,Resolved
MR01324,AC082,CMP0119,MA001,PART031,2025-09-14,Corrective,high EGT,Inspect compressor condition and repeat engine run,20.8,472861,2398.1,2304,Resolved
MR00095,AC082,CMP0396,MA003,,2026-01-15,Scheduled Inspection,high EGT,Borescope inspection of hot section,14.4,479363,2431.8,2337,Resolved
MR00844,AC082,CMP0336,MA003,PART039,2026-04-26,Corrective,high EGT,Compressor wash and EGT trend check,53.0,1467245,2485.6,2389,Resolved
MR00665,AC082,CMP0232,MA002,,2026-05-27,Scheduled Inspection,,Detailed inspection and operational check,14.2,192108,2564.1,2464,Resolved
MR00885,AC082,CMP0507,MA001,PART021,2026-06-27,Corrective,,Rectify reported fault and perform inspection,22.9,447887,2785.2,2676,Resolved
MR00848,AC083,CMP0124,MA003,PART022,2022-05-26,Corrective,high EGT,Engine performance check and trend monitoring,40.8,1570039,116.7,112,Resolved
MR01229,AC083,CMP0190,MA001,,2023-04-11,Scheduled Inspection,,Routine visual inspection and servicing,9.8,139371,221.9,212,Resolved
MR00928,AC083,CMP0256,MA002,PART022,2023-06-11,Corrective,high EGT,Check EGT indication and carry out ground run,63.8,917904,249.7,239,Resolved
MR01253,AC083,CMP0280,MA006,,2023-11-09,Scheduled Inspection,,Detailed inspection and operational check,7.4,129960,293.3,281,Resolved
MR00198,AC083,CMP0096,MA003,,2024-02-17,Scheduled Inspection,,Functional inspection and condition assessment,15.3,261950,322.4,309,Resolved
MR00606,AC083,CMP0140,MA002,PART010,2024-02-29,Unscheduled Removal,blade erosion,Borescope inspection of blade surfaces,410.6,19570925,326.9,313,Resolved
MR00050,AC083,CMP0344,MA006,PART012,2024-03-04,Preventive Replacement,oil pressure drop,Inspect oil pressure sensor and system,47.1,863891,381.8,365,Resolved
MR01362,AC083,CMP0009,MA006,,2024-03-27,Scheduled Inspection,,Detailed inspection and operational check,11.3,188219,649.5,622,Resolved
MR00526,AC083,CMP0410,MA002,,2024-04-12,Scheduled Inspection,,Routine system inspection and servicing,8.0,129859,663.0,635,Resolved
MR00046,AC083,CMP0045,MA005,PART018,2024-07-06,Unscheduled Removal,compressor stall,Compressor inspection followed by performance run,262.7,13154046,754.3,722,Recurring
MR00218,AC083,CMP0011,MA001,PART033,2024-08-29,Preventive Replacement,oil pressure drop,Check oil level and pressure indication,77.7,2025572,861.5,824,Resolved
MR01173,AC083,CMP0123,MA003,PART015,2024-10-23,Corrective,blade erosion,Replace affected blade and perform ground run,51.6,2300324,918.7,879,Resolved
MR01238,AC083,CMP0090,MA002,PART038,2024-11-05,Corrective,oil pressure drop,Oil system servicing and ground run,38.9,813284,934.0,894,Deferred
MR00936,AC083,CMP0102,MA003,PART035,2024-12-12,Preventive Replacement,,Replace ageing component and inspect surrounding system,70.9,2186373,1148.9,1100,Resolved
MR00590,AC083,CMP0082,MA001,PART022,2024-12-26,Corrective,fuel flow anomaly,Fuel system pressure and flow check,41.1,869349,1229.7,1177,Resolved
MR01344,AC083,CMP0402,MA006,,2025-01-02,Scheduled Inspection,,Inspection of life-limited components,13.7,191484,1387.4,1328,Resolved
MR00937,AC083,CMP0485,MA006,PART028,2025-01-06,Corrective,vibration above limit,Dynamic balance check,57.9,1221150,1396.4,1336,Recurring
MR00123,AC083,CMP0409,MA001,,2025-01-08,Scheduled Inspection,,Scheduled inspection and lubrication,8.1,127276,1427.9,1367,Recurring
MR00767,AC083,CMP0586,MA006,,2025-02-21,Scheduled Inspection,,Routine visual inspection and servicing,14.2,218126,1441.7,1380,Resolved
MR01159,AC083,CMP0116,MA006,PART013,2025-03-12,Corrective,oil pressure drop,Service oil system and verify pressure,28.3,814806,1557.2,1490,Resolved
MR00345,AC083,CMP0006,MA003,PART039,2025-06-19,Preventive Replacement,,Replace component before service limit,80.6,2352357,1566.1,1499,Resolved
MR00044,AC083,CMP0063,MA001,,2026-02-04,Scheduled Inspection,,Functional inspection and condition assessment,9.8,183732,1613.5,1544,Resolved
MR01059,AC083,CMP0174,MA002,PART040,2026-02-07,Preventive Replacement,oil pressure drop,Oil system servicing and ground run,46.6,614154,1656.6,1585,Resolved
MR01426,AC083,CMP0461,MA004,PART029,2026-02-08,Corrective,blade erosion,Replace affected blade and perform ground run,112.4,4355913,1662.7,1591,Resolved
MR01125,AC083,CMP0202,MA006,PART025,2026-04-27,Corrective,high EGT,Borescope inspection of hot section,22.6,649181,1749.1,1674,Resolved
MR00212,AC083,CMP0028,MA002,,2026-07-23,Scheduled Inspection,,Scheduled inspection and lubrication,7.8,63700,1823.8,1745,Resolved
MR01005,AC084,CMP0191,MA002,,2022-08-18,Scheduled Inspection,,Routine visual inspection and servicing,10.1,92139,250.8,269,Resolved
MR00369,AC084,CMP0383,MA001,PART032,2023-03-11,Corrective,compressor stall,Compressor inspection followed by performance run,71.2,1952973,802.5,860,Resolved
MR00723,AC084,CMP0068,MA002,PART012,2024-01-05,Preventive Replacement,,Planned replacement and post-maintenance test,27.3,278020,829.5,888,Resolved
MR00902,AC084,CMP0323,MA001,,2024-02-18,Scheduled Inspection,,Inspection of life-limited components,10.8,111742,841.8,902,Resolved
MR01251,AC084,CMP0333,MA002,,2024-04-02,Scheduled Inspection,,Functional inspection and condition assessment,12.8,205421,1050.2,1125,Resolved
MR00940,AC084,CMP0589,MA002,,2024-07-16,Scheduled Inspection,,Scheduled inspection with ground functional test,8.6,97955,1122.7,1202,Resolved
MR01136,AC084,CMP0182,MA002,PART012,2024-09-22,Unscheduled Removal,compressor stall,Inspect compressor blades and inlet section,325.5,10717967,1294.6,1387,Resolved
MR00549,AC084,CMP0591,MA004,PART021,2024-10-18,Corrective,vibration above limit,Inspect bearings and rotating components,47.9,1888704,1742.5,1866,Resolved
MR00436,AC084,CMP0181,MA002,PART005,2024-10-31,Unscheduled Removal,vibration above limit,Inspect bearings and rotating components,135.9,5152148,1787.5,1915,Resolved
MR00137,AC084,CMP0087,MA003,PART020,2024-12-20,Corrective,vibration above limit,Inspect bearings and rotating components,13.5,567460,2195.4,2351,Deferred
MR00679,AC084,CMP0587,MA003,PART032,2025-03-23,Corrective,vibration above limit,Inspect engine mounts and rotating assembly,33.1,1089956,2244.5,2404,Resolved
MR00319,AC084,CMP0597,MA002,,2025-04-05,Scheduled Inspection,,Inspection of life-limited components,14.9,117709,2368.4,2537,Resolved
MR00013,AC084,CMP0308,MA002,,2025-07-08,Scheduled Inspection,,Functional inspection and condition assessment,7.3,94507,2842.8,3045,Resolved
MR00830,AC084,CMP0422,MA002,PART010,2025-07-10,Corrective,vibration above limit,Inspect bearings and rotating components,29.8,759387,3150.6,3375,Resolved
MR01341,AC084,CMP0265,MA002,,2025-12-12,Scheduled Inspection,,Detailed inspection and operational check,5.7,55165,3228.9,3458,Resolved
MR00511,AC084,CMP0598,MA006,PART025,2026-02-10,Preventive Replacement,fuel flow anomaly,Fuel system pressure and flow check,30.5,517148,3469.6,3716,Resolved
MR00998,AC084,CMP0376,MA006,,2026-06-30,Scheduled Inspection,,Inspection of life-limited components,11.3,128109,3584.8,3840,Resolved
MR00099,AC085,CMP0193,MA001,PART005,2022-11-04,Corrective,high EGT,Borescope inspection of hot section,26.8,553305,396.2,450,Resolved
MR00625,AC085,CMP0208,MA006,PART025,2024-06-07,Preventive Replacement,fuel flow anomaly,Inspect fuel lines and metering unit,43.5,523679,738.5,838,Resolved
MR00850,AC085,CMP0004,MA002,PART024,2024-12-25,Preventive Replacement,,Replace component before service limit,64.5,739110,1356.0,1539,Resolved
MR00465,AC085,CMP0375,MA001,PART017,2025-01-03,Corrective,blade erosion,Replace affected blade and perform ground run,123.1,2421024,1800.0,2043,Deferred
MR00648,AC085,CMP0154,MA006,PART025,2025-03-16,Corrective,fuel flow anomaly,Fuel system functional test,58.7,1525626,2150.9,2441,Resolved
MR01483,AC085,CMP0558,MA002,PART035,2025-05-02,Unscheduled Removal,oil temperature high,Oil system servicing and ground run,155.1,3047368,2511.7,2851,Deferred
MR00087,AC086,CMP0092,MA003,,2022-12-31,Scheduled Inspection,oil pressure drop,Check for oil leakage and pressure stability,10.0,396046,409.1,392,Resolved
MR00166,AC086,CMP0128,MA003,PART009,2023-01-25,Corrective,blade erosion,Blade dimensional inspection,29.4,2295591,643.1,617,Recurring
MR00128,AC086,CMP0208,MA001,PART022,2023-02-19,Corrective,high EGT,Borescope inspection of hot section,28.0,966301,780.1,748,Resolved
MR00979,AC086,CMP0009,MA006,PART015,2023-06-04,Corrective,high EGT,Inspect temperature sensing circuit,15.5,264933,1059.2,1015,Resolved
MR00609,AC086,CMP0257,MA002,PART033,2023-12-14,Corrective,oil pressure drop,Check oil level and pressure indication,62.3,1139667,1379.3,1322,Resolved
MR00949,AC086,CMP0117,MA001,PART021,2024-07-27,Corrective,compressor stall,Inspect variable geometry mechanism,27.4,401766,1664.7,1596,Recurring
MR00596,AC086,CMP0288,MA006,PART035,2024-10-29,Corrective,oil temperature high,Inspect oil cooling circuit,33.9,603475,2118.9,2031,Resolved
MR00341,AC086,CMP0171,MA001,,2024-11-16,Scheduled Inspection,,Scheduled inspection and lubrication,8.5,131251,2245.3,2153,Resolved
MR01435,AC086,CMP0525,MA001,PART019,2024-11-25,Corrective,oil pressure drop,Inspect oil pressure sensor and system,41.8,742411,2366.0,2268,Resolved
MR00422,AC086,CMP0215,MA001,PART033,2025-08-11,Preventive Replacement,oil temperature high,Check oil quantity and temperature indication,55.1,1183368,2987.8,2864,Resolved
MR00182,AC086,CMP0419,MA003,PART033,2025-12-29,Corrective,compressor stall,Engine performance inspection,105.9,3577198,3089.0,2961,Resolved
MR00463,AC086,CMP0143,MA003,PART030,2025-12-30,Corrective,high EGT,Inspect fuel nozzle and combustion section,74.6,2694103,3265.7,3131,Resolved
MR00219,AC086,CMP0063,MA003,PART021,2026-01-27,Corrective,vibration above limit,Inspect engine mounts and rotating assembly,71.8,1891959,3284.5,3149,Resolved
MR01044,AC086,CMP0488,MA002,,2026-05-04,Scheduled Inspection,,Routine system inspection and servicing,9.1,83910,3345.7,3208,Resolved
MR00519,AC087,CMP0187,MA005,PART001,2022-02-08,Unscheduled Removal,starter fault,Replace starter assembly,131.5,6277873,131.1,126,Recurring
MR00833,AC087,CMP0359,MA001,PART030,2023-05-04,Unscheduled Removal,oil pressure drop,Inspect oil filter and oil lines,284.2,13108762,182.0,175,Resolved
MR00291,AC087,CMP0274,MA004,,2023-05-30,Scheduled Inspection,,Scheduled inspection with ground functional test,8.9,118304,245.2,236,Resolved
MR01023,AC087,CMP0249,MA002,,2023-09-30,Scheduled Inspection,,Scheduled inspection and lubrication,8.2,113964,498.9,480,Resolved
MR00073,AC087,CMP0543,MA006,PART018,2023-10-21,Corrective,oil pressure drop,Inspect oil filter and oil lines,37.1,558742,509.0,490,Recurring
MR00851,AC087,CMP0065,MA005,,2024-02-05,Scheduled Inspection,,Functional inspection and condition assessment,14.5,155466,585.5,563,Resolved
MR01276,AC087,CMP0176,MA002,PART009,2024-02-12,Unscheduled Removal,compressor stall,Engine performance inspection,470.8,16276683,654.5,630,Recurring
MR01007,AC087,CMP0106,MA001,PART027,2024-04-01,Corrective,high EGT,Inspect compressor condition and repeat engine run,48.5,999280,938.6,903,Resolved
MR00496,AC087,CMP0145,MA001,PART004,2024-04-19,Preventive Replacement,hydraulic pressure low,Inspect hydraulic circuit and fluid level,60.6,1097812,1085.0,1044,Resolved
MR00390,AC087,CMP0052,MA005,,2024-10-21,Scheduled Inspection,,Scheduled inspection and lubrication,8.8,170357,1134.8,1092,Resolved
MR00793,AC087,CMP0490,MA001,PART025,2024-10-29,Corrective,high EGT,Compressor wash and EGT trend check,45.6,962559,1346.1,1295,Resolved
MR00146,AC087,CMP0578,MA001,PART012,2024-11-29,Corrective,oil pressure drop,Inspect oil filter and oil lines,31.8,933229,1392.1,1339,Resolved
MR00984,AC087,CMP0215,MA003,,2024-12-16,Scheduled Inspection,,Functional inspection and condition assessment,14.8,290230,1548.0,1489,Resolved
MR00226,AC087,CMP0591,MA003,PART016,2025-01-24,Preventive Replacement,high EGT,Inspect compressor condition and repeat engine run,98.4,2948110,1783.8,1716,Resolved
MR00116,AC087,CMP0062,MA006,,2025-05-05,Scheduled Inspection,,Detailed inspection and operational check,10.4,115169,1868.5,1797,Resolved
MR01180,AC087,CMP0137,MA006,PART031,2026-03-19,Corrective,compressor stall,Compressor inspection and borescope check,174.6,3704649,1895.2,1823,Resolved
MR00420,AC087,CMP0560,MA002,PART011,2026-07-31,Unscheduled Removal,oil pressure drop,Inspect oil pressure sensor and system,165.7,4457745,1904.1,1832,Resolved
MR00689,AC088,CMP0203,MA001,PART029,2022-06-11,Preventive Replacement,,Planned replacement and post-maintenance test,61.4,888023,273.9,282,Resolved
MR00919,AC088,CMP0305,MA003,PART029,2023-01-11,Unscheduled Removal,blade erosion,Component removed for detailed inspection,332.2,21682135,450.3,463,Resolved
MR00124,AC088,CMP0570,MA001,PART038,2023-05-28,Corrective,oil temperature high,Check temperature indication and oil circulation,36.5,1134394,988.4,1016,Resolved
MR01411,AC088,CMP0218,MA002,,2023-08-04,Scheduled Inspection,,Periodic inspection and serviceability check,4.6,84357,1215.9,1250,Recurring
MR01473,AC088,CMP0493,MA005,PART002,2023-10-12,Corrective,high EGT,Inspect temperature sensing circuit,39.3,1221727,1308.8,1346,Resolved
MR01437,AC088,CMP0047,MA006,,2023-12-06,Scheduled Inspection,,Scheduled inspection with ground functional test,6.9,80040,1338.3,1376,Resolved
MR00659,AC088,CMP0305,MA001,,2023-12-25,Scheduled Inspection,oil pressure drop,Oil system servicing and ground run,11.3,170204,1418.2,1458,Resolved
MR00717,AC088,CMP0106,MA006,,2024-01-03,Scheduled Inspection,,Inspection of life-limited components,13.6,198494,1711.9,1760,Resolved
MR01065,AC088,CMP0156,MA003,PART038,2024-01-19,Corrective,blade erosion,Replace affected blade and perform ground run,73.4,4830267,2088.3,2147,Resolved
MR01183,AC088,CMP0152,MA003,,2024-01-19,Scheduled Inspection,,Functional inspection and condition assessment,18.0,378485,2141.5,2202,Resolved
MR01225,AC088,CMP0444,MA003,PART038,2024-05-03,Corrective,oil pressure drop,Service oil system and verify pressure,22.2,1202915,2214.9,2277,Resolved
MR00136,AC088,CMP0408,MA003,PART039,2024-05-13,Corrective,high EGT,Inspect compressor condition and repeat engine run,25.8,1366041,2474.2,2544,Resolved
MR00834,AC088,CMP0078,MA006,PART035,2024-05-17,Unscheduled Removal,high EGT,Inspect temperature sensing circuit,177.6,6463636,2722.0,2799,Resolved
MR01365,AC088,CMP0462,MA001,PART038,2024-06-29,Preventive Replacement,blade erosion,Remove affected assembly for overhaul,49.1,1714425,2777.5,2856,Resolved
MR00183,AC088,CMP0221,MA003,PART030,2024-08-10,Preventive Replacement,,Replace component based on condition monitoring,49.4,1443057,2936.9,3020,Resolved
MR00759,AC088,CMP0486,MA006,,2024-09-15,Scheduled Inspection,,Scheduled inspection and lubrication,12.1,153833,2995.7,3080,Resolved
MR00327,AC088,CMP0086,MA005,PART013,2024-10-12,Preventive Replacement,,Scheduled component replacement,64.7,1616690,3206.9,3297,Resolved
MR00209,AC088,CMP0300,MA004,,2024-10-20,Scheduled Inspection,,Periodic inspection and serviceability check,12.9,242088,3298.9,3392,Resolved
MR01495,AC088,CMP0009,MA002,,2024-10-29,Scheduled Inspection,,Routine visual inspection and servicing,16.1,176231,3366.1,3461,Recurring
MR00962,AC088,CMP0356,MA004,,2024-10-30,Scheduled Inspection,,Functional inspection and condition assessment,11.9,133396,3536.9,3637,Resolved
MR00352,AC088,CMP0419,MA001,,2025-03-02,Scheduled Inspection,,Routine visual inspection and servicing,9.7,166321,3634.8,3737,Resolved
MR00493,AC088,CMP0396,MA006,PART035,2025-05-22,Preventive Replacement,,Replace component before service limit,34.6,548204,3802.1,3909,Resolved
MR00304,AC088,CMP0141,MA006,,2025-07-10,Scheduled Inspection,,Routine system inspection and servicing,12.6,141287,3835.6,3944,Resolved
MR01122,AC088,CMP0585,MA002,PART015,2025-07-12,Preventive Replacement,high EGT,Check EGT indication and carry out ground run,48.5,453683,3876.9,3986,Resolved
MR01145,AC088,CMP0386,MA002,PART008,2025-09-07,Corrective,oil pressure drop,Check for oil leakage and pressure stability,28.3,597484,3962.1,4074,Resolved
MR01029,AC088,CMP0034,MA003,PART026,2025-12-17,Corrective,fuel flow anomaly,Inspect fuel lines and metering unit,46.8,1235400,4008.0,4121,Resolved
MR00785,AC088,CMP0566,MA002,PART011,2026-03-11,Corrective,blade erosion,Replace affected blade and perform ground run,50.7,2044852,4070.4,4185,Recurring
MR00086,AC088,CMP0026,MA003,,2026-07-28,Scheduled Inspection,,Periodic inspection and serviceability check,19.0,257586,4157.5,4275,Recurring
MR00871,AC088,CMP0441,MA001,,2026-08-16,Scheduled Inspection,,Inspection of life-limited components,18.1,182210,4209.1,4328,Resolved
MR00244,AC089,CMP0397,MA002,PART005,2022-03-02,Corrective,fuel flow anomaly,Fuel system functional test,38.8,717577,685.8,671,Resolved
MR01099,AC089,CMP0476,MA003,PART011,2022-11-22,Unscheduled Removal,blade erosion,Inspect blade leading edges and clearances,258.1,35546156,775.0,758,Resolved
MR00052,AC089,CMP0313,MA002,,2023-06-28,Scheduled Inspection,,Functional inspection and condition assessment,10.3,117671,947.1,926,Resolved
MR00935,AC089,CMP0530,MA003,PART012,2024-05-17,Unscheduled Removal,blade erosion,Remove affected assembly for overhaul,600.0,36657388,1122.5,1098,Recurring
MR00668,AC089,CMP0050,MA006,PART012,2024-09-24,Preventive Replacement,,Replace ageing component and inspect surrounding system,79.5,1016505,1333.3,1304,Resolved
MR00971,AC089,CMP0501,MA004,,2025-06-05,Scheduled Inspection,,Inspection of life-limited components,10.1,151213,1472.7,1440,Deferred
MR00256,AC089,CMP0329,MA003,PART033,2025-06-20,Corrective,blade erosion,Inspect blade leading edges and clearances,60.2,1446438,1850.7,1810,Resolved
MR00035,AC089,CMP0394,MA002,PART024,2026-03-05,Corrective,fuel flow anomaly,Fuel system pressure and flow check,35.6,621139,2247.1,2197,Resolved
MR01220,AC090,CMP0063,MA004,PART019,2022-12-11,Corrective,high EGT,Engine performance check and trend monitoring,41.8,946217,150.3,163,Resolved
MR00555,AC090,CMP0299,MA002,,2023-04-23,Scheduled Inspection,,Functional inspection and condition assessment,7.9,74094,422.9,459,Resolved
MR01216,AC090,CMP0299,MA001,,2023-06-08,Scheduled Inspection,,Scheduled inspection and lubrication,8.4,134594,491.1,533,Resolved
MR00908,AC090,CMP0279,MA006,PART020,2023-07-16,Unscheduled Removal,vibration above limit,Inspect engine mounts and rotating assembly,202.5,6993748,603.1,655,Resolved
MR01091,AC090,CMP0376,MA003,PART023,2023-08-20,Corrective,high EGT,Check EGT indication and carry out ground run,57.6,1166545,726.4,789,Resolved
MR01485,AC090,CMP0182,MA006,PART010,2024-01-27,Preventive Replacement,,Replace component before service limit,79.7,1107811,791.3,859,Resolved
MR00582,AC090,CMP0342,MA001,,2024-05-23,Scheduled Inspection,,Functional inspection and condition assessment,9.2,148445,817.4,887,Resolved
MR00277,AC090,CMP0399,MA003,PART019,2024-07-09,Corrective,oil pressure drop,Check for oil leakage and pressure stability,42.3,2396891,953.4,1035,Resolved
MR01030,AC090,CMP0216,MA003,PART035,2024-09-06,Preventive Replacement,,Replace component based on condition monitoring,75.3,1904530,994.2,1079,Resolved
MR01386,AC090,CMP0346,MA006,PART023,2025-01-29,Corrective,high EGT,Check EGT indication and carry out ground run,38.7,714019,1356.9,1473,Resolved
MR00353,AC090,CMP0488,MA003,PART009,2025-03-13,Corrective,vibration above limit,Inspect rotating assembly and vibration sensors,31.5,1304835,1436.9,1560,Resolved
MR00576,AC090,CMP0503,MA003,,2025-05-11,Scheduled Inspection,oil pressure drop,Inspect oil filter and oil lines,12.3,284490,1657.0,1799,Resolved
MR01256,AC090,CMP0022,MA006,PART027,2025-07-08,Unscheduled Removal,fuel flow anomaly,Inspect fuel control and flow indication,269.0,9605023,1866.3,2026,Resolved
MR00265,AC090,CMP0162,MA003,,2026-01-26,Scheduled Inspection,,Inspection of life-limited components,12.3,288958,1930.6,2096,Resolved
MR00709,AC091,CMP0365,MA002,PART029,2022-10-22,Preventive Replacement,vibration above limit,Vibration survey and ground run,57.6,1211839,114.4,92,Resolved
MR01460,AC091,CMP0419,MA006,,2023-01-13,Scheduled Inspection,,Inspection of life-limited components,14.5,139394,157.5,126,Resolved
MR00344,AC091,CMP0178,MA005,,2023-02-09,Scheduled Inspection,,Scheduled inspection and lubrication,14.9,182421,237.9,190,Resolved
MR00384,AC091,CMP0185,MA001,,2023-03-01,Scheduled Inspection,,Scheduled inspection with ground functional test,12.7,176831,583.1,466,Resolved
MR01416,AC091,CMP0025,MA005,PART003,2023-06-11,Corrective,vibration above limit,Inspect bearings and rotating components,96.5,1886822,660.4,528,Resolved
MR01404,AC091,CMP0065,MA005,PART032,2023-09-23,Corrective,oil pressure drop,Service oil system and verify pressure,76.8,3073546,700.9,561,Resolved
MR00499,AC091,CMP0280,MA003,PART026,2023-10-20,Unscheduled Removal,fuel flow anomaly,Check fuel flow indication and control unit,600.0,50852479,783.7,627,Resolved
MR01137,AC091,CMP0585,MA003,PART021,2023-10-28,Corrective,high EGT,Inspect fuel nozzle and combustion section,37.3,1462324,805.4,644,Resolved
MR00827,AC091,CMP0431,MA006,PART028,2024-01-07,Preventive Replacement,,Replace component before service limit,24.2,377010,836.2,669,Resolved
MR00661,AC091,CMP0376,MA004,PART027,2024-02-20,Corrective,fuel flow anomaly,Check fuel flow indication and control unit,19.4,492102,1030.5,824,Resolved
MR01314,AC091,CMP0275,MA003,,2024-03-08,Scheduled Inspection,,Scheduled inspection with ground functional test,13.4,292015,1082.5,866,Resolved
MR00701,AC091,CMP0374,MA002,,2024-03-10,Scheduled Inspection,,Scheduled inspection and lubrication,6.5,89310,1112.1,890,Resolved
MR01488,AC091,CMP0039,MA001,PART015,2024-03-11,Preventive Replacement,,Preventive replacement of life-limited component,58.4,961399,1130.1,904,Resolved
MR00028,AC091,CMP0126,MA006,PART036,2024-04-15,Corrective,blade erosion,Replace affected blade set,69.4,2532453,1191.6,953,Resolved
MR01336,AC091,CMP0598,MA006,,2024-05-31,Scheduled Inspection,,Scheduled inspection with ground functional test,10.6,211506,1211.0,969,Resolved
MR00153,AC091,CMP0257,MA005,PART034,2024-06-21,Preventive Replacement,,Replace component before service limit,75.6,1740020,1363.5,1091,Resolved
MR00520,AC091,CMP0210,MA001,PART035,2024-06-29,Corrective,high EGT,Inspect compressor condition and repeat engine run,23.6,711425,1473.9,1179,Resolved
MR00556,AC091,CMP0298,MA002,PART024,2024-12-03,Corrective,fuel flow anomaly,Check fuel flow sensor and wiring,18.1,391187,1512.6,1210,Resolved
MR01218,AC091,CMP0518,MA002,,2025-11-19,Scheduled Inspection,,Periodic inspection and serviceability check,9.0,120521,1738.5,1391,Resolved
MR01472,AC092,CMP0239,MA001,PART032,2022-08-01,Corrective,vibration above limit,Check mounting hardware and fasteners,36.7,971725,413.0,382,Resolved
MR00925,AC092,CMP0274,MA002,PART023,2022-12-13,Corrective,high EGT,Borescope inspection of hot section,21.3,403646,621.4,575,Resolved
MR00225,AC092,CMP0331,MA001,PART007,2023-09-09,Unscheduled Removal,oil pressure drop,Oil system servicing and ground run,330.1,12962339,747.9,692,Resolved
MR00729,AC092,CMP0287,MA002,PART028,2023-12-20,Preventive Replacement,,Replace worn component and functional test,34.5,553424,1162.6,1076,Resolved
MR01114,AC092,CMP0538,MA004,PART027,2023-12-30,Corrective,fuel flow anomaly,Fuel system pressure and flow check,32.2,1165299,1249.5,1157,Resolved
MR00642,AC092,CMP0205,MA005,PART003,2024-05-05,Preventive Replacement,,Preventive replacement of life-limited component,49.3,760485,1411.7,1307,Resolved
MR00297,AC092,CMP0125,MA002,PART030,2024-10-04,Corrective,oil pressure drop,Check oil level and pressure indication,36.4,815261,1552.1,1437,Resolved
MR01001,AC092,CMP0558,MA002,PART035,2024-10-29,Corrective,high EGT,Inspect fuel nozzle and combustion section,19.4,470159,1861.0,1723,Resolved
MR00741,AC092,CMP0516,MA001,PART039,2024-12-14,Corrective,vibration above limit,Inspect engine mounts and rotating assembly,105.9,2625350,1924.2,1781,Recurring
MR01374,AC092,CMP0513,MA001,,2025-03-10,Scheduled Inspection,,Inspection of life-limited components,13.5,177516,2149.9,1990,Resolved
MR00580,AC092,CMP0407,MA002,PART028,2025-03-13,Corrective,oil pressure drop,Inspect oil filter and oil lines,33.8,715600,2760.2,2555,Resolved
MR00856,AC092,CMP0149,MA002,,2025-03-26,Scheduled Inspection,,Scheduled inspection with ground functional test,14.4,146594,2835.9,2625,Resolved
MR00946,AC092,CMP0320,MA006,PART009,2025-04-06,Corrective,oil pressure drop,Inspect oil filter and oil lines,49.8,821287,3269.0,3026,Resolved
MR01489,AC092,CMP0127,MA006,PART001,2025-09-05,Corrective,vibration above limit,Inspect engine mounts and rotating assembly,16.8,677705,3772.1,3492,Resolved
MR00207,AC092,CMP0228,MA003,PART037,2025-09-16,Corrective,oil temperature high,Oil system servicing and ground run,19.1,634440,3988.4,3692,Resolved
MR01331,AC092,CMP0203,MA006,PART034,2025-09-22,Corrective,blade erosion,Remove affected assembly for overhaul,36.3,1007534,4008.6,3711,Resolved
MR01307,AC092,CMP0321,MA001,PART015,2025-10-17,Preventive Replacement,vibration above limit,Check mounting hardware and fasteners,64.8,1076740,4428.1,4099,Resolved
MR00684,AC092,CMP0435,MA006,PART019,2025-10-18,Unscheduled Removal,high EGT,Inspect temperature sensing circuit,272.7,8744027,5023.6,4650,Resolved
MR01248,AC092,CMP0054,MA002,,2026-07-09,Scheduled Inspection,,Functional inspection and condition assessment,8.1,70591,5879.0,5442,Resolved
MR01190,AC093,CMP0596,MA003,,2022-06-15,Scheduled Inspection,vibration above limit,Inspect engine mounts and rotating assembly,13.3,400164,161.6,150,Resolved
MR00655,AC093,CMP0302,MA002,PART014,2022-12-13,Unscheduled Removal,blade erosion,Replace affected blade and perform ground run,137.1,6281430,175.0,163,Resolved
MR00788,AC093,CMP0142,MA003,PART027,2023-05-23,Preventive Replacement,high EGT,Borescope inspection of hot section,74.3,2473169,321.0,298,Resolved
MR00162,AC093,CMP0455,MA004,,2023-05-31,Scheduled Inspection,,Routine visual inspection and servicing,12.1,243373,337.4,314,Resolved
MR00724,AC093,CMP0069,MA006,PART018,2023-06-02,Preventive Replacement,blade erosion,Replace affected blade and perform ground run,34.7,946963,466.8,434,Resolved
MR01273,AC093,CMP0255,MA006,PART015,2024-12-13,Corrective,compressor stall,Inspect compressor stages for damage,66.9,1062752,632.5,588,Resolved
MR00284,AC093,CMP0039,MA004,PART019,2025-02-25,Corrective,blade erosion,Inspect compressor/turbine blade edges,66.0,2506862,852.5,792,Recurring
MR01221,AC093,CMP0134,MA001,,2025-04-28,Scheduled Inspection,,Routine system inspection and servicing,8.9,116863,910.8,847,Resolved
MR00186,AC093,CMP0062,MA002,PART014,2025-07-24,Corrective,blade erosion,Borescope inspection of blade surfaces,77.5,2031895,946.2,879,Resolved
MR00863,AC093,CMP0544,MA006,PART026,2025-08-11,Corrective,high EGT,Engine performance check and trend monitoring,15.0,409441,1042.8,969,Recurring
MR00237,AC093,CMP0590,MA003,PART013,2025-08-24,Preventive Replacement,compressor stall,Inspect compressor stages for damage,62.0,2636502,1065.0,990,Resolved
MR00235,AC093,CMP0125,MA001,,2025-09-01,Scheduled Inspection,,Routine visual inspection and servicing,16.7,163025,1129.2,1050,Resolved
MR00331,AC093,CMP0561,MA004,,2025-09-16,Scheduled Inspection,,Inspection of life-limited components,14.5,201173,1177.7,1095,Resolved
MR01014,AC093,CMP0257,MA002,PART030,2025-10-14,Corrective,blade erosion,Remove affected assembly for overhaul,44.6,1311138,1367.8,1271,Resolved
MR00534,AC093,CMP0286,MA006,PART026,2025-10-28,Corrective,high EGT,Inspect compressor condition and repeat engine run,28.2,399775,1625.8,1511,Resolved
MR00772,AC094,CMP0026,MA002,,2023-04-09,Scheduled Inspection,,Scheduled inspection and lubrication,9.4,129982,1452.9,1162,Resolved
MR00969,AC094,CMP0047,MA002,PART034,2023-09-03,Unscheduled Removal,high EGT,Inspect temperature sensing circuit,315.2,11796987,3021.7,2417,Resolved
MR00120,AC094,CMP0552,MA004,PART039,2023-10-03,Corrective,vibration above limit,Vibration survey and ground run,24.7,905479,3904.9,3124,Resolved
MR01102,AC094,CMP0202,MA002,,2024-08-01,Scheduled Inspection,,Routine system inspection and servicing,5.8,38940,4730.2,3784,Resolved
MR00175,AC094,CMP0416,MA002,PART012,2024-11-21,Preventive Replacement,vibration above limit,Inspect bearings and rotating components,45.8,1018175,4885.3,3908,Resolved
MR01338,AC095,CMP0594,MA001,,2023-06-27,Scheduled Inspection,,Functional inspection and condition assessment,8.8,121519,874.7,799,Resolved
MR01226,AC095,CMP0275,MA002,PART032,2023-10-20,Corrective,high EGT,Engine performance check and trend monitoring,61.4,1200818,1746.0,1595,Resolved
MR00877,AC095,CMP0092,MA003,PART009,2023-12-24,Corrective,vibration above limit,Dynamic balance check,20.5,713143,2123.9,1940,Resolved
MR01450,AC095,CMP0357,MA006,PART016,2023-12-25,Corrective,compressor stall,Inspect compressor blades and inlet section,55.4,2550616,2517.1,2299,Resolved
MR00541,AC095,CMP0188,MA002,PART010,2024-01-14,Corrective,compressor stall,Ground run and compressor response check,40.1,1408469,2559.8,2338,Resolved
MR01242,AC095,CMP0232,MA002,,2024-03-19,Scheduled Inspection,,Routine system inspection and servicing,6.6,57563,2962.0,2705,Resolved
MR01452,AC095,CMP0470,MA003,PART008,2024-08-02,Corrective,blade erosion,Replace affected blade set,49.7,2144940,3979.1,3634,Resolved
MR00673,AC095,CMP0373,MA002,PART005,2024-11-20,Corrective,high EGT,Borescope inspection of hot section,75.3,1614385,4586.5,4189,Resolved
MR00604,AC095,CMP0465,MA006,,2025-02-18,Scheduled Inspection,oil pressure drop,Check oil level and pressure indication,4.2,75312,5029.7,4594,Resolved
MR00605,AC095,CMP0249,MA005,PART020,2025-03-03,Corrective,high EGT,Inspect fuel nozzle and combustion section,28.1,850963,5184.2,4735,Resolved
MR01224,AC095,CMP0344,MA002,PART008,2025-03-26,Corrective,vibration above limit,Inspect engine mounts and rotating assembly,28.0,734356,5486.1,5010,Resolved
MR00677,AC095,CMP0184,MA001,,2025-04-11,Scheduled Inspection,,Periodic inspection and serviceability check,14.4,132986,5737.1,5240,Resolved
MR00690,AC095,CMP0227,MA005,PART033,2026-03-12,Corrective,high EGT,Borescope inspection of hot section,17.4,515903,5912.3,5400,Resolved
MR00405,AC096,CMP0016,MA002,,2022-07-18,Scheduled Inspection,,Periodic inspection and serviceability check,7.4,59646,198.2,182,Resolved
MR00682,AC096,CMP0239,MA002,,2023-02-26,Scheduled Inspection,,Scheduled inspection with ground functional test,8.4,62985,266.6,245,Resolved
MR00645,AC096,CMP0413,MA004,,2024-05-03,Scheduled Inspection,,Routine visual inspection and servicing,15.3,219726,472.8,434,Resolved
MR00336,AC096,CMP0472,MA006,,2024-10-16,Scheduled Inspection,,Periodic inspection and serviceability check,11.2,137371,570.6,523,Deferred
MR01347,AC096,CMP0590,MA006,,2024-11-20,Scheduled Inspection,,Scheduled inspection and lubrication,12.1,235741,952.9,874,Recurring
MR00706,AC096,CMP0003,MA003,PART015,2024-12-27,Corrective,blade erosion,Replace affected blade and perform ground run,144.3,9734801,1020.1,936,Resolved
MR00464,AC096,CMP0414,MA003,PART037,2025-02-01,Corrective,compressor stall,Inspect compressor stages for damage,50.9,2024220,1266.3,1162,Recurring
MR01028,AC096,CMP0038,MA004,PART012,2025-05-24,Corrective,vibration above limit,Dynamic balance check,65.1,2453519,1551.2,1423,Deferred
MR00710,AC096,CMP0195,MA006,PART019,2025-08-08,Preventive Replacement,,Preventive replacement with operational check,72.3,1280223,1613.1,1480,Resolved
MR00538,AC097,CMP0439,MA002,,2022-10-23,Scheduled Inspection,,Detailed inspection and operational check,10.0,125720,582.8,572,Deferred
MR00143,AC097,CMP0357,MA002,,2022-12-17,Scheduled Inspection,,Scheduled inspection with ground functional test,7.8,154865,953.4,936,Resolved
MR01327,AC097,CMP0599,MA001,PART031,2023-07-16,Corrective,vibration above limit,Inspect fan/compressor assembly,49.8,950958,1250.7,1228,Resolved
MR00355,AC097,CMP0434,MA006,PART013,2023-11-06,Unscheduled Removal,oil pressure drop,Oil system servicing and ground run,259.4,8422448,2088.7,2051,Resolved
MR00983,AC097,CMP0321,MA003,,2025-08-30,Scheduled Inspection,,Functional inspection and condition assessment,16.1,292128,3002.7,2949,Deferred
MR00184,AC098,CMP0192,MA003,PART035,2023-01-17,Corrective,oil pressure drop,Inspect oil system and pressure circuit,67.3,1282986,265.3,292,Resolved
MR00757,AC098,CMP0593,MA006,PART028,2023-05-29,Corrective,compressor stall,Compressor inspection and borescope check,111.5,3501557,412.5,454,Resolved
MR00905,AC098,CMP0390,MA001,PART036,2023-07-22,Corrective,oil temperature high,Temperature sensor inspection,24.8,549596,691.3,761,Resolved
MR00108,AC098,CMP0361,MA002,PART004,2023-11-26,Preventive Replacement,oil temperature high,Oil system servicing and ground run,72.2,1241983,962.7,1059,Resolved
MR00055,AC098,CMP0064,MA005,,2024-02-13,Scheduled Inspection,,Scheduled inspection and lubrication,9.3,202437,1017.6,1120,Resolved
MR00185,AC098,CMP0002,MA002,,2024-09-17,Scheduled Inspection,,Routine visual inspection and servicing,13.2,106467,1487.3,1636,Resolved
MR01315,AC098,CMP0099,MA006,,2024-09-18,Scheduled Inspection,,Scheduled inspection with ground functional test,6.6,81361,1533.0,1687,Resolved
MR01143,AC098,CMP0474,MA001,PART036,2024-12-10,Corrective,blade erosion,Replace affected blade set,88.1,2690700,1666.7,1834,Resolved
MR00615,AC098,CMP0324,MA001,PART036,2025-04-27,Preventive Replacement,,Planned replacement and post-maintenance test,61.2,805413,1990.1,2190,Resolved
MR01144,AC098,CMP0014,MA006,PART009,2025-10-19,Preventive Replacement,,Planned replacement and post-maintenance test,70.1,642861,2454.7,2701,Recurring
MR00972,AC098,CMP0556,MA002,PART027,2025-11-29,Corrective,fuel flow anomaly,Fuel nozzle inspection and test,80.6,1912481,2580.6,2839,Recurring
MR00385,AC098,CMP0380,MA001,PART013,2026-01-18,Preventive Replacement,vibration above limit,Inspect fan/compressor assembly,53.9,1881771,2827.3,3111,Recurring
MR00458,AC099,CMP0015,MA002,PART017,2022-10-24,Corrective,vibration above limit,Vibration survey and ground run,49.3,1446787,273.4,267,Resolved
MR00976,AC099,CMP0474,MA001,,2023-11-18,Scheduled Inspection,,Periodic inspection and serviceability check,9.1,117940,282.0,276,Resolved
MR01321,AC099,CMP0125,MA002,,2024-09-02,Scheduled Inspection,,Periodic inspection and serviceability check,8.1,109195,513.1,502,Resolved
MR00251,AC099,CMP0076,MA003,,2025-01-22,Scheduled Inspection,,Routine system inspection and servicing,11.0,266877,631.9,618,Resolved
MR01259,AC099,CMP0006,MA003,,2025-02-17,Scheduled Inspection,,Routine visual inspection and servicing,17.9,436026,950.6,929,Resolved
MR01037,AC099,CMP0524,MA006,PART010,2025-09-07,Preventive Replacement,high EGT,Inspect compressor condition and repeat engine run,24.0,389603,1051.4,1028,Resolved
MR01133,AC099,CMP0540,MA004,,2025-09-26,Scheduled Inspection,,Scheduled inspection and lubrication,7.8,89984,1267.1,1239,Resolved
MR00654,AC100,CMP0386,MA003,PART009,2022-04-27,Corrective,blade erosion,Replace affected blade set,79.2,3142479,276.8,251,Resolved
MR00401,AC100,CMP0435,MA004,PART018,2023-05-31,Unscheduled Removal,compressor stall,Ground run and compressor response check,133.7,6850033,431.4,391,Recurring
MR00889,AC100,CMP0550,MA003,PART022,2023-06-12,Corrective,high EGT,Borescope inspection of hot section,27.1,1353847,550.4,499,Resolved
MR00379,AC100,CMP0423,MA002,PART020,2023-09-08,Preventive Replacement,high EGT,Inspect temperature sensing circuit,65.6,1633825,900.8,817,Resolved
MR01378,AC100,CMP0550,MA003,,2023-10-04,Scheduled Inspection,,Inspection of life-limited components,14.5,440120,1081.1,981,Resolved
MR00293,AC100,CMP0580,MA003,,2023-12-15,Scheduled Inspection,high EGT,Inspect temperature sensing circuit,16.5,527400,1312.0,1190,Recurring
MR01418,AC100,CMP0212,MA002,PART011,2024-06-29,Preventive Replacement,,Replace component based on condition monitoring,47.0,953290,1445.2,1311,Resolved
MR00831,AC100,CMP0279,MA003,PART019,2024-09-26,Corrective,compressor stall,Compressor inspection followed by performance run,96.6,3071510,1486.4,1348,Resolved
MR00530,AC100,CMP0348,MA004,PART040,2024-10-18,Preventive Replacement,,Preventive replacement with operational check,81.2,1632393,1521.0,1380,Resolved
MR01481,AC100,CMP0332,MA006,PART013,2024-12-01,Corrective,vibration above limit,Vibration survey and ground run,42.7,926755,1638.1,1486,Resolved
MR01403,AC100,CMP0455,MA004,,2025-02-09,Scheduled Inspection,,Scheduled inspection with ground functional test,9.6,197581,2045.2,1855,Resolved
MR00080,AC100,CMP0078,MA001,PART037,2025-04-24,Corrective,high EGT,Inspect fuel nozzle and combustion section,14.6,291950,2218.7,2013,Resolved
MR01132,AC100,CMP0159,MA003,PART015,2025-05-30,Corrective,oil pressure drop,Check for oil leakage and pressure stability,21.7,1142819,2509.3,2276,Resolved
MR00400,AC100,CMP0574,MA004,PART022,2025-08-04,Corrective,fuel flow anomaly,Check fuel flow sensor and wiring,30.6,824439,2569.8,2331,Resolved
MR00083,AC100,CMP0396,MA001,PART039,2025-08-14,Preventive Replacement,,Planned replacement and post-maintenance test,82.8,1270665,2724.4,2472,Resolved
MR00748,AC100,CMP0027,MA002,PART019,2025-09-23,Preventive Replacement,oil pressure drop,Inspect oil filter and oil lines,53.2,934319,3077.5,2792,Resolved
MR01126,AC100,CMP0207,MA003,PART020,2026-03-05,Preventive Replacement,high EGT,Engine performance check and trend monitoring,78.7,2623510,3371.9,3059,Resolved
MR00849,AC100,CMP0208,MA006,,2026-03-10,Scheduled Inspection,,Scheduled inspection with ground functional test,12.2,106644,3456.6,3136,Resolved
MR00269,AC100,CMP0178,MA001,PART023,2026-07-27,Preventive Replacement,high EGT,Inspect fuel nozzle and combustion section,66.0,1977906,3589.7,3257,Deferred
